transport: WinUSB/libusb, output reports over the interrupt OUT endpoint
   167 ms  62 B  02 07 00 d1 24 5b 1c 40 00 71 00 07 01 68 2a 56 1a 40 00 71 00 07 03 2e 27 38 26 06 00 0a 00 07 04 c8 23 29 1f 06 00 0a 00 07 09 a1 24 4a 22 06 00 0a 00 00 ff 00 00 00 00 00 00 00 00 05
   168 ms  62 B  02 07 00 d2 24 5b 1c 40 00 71 00 07 01 63 2a 99 1a 40 00 71 00 07 03 2e 27 38 26 06 00 0a 00 07 04 c8 23 27 1f 06 00 0a 00 07 09 a1 24 4a 22 06 00 0a 00 00 ff 00 00 00 00 00 00 00 00 05
   168 ms  62 B  02 07 00 d2 24 5b 1c 40 00 71 00 07 01 5b 2a cb 1a 40 00 71 00 07 03 2e 27 38 26 06 00 0a 00 07 04 c8 23 2b 1f 06 00 0a 00 04 05 c6 2a 57 18 40 00 71 00 07 09 a1 24 4a 22 06 00 0a 00 06
   169 ms  62 B  02 07 00 d2 24 5b 1c 40 00 71 00 07 01 4e 2a f0 1a 40 00 71 00 07 03 2e 27 38 26 06 00 0a 00 07 04 c8 23 33 1f 06 00 0a 00 07 05 c6 2a 57 18 40 00 71 00 07 09 a1 24 4a 22 06 00 0a 00 06
   169 ms  62 B  02 07 00 d2 24 5b 1c 40 00 71 00 07 01 48 2a 0e 1b 40 00 71 00 07 03 2e 27 38 26 06 00 0a 00 07 04 c8 23 39 1f 06 00 0a 00 07 05 c6 2a 57 18 40 00 71 00 07 09 a1 24 4a 22 06 00 0a 00 06
   170 ms  62 B  02 07 00 d2 24 5b 1c 40 00 71 00 07 01 47 2a 23 1b 40 00 71 00 07 03 2e 27 38 26 06 00 0a 00 07 04 c8 23 3f 1f 06 00 0a 00 07 05 c6 2a 57 18 40 00 71 00 07 09 a1 24 4a 22 06 00 0a 00 06
   170 ms  62 B  02 07 00 d2 24 5b 1c 40 00 71 00 07 01 44 2a 3c 1b 40 00 71 00 07 03 2e 27 38 26 06 00 0a 00 07 04 ca 23 41 1f 06 00 0a 00 07 05 c6 2a 57 18 40 00 71 00 07 09 a1 24 4a 22 06 00 0a 00 06
   171 ms  62 B  02 07 00 d2 24 5b 1c 40 00 71 00 07 01 40 2a 54 1b 40 00 71 00 07 03 2e 27 38 26 06 00 0a 00 07 04 cf 23 3f 1f 06 00 0a 00 07 05 c6 2a 57 18 40 00 71 00 07 09 a1 24 4a 22 06 00 0a 00 06
   171 ms  62 B  02 07 00 d2 24 5f 1c 40 00 71 00 07 01 3f 2a 63 1b 40 00 71 00 07 03 2e 27 38 26 06 00 0a 00 07 04 d0 23 44 1f 06 00 0a 00 07 05 c6 2a 57 18 40 00 71 00 07 09 a1 24 4a 22 06 00 0a 00 06
   172 ms  62 B  02 07 00 d2 24 67 1c 40 00 71 00 07 01 40 2a 6d 1b 40 00 71 00 07 03 2e 27 38 26 06 00 0a 00 07 04 cf 23 4c 1f 06 00 0a 00 07 05 c6 2a 57 18 40 00 71 00 07 09 a1 24 4a 22 06 00 0a 00 06
   172 ms  62 B  02 07 00 d2 24 69 1c 40 00 71 00 07 01 40 2a 6c 1b 40 00 71 00 07 03 2e 27 38 26 06 00 0a 00 07 04 cf 23 4e 1f 06 00 0a 00 07 05 c6 2a 57 18 40 00 71 00 07 09 a1 24 4a 22 06 00 0a 00 06
   172 ms  62 B  02 07 00 d2 24 67 1c 40 00 71 00 07 01 40 2a 61 1b 40 00 71 00 07 03 2e 27 38 26 06 00 0a 00 07 04 cf 23 4c 1f 06 00 0a 00 07 05 c6 2a 57 18 40 00 71 00 07 09 a1 24 4a 22 06 00 0a 00 06
   173 ms  62 B  02 07 00 d2 24 67 1c 40 00 71 00 07 01 40 2a 5b 1b 40 00 71 00 07 03 2e 27 38 26 06 00 0a 00 07 04 cf 23 51 1f 06 00 0a 00 07 05 c6 2a 57 18 40 00 71 00 07 09 a1 24 4a 22 06 00 0a 00 06
   175 ms  62 B  02 07 00 d2 24 67 1c 40 00 71 00 07 01 40 2a 54 1b 40 00 71 00 07 03 2e 27 38 26 06 00 0a 00 07 04 cf 23 59 1f 06 00 0a 00 07 05 c6 2a 57 18 40 00 71 00 07 09 a1 24 4a 22 06 00 0a 00 06
direct mode requested: 05 1f f7 fc 12
   479 ms  64 B  05 1f f7 fc 13 00 00 00 25 00 00 00 00 00 00 00 00 00 00 00 00 00 00 00 00 00 00 00 00 00 00 00 00 00 00 00 00 00 00 00 00 00 00 00 00 00 00 00 00 00 00 00 00 00 00 00 00 00 00 00 00 00 00 00
  2783 ms  64 B  05 04 00 c5 1c b0 0d 40 00 71 00 00 ff 00 00 00 00 00 00 00 00 00 ff 00 00 00 00 00 00 00 00 00 ff 00 00 00 00 00 00 00 00 00 ff 00 00 00 00 00 00 00 00 00 ff 00 00 00 00 00 00 00 00 01 00 00
  2783 ms  64 B  05 07 00 c5 1c b0 0d 40 00 71 00 00 ff 00 00 00 00 00 00 00 00 00 ff 00 00 00 00 00 00 00 00 00 ff 00 00 00 00 00 00 00 00 00 ff 00 00 00 00 00 00 00 00 00 ff 00 00 00 00 00 00 00 00 01 00 00
           … repeated 100×
  3100 ms  64 B  05 07 00 bd 1c 7e 0d 40 00 71 00 00 ff 00 00 00 00 00 00 00 00 00 ff 00 00 00 00 00 00 00 00 00 ff 00 00 00 00 00 00 00 00 00 ff 00 00 00 00 00 00 00 00 00 ff 00 00 00 00 00 00 00 00 01 00 00
  3102 ms  64 B  05 07 00 b2 1c 32 0d 40 00 71 00 00 ff 00 00 00 00 00 00 00 00 00 ff 00 00 00 00 00 00 00 00 00 ff 00 00 00 00 00 00 00 00 00 ff 00 00 00 00 00 00 00 00 00 ff 00 00 00 00 00 00 00 00 01 00 00
  3102 ms  64 B  05 07 00 a2 1c cd 0c 40 00 71 00 00 ff 00 00 00 00 00 00 00 00 00 ff 00 00 00 00 00 00 00 00 00 ff 00 00 00 00 00 00 00 00 00 ff 00 00 00 00 00 00 00 00 00 ff 00 00 00 00 00 00 00 00 01 00 00
  3109 ms  64 B  05 07 00 9e 1c b3 0c 40 00 71 00 00 ff 00 00 00 00 00 00 00 00 00 ff 00 00 00 00 00 00 00 00 00 ff 00 00 00 00 00 00 00 00 00 ff 00 00 00 00 00 00 00 00 00 ff 00 00 00 00 00 00 00 00 01 00 00
  3110 ms  64 B  05 07 00 9e 1c b4 0c 40 00 71 00 00 ff 00 00 00 00 00 00 00 00 00 ff 00 00 00 00 00 00 00 00 00 ff 00 00 00 00 00 00 00 00 00 ff 00 00 00 00 00 00 00 00 00 ff 00 00 00 00 00 00 00 00 01 00 00
  3112 ms  64 B  05 07 00 a2 1c cd 0c 40 00 71 00 00 ff 00 00 00 00 00 00 00 00 00 ff 00 00 00 00 00 00 00 00 00 ff 00 00 00 00 00 00 00 00 00 ff 00 00 00 00 00 00 00 00 00 ff 00 00 00 00 00 00 00 00 01 00 00
           … repeated 3×
  3129 ms  64 B  05 07 00 a2 1c d0 0c 40 00 71 00 00 ff 00 00 00 00 00 00 00 00 00 ff 00 00 00 00 00 00 00 00 00 ff 00 00 00 00 00 00 00 00 00 ff 00 00 00 00 00 00 00 00 00 ff 00 00 00 00 00 00 00 00 01 00 00
  3130 ms  64 B  05 07 00 a2 1c d5 0c 40 00 71 00 00 ff 00 00 00 00 00 00 00 00 00 ff 00 00 00 00 00 00 00 00 00 ff 00 00 00 00 00 00 00 00 00 ff 00 00 00 00 00 00 00 00 00 ff 00 00 00 00 00 00 00 00 01 00 00
  3131 ms  64 B  05 07 00 a2 1c da 0c 40 00 71 00 00 ff 00 00 00 00 00 00 00 00 00 ff 00 00 00 00 00 00 00 00 00 ff 00 00 00 00 00 00 00 00 00 ff 00 00 00 00 00 00 00 00 00 ff 00 00 00 00 00 00 00 00 01 00 00
  3138 ms  64 B  05 07 00 a2 1c dc 0c 40 00 71 00 00 ff 00 00 00 00 00 00 00 00 00 ff 00 00 00 00 00 00 00 00 00 ff 00 00 00 00 00 00 00 00 00 ff 00 00 00 00 00 00 00 00 00 ff 00 00 00 00 00 00 00 00 01 00 00
  3139 ms  64 B  05 07 00 a2 1c db 0c 40 00 71 00 00 ff 00 00 00 00 00 00 00 00 00 ff 00 00 00 00 00 00 00 00 00 ff 00 00 00 00 00 00 00 00 00 ff 00 00 00 00 00 00 00 00 00 ff 00 00 00 00 00 00 00 00 01 00 00
  3140 ms  64 B  05 07 00 a2 1c da 0c 40 00 71 00 00 ff 00 00 00 00 00 00 00 00 00 ff 00 00 00 00 00 00 00 00 00 ff 00 00 00 00 00 00 00 00 00 ff 00 00 00 00 00 00 00 00 00 ff 00 00 00 00 00 00 00 00 01 00 00
  3149 ms  64 B  05 07 00 a2 1c dc 0c 40 00 71 00 00 ff 00 00 00 00 00 00 00 00 00 ff 00 00 00 00 00 00 00 00 00 ff 00 00 00 00 00 00 00 00 00 ff 00 00 00 00 00 00 00 00 00 ff 00 00 00 00 00 00 00 00 01 00 00
  3150 ms  64 B  05 07 00 a2 1c e0 0c 40 00 71 00 00 ff 00 00 00 00 00 00 00 00 00 ff 00 00 00 00 00 00 00 00 00 ff 00 00 00 00 00 00 00 00 00 ff 00 00 00 00 00 00 00 00 00 ff 00 00 00 00 00 00 00 00 01 00 00
  3151 ms  64 B  05 07 00 a2 1c e6 0c 40 00 71 00 00 ff 00 00 00 00 00 00 00 00 00 ff 00 00 00 00 00 00 00 00 00 ff 00 00 00 00 00 00 00 00 00 ff 00 00 00 00 00 00 00 00 00 ff 00 00 00 00 00 00 00 00 01 00 00
  3161 ms  64 B  05 07 00 a2 1c e8 0c 40 00 71 00 00 ff 00 00 00 00 00 00 00 00 00 ff 00 00 00 00 00 00 00 00 00 ff 00 00 00 00 00 00 00 00 00 ff 00 00 00 00 00 00 00 00 00 ff 00 00 00 00 00 00 00 00 01 00 00
           … repeated 1×
  3163 ms  64 B  05 07 00 a2 1c e6 0c 40 00 71 00 00 ff 00 00 00 00 00 00 00 00 00 ff 00 00 00 00 00 00 00 00 00 ff 00 00 00 00 00 00 00 00 00 ff 00 00 00 00 00 00 00 00 00 ff 00 00 00 00 00 00 00 00 01 00 00
  3173 ms  64 B  05 07 00 a4 1c e9 0c 40 00 71 00 00 ff 00 00 00 00 00 00 00 00 00 ff 00 00 00 00 00 00 00 00 00 ff 00 00 00 00 00 00 00 00 00 ff 00 00 00 00 00 00 00 00 00 ff 00 00 00 00 00 00 00 00 01 00 00
  3174 ms  64 B  05 07 00 a6 1c ee 0c 40 00 71 00 00 ff 00 00 00 00 00 00 00 00 00 ff 00 00 00 00 00 00 00 00 00 ff 00 00 00 00 00 00 00 00 00 ff 00 00 00 00 00 00 00 00 00 ff 00 00 00 00 00 00 00 00 01 00 00
  3175 ms  64 B  05 07 00 a9 1c f3 0c 40 00 71 00 00 ff 00 00 00 00 00 00 00 00 00 ff 00 00 00 00 00 00 00 00 00 ff 00 00 00 00 00 00 00 00 00 ff 00 00 00 00 00 00 00 00 00 ff 00 00 00 00 00 00 00 00 01 00 00
  3184 ms  64 B  05 07 00 aa 1c f5 0c 40 00 71 00 00 ff 00 00 00 00 00 00 00 00 00 ff 00 00 00 00 00 00 00 00 00 ff 00 00 00 00 00 00 00 00 00 ff 00 00 00 00 00 00 00 00 00 ff 00 00 00 00 00 00 00 00 01 00 00
  3185 ms  64 B  05 07 00 aa 1c f4 0c 40 00 71 00 00 ff 00 00 00 00 00 00 00 00 00 ff 00 00 00 00 00 00 00 00 00 ff 00 00 00 00 00 00 00 00 00 ff 00 00 00 00 00 00 00 00 00 ff 00 00 00 00 00 00 00 00 01 00 00
  3186 ms  64 B  05 07 00 a9 1c f3 0c 40 00 71 00 00 ff 00 00 00 00 00 00 00 00 00 ff 00 00 00 00 00 00 00 00 00 ff 00 00 00 00 00 00 00 00 00 ff 00 00 00 00 00 00 00 00 00 ff 00 00 00 00 00 00 00 00 01 00 00
           … repeated 3×
  3204 ms  64 B  05 07 00 a9 1c f5 0c 40 00 71 00 00 ff 00 00 00 00 00 00 00 00 00 ff 00 00 00 00 00 00 00 00 00 ff 00 00 00 00 00 00 00 00 00 ff 00 00 00 00 00 00 00 00 00 ff 00 00 00 00 00 00 00 00 01 00 00
  3205 ms  64 B  05 07 00 a9 1c f9 0c 40 00 71 00 00 ff 00 00 00 00 00 00 00 00 00 ff 00 00 00 00 00 00 00 00 00 ff 00 00 00 00 00 00 00 00 00 ff 00 00 00 00 00 00 00 00 00 ff 00 00 00 00 00 00 00 00 01 00 00
  3206 ms  64 B  05 07 00 a9 1c ff 0c 40 00 71 00 00 ff 00 00 00 00 00 00 00 00 00 ff 00 00 00 00 00 00 00 00 00 ff 00 00 00 00 00 00 00 00 00 ff 00 00 00 00 00 00 00 00 00 ff 00 00 00 00 00 00 00 00 01 00 00
  3215 ms  64 B  05 07 00 a9 1c 02 0d 40 00 71 00 00 ff 00 00 00 00 00 00 00 00 00 ff 00 00 00 00 00 00 00 00 00 ff 00 00 00 00 00 00 00 00 00 ff 00 00 00 00 00 00 00 00 00 ff 00 00 00 00 00 00 00 00 01 00 00
  3216 ms  64 B  05 07 00 a9 1c 07 0d 40 00 71 00 00 ff 00 00 00 00 00 00 00 00 00 ff 00 00 00 00 00 00 00 00 00 ff 00 00 00 00 00 00 00 00 00 ff 00 00 00 00 00 00 00 00 00 ff 00 00 00 00 00 00 00 00 01 00 00
  3217 ms  64 B  05 07 00 a9 1c 0c 0d 40 00 71 00 00 ff 00 00 00 00 00 00 00 00 00 ff 00 00 00 00 00 00 00 00 00 ff 00 00 00 00 00 00 00 00 00 ff 00 00 00 00 00 00 00 00 00 ff 00 00 00 00 00 00 00 00 01 00 00
  3228 ms  64 B  05 07 00 a7 1c 0e 0d 40 00 71 00 00 ff 00 00 00 00 00 00 00 00 00 ff 00 00 00 00 00 00 00 00 00 ff 00 00 00 00 00 00 00 00 00 ff 00 00 00 00 00 00 00 00 00 ff 00 00 00 00 00 00 00 00 01 00 00
  3229 ms  64 B  05 07 00 a5 1c 0d 0d 40 00 71 00 00 ff 00 00 00 00 00 00 00 00 00 ff 00 00 00 00 00 00 00 00 00 ff 00 00 00 00 00 00 00 00 00 ff 00 00 00 00 00 00 00 00 00 ff 00 00 00 00 00 00 00 00 01 00 00
  3230 ms  64 B  05 07 00 a2 1c 0c 0d 40 00 71 00 00 ff 00 00 00 00 00 00 00 00 00 ff 00 00 00 00 00 00 00 00 00 ff 00 00 00 00 00 00 00 00 00 ff 00 00 00 00 00 00 00 00 00 ff 00 00 00 00 00 00 00 00 01 00 00
  3240 ms  64 B  05 07 00 a1 1c 0e 0d 40 00 71 00 00 ff 00 00 00 00 00 00 00 00 00 ff 00 00 00 00 00 00 00 00 00 ff 00 00 00 00 00 00 00 00 00 ff 00 00 00 00 00 00 00 00 00 ff 00 00 00 00 00 00 00 00 01 00 00
  3241 ms  64 B  05 07 00 a1 1c 12 0d 40 00 71 00 00 ff 00 00 00 00 00 00 00 00 00 ff 00 00 00 00 00 00 00 00 00 ff 00 00 00 00 00 00 00 00 00 ff 00 00 00 00 00 00 00 00 00 ff 00 00 00 00 00 00 00 00 01 00 00
  3242 ms  64 B  05 07 00 a2 1c 18 0d 40 00 71 00 00 ff 00 00 00 00 00 00 00 00 00 ff 00 00 00 00 00 00 00 00 00 ff 00 00 00 00 00 00 00 00 00 ff 00 00 00 00 00 00 00 00 00 ff 00 00 00 00 00 00 00 00 01 00 00
  3253 ms  64 B  05 07 00 a0 1c 1a 0d 40 00 71 00 00 ff 00 00 00 00 00 00 00 00 00 ff 00 00 00 00 00 00 00 00 00 ff 00 00 00 00 00 00 00 00 00 ff 00 00 00 00 00 00 00 00 00 ff 00 00 00 00 00 00 00 00 01 00 00
  3254 ms  64 B  05 07 00 9e 1c 1a 0d 40 00 71 00 00 ff 00 00 00 00 00 00 00 00 00 ff 00 00 00 00 00 00 00 00 00 ff 00 00 00 00 00 00 00 00 00 ff 00 00 00 00 00 00 00 00 00 ff 00 00 00 00 00 00 00 00 01 00 00
  3255 ms  64 B  05 07 00 9b 1c 18 0d 40 00 71 00 00 ff 00 00 00 00 00 00 00 00 00 ff 00 00 00 00 00 00 00 00 00 ff 00 00 00 00 00 00 00 00 00 ff 00 00 00 00 00 00 00 00 00 ff 00 00 00 00 00 00 00 00 01 00 00
  3265 ms  64 B  05 07 00 9a 1c 1b 0d 40 00 71 00 04 02 3c 1f ba 1d 06 00 0a 00 00 ff 00 00 00 00 00 00 00 00 00 ff 00 00 00 00 00 00 00 00 00 ff 00 00 00 00 00 00 00 00 00 ff 00 00 00 00 00 00 00 00 02 00 00
  3266 ms  64 B  05 07 00 9a 1c 20 0d 40 00 71 00 07 02 3c 1f ba 1d 06 00 0a 00 00 ff 00 00 00 00 00 00 00 00 00 ff 00 00 00 00 00 00 00 00 00 ff 00 00 00 00 00 00 00 00 00 ff 00 00 00 00 00 00 00 00 02 00 00
  3267 ms  64 B  05 07 00 9b 1c 26 0d 40 00 71 00 07 02 3c 1f ba 1d 06 00 0a 00 00 ff 00 00 00 00 00 00 00 00 00 ff 00 00 00 00 00 00 00 00 00 ff 00 00 00 00 00 00 00 00 00 ff 00 00 00 00 00 00 00 00 02 00 00
  3278 ms  64 B  05 07 00 9b 1c 2b 0d 40 00 71 00 07 02 3c 1f ba 1d 06 00 0a 00 00 ff 00 00 00 00 00 00 00 00 00 ff 00 00 00 00 00 00 00 00 00 ff 00 00 00 00 00 00 00 00 00 ff 00 00 00 00 00 00 00 00 02 00 00
  3279 ms  64 B  05 07 00 9b 1c 2f 0d 40 00 71 00 07 02 3c 1f ba 1d 06 00 0a 00 00 ff 00 00 00 00 00 00 00 00 00 ff 00 00 00 00 00 00 00 00 00 ff 00 00 00 00 00 00 00 00 00 ff 00 00 00 00 00 00 00 00 02 00 00
  3280 ms  64 B  05 07 00 9b 1c 32 0d 40 00 71 00 07 02 3c 1f ba 1d 06 00 0a 00 00 ff 00 00 00 00 00 00 00 00 00 ff 00 00 00 00 00 00 00 00 00 ff 00 00 00 00 00 00 00 00 00 ff 00 00 00 00 00 00 00 00 02 00 00
  3289 ms  64 B  05 07 00 9b 1c 36 0d 40 00 71 00 07 02 2e 1f b7 1d 06 00 0a 00 00 ff 00 00 00 00 00 00 00 00 00 ff 00 00 00 00 00 00 00 00 00 ff 00 00 00 00 00 00 00 00 00 ff 00 00 00 00 00 00 00 00 02 00 00
  3290 ms  64 B  05 07 00 9b 1c 3a 0d 40 00 71 00 07 02 19 1f b2 1d 06 00 0a 00 00 ff 00 00 00 00 00 00 00 00 00 ff 00 00 00 00 00 00 00 00 00 ff 00 00 00 00 00 00 00 00 00 ff 00 00 00 00 00 00 00 00 02 00 00
  3291 ms  64 B  05 07 00 9b 1c 3e 0d 40 00 71 00 07 02 fc 1e ad 1d 06 00 0a 00 00 ff 00 00 00 00 00 00 00 00 00 ff 00 00 00 00 00 00 00 00 00 ff 00 00 00 00 00 00 00 00 00 ff 00 00 00 00 00 00 00 00 02 00 00
  3301 ms  64 B  05 07 00 9b 1c 40 0d 40 00 71 00 07 02 e6 1e a7 1d 06 00 0a 00 00 ff 00 00 00 00 00 00 00 00 00 ff 00 00 00 00 00 00 00 00 00 ff 00 00 00 00 00 00 00 00 00 ff 00 00 00 00 00 00 00 00 02 00 00
  3302 ms  64 B  05 07 00 9b 1c 40 0d 40 00 71 00 07 02 cf 1e 9e 1d 06 00 0a 00 00 ff 00 00 00 00 00 00 00 00 00 ff 00 00 00 00 00 00 00 00 00 ff 00 00 00 00 00 00 00 00 00 ff 00 00 00 00 00 00 00 00 02 00 00
  3303 ms  64 B  05 07 00 9b 1c 3e 0d 40 00 71 00 07 02 b6 1e 93 1d 06 00 0a 00 00 ff 00 00 00 00 00 00 00 00 00 ff 00 00 00 00 00 00 00 00 00 ff 00 00 00 00 00 00 00 00 00 ff 00 00 00 00 00 00 00 00 02 00 00
  3312 ms  64 B  05 07 00 99 1c 41 0d 40 00 71 00 07 02 a0 1e 8a 1d 06 00 0a 00 00 ff 00 00 00 00 00 00 00 00 00 ff 00 00 00 00 00 00 00 00 00 ff 00 00 00 00 00 00 00 00 00 ff 00 00 00 00 00 00 00 00 02 00 00
  3313 ms  64 B  05 07 00 97 1c 46 0d 40 00 71 00 07 02 8b 1e 82 1d 06 00 0a 00 00 ff 00 00 00 00 00 00 00 00 00 ff 00 00 00 00 00 00 00 00 00 ff 00 00 00 00 00 00 00 00 00 ff 00 00 00 00 00 00 00 00 02 00 00
  3314 ms  64 B  05 07 00 94 1c 4b 0d 40 00 71 00 07 02 77 1e 7a 1d 06 00 0a 00 00 ff 00 00 00 00 00 00 00 00 00 ff 00 00 00 00 00 00 00 00 00 ff 00 00 00 00 00 00 00 00 00 ff 00 00 00 00 00 00 00 00 02 00 00
  3323 ms  64 B  05 07 00 93 1c 4d 0d 40 00 71 00 07 02 64 1e 72 1d 06 00 0a 00 00 ff 00 00 00 00 00 00 00 00 00 ff 00 00 00 00 00 00 00 00 00 ff 00 00 00 00 00 00 00 00 00 ff 00 00 00 00 00 00 00 00 02 00 00
  3324 ms  64 B  05 07 00 93 1c 4c 0d 40 00 71 00 07 02 51 1e 6a 1d 06 00 0a 00 00 ff 00 00 00 00 00 00 00 00 00 ff 00 00 00 00 00 00 00 00 00 ff 00 00 00 00 00 00 00 00 00 ff 00 00 00 00 00 00 00 00 02 00 00
  3325 ms  64 B  05 07 00 94 1c 4b 0d 40 00 71 00 07 02 3f 1e 61 1d 06 00 0a 00 00 ff 00 00 00 00 00 00 00 00 00 ff 00 00 00 00 00 00 00 00 00 ff 00 00 00 00 00 00 00 00 00 ff 00 00 00 00 00 00 00 00 02 00 00
  3334 ms  64 B  05 07 00 92 1c 4b 0d 40 00 71 00 07 02 30 1e 5b 1d 06 00 0a 00 00 ff 00 00 00 00 00 00 00 00 00 ff 00 00 00 00 00 00 00 00 00 ff 00 00 00 00 00 00 00 00 00 ff 00 00 00 00 00 00 00 00 02 00 00
  3335 ms  64 B  05 07 00 90 1c 4b 0d 40 00 71 00 07 02 24 1e 58 1d 06 00 0a 00 00 ff 00 00 00 00 00 00 00 00 00 ff 00 00 00 00 00 00 00 00 00 ff 00 00 00 00 00 00 00 00 00 ff 00 00 00 00 00 00 00 00 02 00 00
  3336 ms  64 B  05 07 00 8d 1c 4b 0d 40 00 71 00 07 02 1b 1e 55 1d 06 00 0a 00 00 ff 00 00 00 00 00 00 00 00 00 ff 00 00 00 00 00 00 00 00 00 ff 00 00 00 00 00 00 00 00 00 ff 00 00 00 00 00 00 00 00 02 00 00
  3347 ms  64 B  05 07 00 8c 1c 4b 0d 40 00 71 00 07 02 1f 1e 56 1d 06 00 0a 00 00 ff 00 00 00 00 00 00 00 00 00 ff 00 00 00 00 00 00 00 00 00 ff 00 00 00 00 00 00 00 00 00 ff 00 00 00 00 00 00 00 00 02 00 00
  3348 ms  64 B  05 07 00 8c 1c 4b 0d 40 00 71 00 07 02 2b 1e 5a 1d 06 00 0a 00 00 ff 00 00 00 00 00 00 00 00 00 ff 00 00 00 00 00 00 00 00 00 ff 00 00 00 00 00 00 00 00 00 ff 00 00 00 00 00 00 00 00 02 00 00
  3349 ms  64 B  05 07 00 8d 1c 4b 0d 40 00 71 00 07 02 3f 1e 61 1d 06 00 0a 00 00 ff 00 00 00 00 00 00 00 00 00 ff 00 00 00 00 00 00 00 00 00 ff 00 00 00 00 00 00 00 00 00 ff 00 00 00 00 00 00 00 00 02 00 00
  3362 ms  64 B  05 07 00 8b 1c 4b 0d 40 00 71 00 07 02 51 1e 67 1d 06 00 0a 00 00 ff 00 00 00 00 00 00 00 00 00 ff 00 00 00 00 00 00 00 00 00 ff 00 00 00 00 00 00 00 00 00 ff 00 00 00 00 00 00 00 00 02 00 00
  3363 ms  64 B  05 07 00 89 1c 4b 0d 40 00 71 00 07 02 65 1e 70 1d 06 00 0a 00 00 ff 00 00 00 00 00 00 00 00 00 ff 00 00 00 00 00 00 00 00 00 ff 00 00 00 00 00 00 00 00 00 ff 00 00 00 00 00 00 00 00 02 00 00
  3364 ms  64 B  05 07 00 86 1c 4b 0d 40 00 71 00 07 02 7e 1e 7a 1d 06 00 0a 00 00 ff 00 00 00 00 00 00 00 00 00 ff 00 00 00 00 00 00 00 00 00 ff 00 00 00 00 00 00 00 00 00 ff 00 00 00 00 00 00 00 00 02 00 00
  3374 ms  64 B  05 07 00 84 1c 48 0d 40 00 71 00 07 02 82 1e 7d 1d 06 00 0a 00 00 ff 00 00 00 00 00 00 00 00 00 ff 00 00 00 00 00 00 00 00 00 ff 00 00 00 00 00 00 00 00 00 ff 00 00 00 00 00 00 00 00 02 00 00
  3375 ms  64 B  05 07 00 82 1c 43 0d 40 00 71 00 07 02 7e 1e 7d 1d 06 00 0a 00 00 ff 00 00 00 00 00 00 00 00 00 ff 00 00 00 00 00 00 00 00 00 ff 00 00 00 00 00 00 00 00 00 ff 00 00 00 00 00 00 00 00 02 00 00
  3376 ms  64 B  05 07 00 7f 1c 3e 0d 40 00 71 00 07 02 70 1e 7a 1d 06 00 0a 00 00 ff 00 00 00 00 00 00 00 00 00 ff 00 00 00 00 00 00 00 00 00 ff 00 00 00 00 00 00 00 00 00 ff 00 00 00 00 00 00 00 00 02 00 00
  3385 ms  64 B  05 07 00 7e 1c 3c 0d 40 00 71 00 07 02 69 1e 78 1d 06 00 0a 00 00 ff 00 00 00 00 00 00 00 00 00 ff 00 00 00 00 00 00 00 00 00 ff 00 00 00 00 00 00 00 00 00 ff 00 00 00 00 00 00 00 00 02 00 00
  3386 ms  64 B  05 07 00 7e 1c 3d 0d 40 00 71 00 07 02 60 1e 74 1d 06 00 0a 00 00 ff 00 00 00 00 00 00 00 00 00 ff 00 00 00 00 00 00 00 00 00 ff 00 00 00 00 00 00 00 00 00 ff 00 00 00 00 00 00 00 00 02 00 00
  3387 ms  64 B  05 07 00 7f 1c 3e 0d 40 00 71 00 07 02 54 1e 6e 1d 06 00 0a 00 00 ff 00 00 00 00 00 00 00 00 00 ff 00 00 00 00 00 00 00 00 00 ff 00 00 00 00 00 00 00 00 00 ff 00 00 00 00 00 00 00 00 02 00 00
  3397 ms  64 B  05 07 00 7d 1c 3e 0d 40 00 71 00 07 02 5a 1e 6f 1d 06 00 0a 00 00 ff 00 00 00 00 00 00 00 00 00 ff 00 00 00 00 00 00 00 00 00 ff 00 00 00 00 00 00 00 00 00 ff 00 00 00 00 00 00 00 00 02 00 00
  3398 ms  64 B  05 07 00 7a 1c 3e 0d 40 00 71 00 07 02 68 1e 73 1d 06 00 0a 00 00 ff 00 00 00 00 00 00 00 00 00 ff 00 00 00 00 00 00 00 00 00 ff 00 00 00 00 00 00 00 00 00 ff 00 00 00 00 00 00 00 00 02 00 00
  3399 ms  64 B  05 07 00 77 1c 3e 0d 40 00 71 00 07 02 7e 1e 7a 1d 06 00 0a 00 00 ff 00 00 00 00 00 00 00 00 00 ff 00 00 00 00 00 00 00 00 00 ff 00 00 00 00 00 00 00 00 00 ff 00 00 00 00 00 00 00 00 02 00 00
  3410 ms  64 B  05 07 00 76 1c 3e 0d 40 00 71 00 07 02 8e 1e 80 1d 06 00 0a 00 00 ff 00 00 00 00 00 00 00 00 00 ff 00 00 00 00 00 00 00 00 00 ff 00 00 00 00 00 00 00 00 00 ff 00 00 00 00 00 00 00 00 02 00 00
  3411 ms  64 B  05 07 00 76 1c 3e 0d 40 00 71 00 07 02 a1 1e 89 1d 06 00 0a 00 00 ff 00 00 00 00 00 00 00 00 00 ff 00 00 00 00 00 00 00 00 00 ff 00 00 00 00 00 00 00 00 00 ff 00 00 00 00 00 00 00 00 02 00 00
  3412 ms  64 B  05 07 00 77 1c 3e 0d 40 00 71 00 07 02 b6 1e 93 1d 06 00 0a 00 00 ff 00 00 00 00 00 00 00 00 00 ff 00 00 00 00 00 00 00 00 00 ff 00 00 00 00 00 00 00 00 00 ff 00 00 00 00 00 00 00 00 02 00 00
  3423 ms  64 B  05 07 00 77 1c 3e 0d 40 00 71 00 07 02 bd 1e 96 1d 06 00 0a 00 00 ff 00 00 00 00 00 00 00 00 00 ff 00 00 00 00 00 00 00 00 00 ff 00 00 00 00 00 00 00 00 00 ff 00 00 00 00 00 00 00 00 02 00 00
           … repeated 1×
  3425 ms  64 B  05 07 00 77 1c 3e 0d 40 00 71 00 07 02 b6 1e 93 1d 06 00 0a 00 00 ff 00 00 00 00 00 00 00 00 00 ff 00 00 00 00 00 00 00 00 00 ff 00 00 00 00 00 00 00 00 00 ff 00 00 00 00 00 00 00 00 02 00 00
  3436 ms  64 B  05 07 00 79 1c 3e 0d 40 00 71 00 07 02 c1 1e 96 1d 06 00 0a 00 00 ff 00 00 00 00 00 00 00 00 00 ff 00 00 00 00 00 00 00 00 00 ff 00 00 00 00 00 00 00 00 00 ff 00 00 00 00 00 00 00 00 02 00 00
  3437 ms  64 B  05 07 00 7c 1c 3e 0d 40 00 71 00 07 02 d2 1e 9b 1d 06 00 0a 00 00 ff 00 00 00 00 00 00 00 00 00 ff 00 00 00 00 00 00 00 00 00 ff 00 00 00 00 00 00 00 00 00 ff 00 00 00 00 00 00 00 00 02 00 00
  3438 ms  64 B  05 07 00 7f 1c 3e 0d 40 00 71 00 07 02 e7 1e a0 1d 06 00 0a 00 00 ff 00 00 00 00 00 00 00 00 00 ff 00 00 00 00 00 00 00 00 00 ff 00 00 00 00 00 00 00 00 00 ff 00 00 00 00 00 00 00 00 02 00 00
  3447 ms  64 B  05 07 00 80 1c 3e 0d 40 00 71 00 07 02 e6 1e 9e 1d 06 00 0a 00 00 ff 00 00 00 00 00 00 00 00 00 ff 00 00 00 00 00 00 00 00 00 ff 00 00 00 00 00 00 00 00 00 ff 00 00 00 00 00 00 00 00 02 00 00
  3448 ms  64 B  05 07 00 80 1c 3e 0d 40 00 71 00 07 02 dd 1e 9a 1d 06 00 0a 00 00 ff 00 00 00 00 00 00 00 00 00 ff 00 00 00 00 00 00 00 00 00 ff 00 00 00 00 00 00 00 00 00 ff 00 00 00 00 00 00 00 00 02 00 00
  3449 ms  64 B  05 07 00 7f 1c 3e 0d 40 00 71 00 07 02 cb 1e 93 1d 06 00 0a 00 00 ff 00 00 00 00 00 00 00 00 00 ff 00 00 00 00 00 00 00 00 00 ff 00 00 00 00 00 00 00 00 00 ff 00 00 00 00 00 00 00 00 02 00 00
  3459 ms  64 B  05 07 00 81 1c 3e 0d 40 00 71 00 07 02 be 1e 8e 1d 06 00 0a 00 00 ff 00 00 00 00 00 00 00 00 00 ff 00 00 00 00 00 00 00 00 00 ff 00 00 00 00 00 00 00 00 00 ff 00 00 00 00 00 00 00 00 02 00 00
  3460 ms  64 B  05 07 00 83 1c 3e 0d 40 00 71 00 07 02 ad 1e 8b 1d 06 00 0a 00 00 ff 00 00 00 00 00 00 00 00 00 ff 00 00 00 00 00 00 00 00 00 ff 00 00 00 00 00 00 00 00 00 ff 00 00 00 00 00 00 00 00 02 00 00
  3461 ms  64 B  05 07 00 86 1c 3e 0d 40 00 71 00 07 02 9a 1e 87 1d 06 00 0a 00 00 ff 00 00 00 00 00 00 00 00 00 ff 00 00 00 00 00 00 00 00 00 ff 00 00 00 00 00 00 00 00 00 ff 00 00 00 00 00 00 00 00 02 00 00
  3470 ms  64 B  05 07 00 88 1c 3e 0d 40 00 71 00 07 02 8a 1e 81 1d 06 00 0a 00 00 ff 00 00 00 00 00 00 00 00 00 ff 00 00 00 00 00 00 00 00 00 ff 00 00 00 00 00 00 00 00 00 ff 00 00 00 00 00 00 00 00 02 00 00
  3471 ms  64 B  05 07 00 8a 1c 3e 0d 40 00 71 00 07 02 7a 1e 78 1d 06 00 0a 00 00 ff 00 00 00 00 00 00 00 00 00 ff 00 00 00 00 00 00 00 00 00 ff 00 00 00 00 00 00 00 00 00 ff 00 00 00 00 00 00 00 00 02 00 00
  3472 ms  64 B  05 07 00 8d 1c 3e 0d 40 00 71 00 07 02 69 1e 6e 1d 06 00 0a 00 00 ff 00 00 00 00 00 00 00 00 00 ff 00 00 00 00 00 00 00 00 00 ff 00 00 00 00 00 00 00 00 00 ff 00 00 00 00 00 00 00 00 02 00 00
  3482 ms  64 B  05 07 00 8e 1c 41 0d 40 00 71 00 07 02 6a 1e 6d 1d 06 00 0a 00 00 ff 00 00 00 00 00 00 00 00 00 ff 00 00 00 00 00 00 00 00 00 ff 00 00 00 00 00 00 00 00 00 ff 00 00 00 00 00 00 00 00 02 00 00
  3483 ms  64 B  05 07 00 8e 1c 46 0d 40 00 71 00 07 02 73 1e 72 1d 06 00 0a 00 00 ff 00 00 00 00 00 00 00 00 00 ff 00 00 00 00 00 00 00 00 00 ff 00 00 00 00 00 00 00 00 00 ff 00 00 00 00 00 00 00 00 02 00 00
  3484 ms  64 B  05 07 00 8d 1c 4b 0d 40 00 71 00 07 02 85 1e 7a 1d 06 00 0a 00 00 ff 00 00 00 00 00 00 00 00 00 ff 00 00 00 00 00 00 00 00 00 ff 00 00 00 00 00 00 00 00 00 ff 00 00 00 00 00 00 00 00 02 00 00
  3495 ms  64 B  05 07 00 8d 1c 4d 0d 40 00 71 00 07 02 92 1e 80 1d 06 00 0a 00 00 ff 00 00 00 00 00 00 00 00 00 ff 00 00 00 00 00 00 00 00 00 ff 00 00 00 00 00 00 00 00 00 ff 00 00 00 00 00 00 00 00 02 00 00
  3496 ms  64 B  05 07 00 8d 1c 4c 0d 40 00 71 00 07 02 a3 1e 89 1d 06 00 0a 00 00 ff 00 00 00 00 00 00 00 00 00 ff 00 00 00 00 00 00 00 00 00 ff 00 00 00 00 00 00 00 00 00 ff 00 00 00 00 00 00 00 00 02 00 00
  3497 ms  64 B  05 07 00 8d 1c 4b 0d 40 00 71 00 07 02 b6 1e 93 1d 06 00 0a 00 00 ff 00 00 00 00 00 00 00 00 00 ff 00 00 00 00 00 00 00 00 00 ff 00 00 00 00 00 00 00 00 00 ff 00 00 00 00 00 00 00 00 02 00 00
  3507 ms  64 B  05 07 00 8f 1c 4b 0d 40 00 71 00 07 02 b7 1e 94 1d 06 00 0a 00 00 ff 00 00 00 00 00 00 00 00 00 ff 00 00 00 00 00 00 00 00 00 ff 00 00 00 00 00 00 00 00 00 ff 00 00 00 00 00 00 00 00 02 00 00
  3508 ms  64 B  05 07 00 91 1c 4b 0d 40 00 71 00 07 02 b0 1e 8f 1d 06 00 0a 00 00 ff 00 00 00 00 00 00 00 00 00 ff 00 00 00 00 00 00 00 00 00 ff 00 00 00 00 00 00 00 00 00 ff 00 00 00 00 00 00 00 00 02 00 00
  3509 ms  64 B  05 07 00 94 1c 4b 0d 40 00 71 00 07 02 a1 1e 87 1d 06 00 0a 00 00 ff 00 00 00 00 00 00 00 00 00 ff 00 00 00 00 00 00 00 00 00 ff 00 00 00 00 00 00 00 00 00 ff 00 00 00 00 00 00 00 00 02 00 00
  3518 ms  64 B  05 07 00 95 1c 4b 0d 40 00 71 00 07 02 96 1e 84 1d 06 00 0a 00 00 ff 00 00 00 00 00 00 00 00 00 ff 00 00 00 00 00 00 00 00 00 ff 00 00 00 00 00 00 00 00 00 ff 00 00 00 00 00 00 00 00 02 00 00
  3519 ms  64 B  05 07 00 95 1c 4b 0d 40 00 71 00 07 02 88 1e 7f 1d 06 00 0a 00 00 ff 00 00 00 00 00 00 00 00 00 ff 00 00 00 00 00 00 00 00 00 ff 00 00 00 00 00 00 00 00 00 ff 00 00 00 00 00 00 00 00 02 00 00
  3520 ms  64 B  05 07 00 94 1c 4b 0d 40 00 71 00 07 02 77 1e 7a 1d 06 00 0a 00 00 ff 00 00 00 00 00 00 00 00 00 ff 00 00 00 00 00 00 00 00 00 ff 00 00 00 00 00 00 00 00 00 ff 00 00 00 00 00 00 00 00 02 00 00
  3530 ms  64 B  05 07 00 94 1c 4b 0d 40 00 71 00 07 02 6b 1e 75 1d 06 00 0a 00 00 ff 00 00 00 00 00 00 00 00 00 ff 00 00 00 00 00 00 00 00 00 ff 00 00 00 00 00 00 00 00 00 ff 00 00 00 00 00 00 00 00 02 00 00
  3531 ms  64 B  05 07 00 94 1c 4b 0d 40 00 71 00 07 02 5f 1e 72 1d 06 00 0a 00 00 ff 00 00 00 00 00 00 00 00 00 ff 00 00 00 00 00 00 00 00 00 ff 00 00 00 00 00 00 00 00 00 ff 00 00 00 00 00 00 00 00 02 00 00
  3532 ms  64 B  05 07 00 94 1c 4b 0d 40 00 71 00 07 02 54 1e 6e 1d 06 00 0a 00 00 ff 00 00 00 00 00 00 00 00 00 ff 00 00 00 00 00 00 00 00 00 ff 00 00 00 00 00 00 00 00 00 ff 00 00 00 00 00 00 00 00 02 00 00
  3543 ms  64 B  05 07 00 94 1c 4b 0d 40 00 71 00 07 02 0d 1e 2c 1d 06 00 0a 00 00 ff 00 00 00 00 00 00 00 00 00 ff 00 00 00 00 00 00 00 00 00 ff 00 00 00 00 00 00 00 00 00 ff 00 00 00 00 00 00 00 00 02 00 00
  3544 ms  64 B  05 07 00 94 1c 4b 0d 40 00 71 00 07 02 a9 1d cb 1c 06 00 0a 00 00 ff 00 00 00 00 00 00 00 00 00 ff 00 00 00 00 00 00 00 00 00 ff 00 00 00 00 00 00 00 00 00 ff 00 00 00 00 00 00 00 00 02 00 00
  3545 ms  64 B  05 07 00 94 1c 4b 0d 40 00 71 00 07 02 26 1d 4c 1c 06 00 0a 00 00 ff 00 00 00 00 00 00 00 00 00 ff 00 00 00 00 00 00 00 00 00 ff 00 00 00 00 00 00 00 00 00 ff 00 00 00 00 00 00 00 00 02 00 00
  3556 ms  64 B  05 07 00 94 1c 4b 0d 40 00 71 00 07 02 ba 1c ee 1b 06 00 0a 00 00 ff 00 00 00 00 00 00 00 00 00 ff 00 00 00 00 00 00 00 00 00 ff 00 00 00 00 00 00 00 00 00 ff 00 00 00 00 00 00 00 00 02 00 00
  3557 ms  64 B  05 07 00 94 1c 4b 0d 40 00 71 00 07 02 4a 1c 92 1b 06 00 0a 00 00 ff 00 00 00 00 00 00 00 00 00 ff 00 00 00 00 00 00 00 00 00 ff 00 00 00 00 00 00 00 00 00 ff 00 00 00 00 00 00 00 00 02 00 00
  3558 ms  64 B  05 07 00 94 1c 4b 0d 40 00 71 00 07 02 d6 1b 38 1b 06 00 0a 00 00 ff 00 00 00 00 00 00 00 00 00 ff 00 00 00 00 00 00 00 00 00 ff 00 00 00 00 00 00 00 00 00 ff 00 00 00 00 00 00 00 00 02 00 00
  3568 ms  64 B  05 07 00 94 1c 4b 0d 40 00 71 00 07 02 7c 1b 11 1b 06 00 0a 00 00 ff 00 00 00 00 00 00 00 00 00 ff 00 00 00 00 00 00 00 00 00 ff 00 00 00 00 00 00 00 00 00 ff 00 00 00 00 00 00 00 00 02 00 00
  3569 ms  64 B  05 07 00 94 1c 4b 0d 40 00 71 00 07 02 2c 1b 04 1b 06 00 0a 00 00 ff 00 00 00 00 00 00 00 00 00 ff 00 00 00 00 00 00 00 00 00 ff 00 00 00 00 00 00 00 00 00 ff 00 00 00 00 00 00 00 00 02 00 00
  3570 ms  64 B  05 07 00 94 1c 4b 0d 40 00 71 00 07 02 e7 1a 12 1b 06 00 0a 00 00 ff 00 00 00 00 00 00 00 00 00 ff 00 00 00 00 00 00 00 00 00 ff 00 00 00 00 00 00 00 00 00 ff 00 00 00 00 00 00 00 00 02 00 00
  3581 ms  64 B  05 07 00 92 1c 4b 0d 40 00 71 00 07 02 cc 1a 0d 1b 06 00 0a 00 00 ff 00 00 00 00 00 00 00 00 00 ff 00 00 00 00 00 00 00 00 00 ff 00 00 00 00 00 00 00 00 00 ff 00 00 00 00 00 00 00 00 02 00 00
  3582 ms  64 B  05 07 00 90 1c 4b 0d 40 00 71 00 07 02 cc 1a 0d 1b 06 00 0a 00 00 ff 00 00 00 00 00 00 00 00 00 ff 00 00 00 00 00 00 00 00 00 ff 00 00 00 00 00 00 00 00 00 ff 00 00 00 00 00 00 00 00 02 00 00
  3583 ms  64 B  05 07 00 8d 1c 4b 0d 40 00 71 00 07 02 e7 1a 12 1b 06 00 0a 00 00 ff 00 00 00 00 00 00 00 00 00 ff 00 00 00 00 00 00 00 00 00 ff 00 00 00 00 00 00 00 00 00 ff 00 00 00 00 00 00 00 00 02 00 00
  3592 ms  64 B  05 07 00 8c 1c 4b 0d 40 00 71 00 07 02 fb 1a 28 1b 06 00 0a 00 00 ff 00 00 00 00 00 00 00 00 00 ff 00 00 00 00 00 00 00 00 00 ff 00 00 00 00 00 00 00 00 00 ff 00 00 00 00 00 00 00 00 02 00 00
  3593 ms  64 B  05 07 00 8c 1c 4b 0d 40 00 71 00 07 02 1a 1b 4a 1b 06 00 0a 00 00 ff 00 00 00 00 00 00 00 00 00 ff 00 00 00 00 00 00 00 00 00 ff 00 00 00 00 00 00 00 00 00 ff 00 00 00 00 00 00 00 00 02 00 00
  3594 ms  64 B  05 07 00 8d 1c 4b 0d 40 00 71 00 07 02 42 1b 77 1b 06 00 0a 00 00 ff 00 00 00 00 00 00 00 00 00 ff 00 00 00 00 00 00 00 00 00 ff 00 00 00 00 00 00 00 00 00 ff 00 00 00 00 00 00 00 00 02 00 00
  3605 ms  64 B  05 07 00 8d 1c 4b 0d 40 00 71 00 07 02 80 1b a3 1b 06 00 0a 00 00 ff 00 00 00 00 00 00 00 00 00 ff 00 00 00 00 00 00 00 00 00 ff 00 00 00 00 00 00 00 00 00 ff 00 00 00 00 00 00 00 00 02 00 00
  3606 ms  64 B  05 07 00 8d 1c 4b 0d 40 00 71 00 07 02 d0 1b d5 1b 06 00 0a 00 00 ff 00 00 00 00 00 00 00 00 00 ff 00 00 00 00 00 00 00 00 00 ff 00 00 00 00 00 00 00 00 00 ff 00 00 00 00 00 00 00 00 02 00 00
  3607 ms  64 B  05 07 00 8d 1c 4b 0d 40 00 71 00 07 02 30 1c 0d 1c 06 00 0a 00 00 ff 00 00 00 00 00 00 00 00 00 ff 00 00 00 00 00 00 00 00 00 ff 00 00 00 00 00 00 00 00 00 ff 00 00 00 00 00 00 00 00 02 00 00
  3616 ms  64 B  05 07 00 8d 1c 4b 0d 40 00 71 00 07 02 6d 1c 34 1c 06 00 0a 00 00 ff 00 00 00 00 00 00 00 00 00 ff 00 00 00 00 00 00 00 00 00 ff 00 00 00 00 00 00 00 00 00 ff 00 00 00 00 00 00 00 00 02 00 00
  3617 ms  64 B  05 07 00 8d 1c 4b 0d 40 00 71 00 07 02 a0 1c 55 1c 06 00 0a 00 00 ff 00 00 00 00 00 00 00 00 00 ff 00 00 00 00 00 00 00 00 00 ff 00 00 00 00 00 00 00 00 00 ff 00 00 00 00 00 00 00 00 02 00 00
  3618 ms  64 B  05 07 00 8d 1c 4b 0d 40 00 71 00 07 02 cb 1c 72 1c 06 00 0a 00 00 ff 00 00 00 00 00 00 00 00 00 ff 00 00 00 00 00 00 00 00 00 ff 00 00 00 00 00 00 00 00 00 ff 00 00 00 00 00 00 00 00 02 00 00
  3630 ms  64 B  05 07 00 8d 1c 4b 0d 40 00 71 00 07 02 06 1d 95 1c 06 00 0a 00 00 ff 00 00 00 00 00 00 00 00 00 ff 00 00 00 00 00 00 00 00 00 ff 00 00 00 00 00 00 00 00 00 ff 00 00 00 00 00 00 00 00 02 00 00
  3631 ms  64 B  05 07 00 8d 1c 4b 0d 40 00 71 00 07 02 45 1d bb 1c 06 00 0a 00 00 ff 00 00 00 00 00 00 00 00 00 ff 00 00 00 00 00 00 00 00 00 ff 00 00 00 00 00 00 00 00 00 ff 00 00 00 00 00 00 00 00 02 00 00
  3632 ms  64 B  05 07 00 8d 1c 4b 0d 40 00 71 00 07 02 89 1d e3 1c 06 00 0a 00 00 ff 00 00 00 00 00 00 00 00 00 ff 00 00 00 00 00 00 00 00 00 ff 00 00 00 00 00 00 00 00 00 ff 00 00 00 00 00 00 00 00 02 00 00
  3642 ms  64 B  05 07 00 8d 1c 4b 0d 40 00 71 00 07 02 c3 1d 03 1d 06 00 0a 00 00 ff 00 00 00 00 00 00 00 00 00 ff 00 00 00 00 00 00 00 00 00 ff 00 00 00 00 00 00 00 00 00 ff 00 00 00 00 00 00 00 00 02 00 00
  3643 ms  64 B  05 07 00 8d 1c 4b 0d 40 00 71 00 07 02 fb 1d 21 1d 06 00 0a 00 00 ff 00 00 00 00 00 00 00 00 00 ff 00 00 00 00 00 00 00 00 00 ff 00 00 00 00 00 00 00 00 00 ff 00 00 00 00 00 00 00 00 02 00 00
  3644 ms  64 B  05 07 00 8d 1c 4b 0d 40 00 71 00 07 02 30 1e 3b 1d 06 00 0a 00 00 ff 00 00 00 00 00 00 00 00 00 ff 00 00 00 00 00 00 00 00 00 ff 00 00 00 00 00 00 00 00 00 ff 00 00 00 00 00 00 00 00 02 00 00
  3654 ms  64 B  05 07 00 8d 1c 4b 0d 40 00 71 00 07 02 50 1e 51 1d 06 00 0a 00 00 ff 00 00 00 00 00 00 00 00 00 ff 00 00 00 00 00 00 00 00 00 ff 00 00 00 00 00 00 00 00 00 ff 00 00 00 00 00 00 00 00 02 00 00
  3655 ms  64 B  05 07 00 8d 1c 4b 0d 40 00 71 00 07 02 63 1e 61 1d 06 00 0a 00 00 ff 00 00 00 00 00 00 00 00 00 ff 00 00 00 00 00 00 00 00 00 ff 00 00 00 00 00 00 00 00 00 ff 00 00 00 00 00 00 00 00 02 00 00
  3656 ms  64 B  05 07 00 8d 1c 4b 0d 40 00 71 00 07 02 69 1e 6e 1d 06 00 0a 00 00 ff 00 00 00 00 00 00 00 00 00 ff 00 00 00 00 00 00 00 00 00 ff 00 00 00 00 00 00 00 00 00 ff 00 00 00 00 00 00 00 00 02 00 00
  3666 ms  64 B  05 07 00 8d 1c 4b 0d 40 00 71 00 07 02 83 1e 7f 1d 06 00 0a 00 00 ff 00 00 00 00 00 00 00 00 00 ff 00 00 00 00 00 00 00 00 00 ff 00 00 00 00 00 00 00 00 00 ff 00 00 00 00 00 00 00 00 02 00 00
  3667 ms  64 B  05 07 00 8d 1c 4b 0d 40 00 71 00 07 02 a1 1e 8f 1d 06 00 0a 00 00 ff 00 00 00 00 00 00 00 00 00 ff 00 00 00 00 00 00 00 00 00 ff 00 00 00 00 00 00 00 00 00 ff 00 00 00 00 00 00 00 00 02 00 00
  3668 ms  64 B  05 07 00 8d 1c 4b 0d 40 00 71 00 07 02 c4 1e a0 1d 06 00 0a 00 00 ff 00 00 00 00 00 00 00 00 00 ff 00 00 00 00 00 00 00 00 00 ff 00 00 00 00 00 00 00 00 00 ff 00 00 00 00 00 00 00 00 02 00 00
  3680 ms  64 B  05 07 00 8d 1c 4b 0d 40 00 71 00 07 02 92 1e 69 1d 06 00 0a 00 00 ff 00 00 00 00 00 00 00 00 00 ff 00 00 00 00 00 00 00 00 00 ff 00 00 00 00 00 00 00 00 00 ff 00 00 00 00 00 00 00 00 02 00 00
  3681 ms  64 B  05 07 00 8d 1c 4b 0d 40 00 71 00 07 02 37 1e 0d 1d 06 00 0a 00 00 ff 00 00 00 00 00 00 00 00 00 ff 00 00 00 00 00 00 00 00 00 ff 00 00 00 00 00 00 00 00 00 ff 00 00 00 00 00 00 00 00 02 00 00
  3682 ms  64 B  05 07 00 8d 1c 4b 0d 40 00 71 00 07 02 b3 1d 8c 1c 06 00 0a 00 00 ff 00 00 00 00 00 00 00 00 00 ff 00 00 00 00 00 00 00 00 00 ff 00 00 00 00 00 00 00 00 00 ff 00 00 00 00 00 00 00 00 02 00 00
  3692 ms  64 B  05 07 00 8d 1c 4b 0d 40 00 71 00 04 01 f5 1a c7 1a 06 00 0a 00 07 02 94 1d 6d 1c 06 00 0a 00 00 ff 00 00 00 00 00 00 00 00 00 ff 00 00 00 00 00 00 00 00 00 ff 00 00 00 00 00 00 00 00 03 00 00
  3693 ms  64 B  05 07 00 8d 1c 4b 0d 40 00 71 00 07 01 f5 1a c7 1a 06 00 0a 00 07 02 95 1d 6d 1c 06 00 0a 00 00 ff 00 00 00 00 00 00 00 00 00 ff 00 00 00 00 00 00 00 00 00 ff 00 00 00 00 00 00 00 00 03 00 00
  3695 ms  64 B  05 07 00 8d 1c 4b 0d 40 00 71 00 07 01 f5 1a c7 1a 06 00 0a 00 07 02 b3 1d 8c 1c 06 00 0a 00 00 ff 00 00 00 00 00 00 00 00 00 ff 00 00 00 00 00 00 00 00 00 ff 00 00 00 00 00 00 00 00 03 00 00
  3705 ms  64 B  05 07 00 8d 1c 4b 0d 40 00 71 00 07 01 54 1b 11 1b 06 00 0a 00 07 02 6d 1d 54 1c 06 00 0a 00 00 ff 00 00 00 00 00 00 00 00 00 ff 00 00 00 00 00 00 00 00 00 ff 00 00 00 00 00 00 00 00 03 00 00
  3706 ms  64 B  05 07 00 8d 1c 4b 0d 40 00 71 00 07 01 b6 1b 58 1b 06 00 0a 00 07 02 04 1d 00 1c 06 00 0a 00 00 ff 00 00 00 00 00 00 00 00 00 ff 00 00 00 00 00 00 00 00 00 ff 00 00 00 00 00 00 00 00 03 00 00
  3707 ms  64 B  05 07 00 8d 1c 4b 0d 40 00 71 00 07 01 1b 1c 9c 1b 06 00 0a 00 07 02 77 1c 90 1b 06 00 0a 00 00 ff 00 00 00 00 00 00 00 00 00 ff 00 00 00 00 00 00 00 00 00 ff 00 00 00 00 00 00 00 00 03 00 00
  3716 ms  64 B  05 07 00 8d 1c 4b 0d 40 00 71 00 07 01 3c 1c b4 1b 06 00 0a 00 07 02 58 1c 7c 1b 06 00 0a 00 00 ff 00 00 00 00 00 00 00 00 00 ff 00 00 00 00 00 00 00 00 00 ff 00 00 00 00 00 00 00 00 03 00 00
  3717 ms  64 B  05 07 00 8d 1c 4b 0d 40 00 71 00 07 01 3c 1c b4 1b 06 00 0a 00 07 02 60 1c 89 1b 06 00 0a 00 00 ff 00 00 00 00 00 00 00 00 00 ff 00 00 00 00 00 00 00 00 00 ff 00 00 00 00 00 00 00 00 03 00 00
  3718 ms  64 B  05 07 00 8d 1c 4b 0d 40 00 71 00 07 01 1b 1c 9c 1b 06 00 0a 00 07 02 8c 1c b6 1b 06 00 0a 00 00 ff 00 00 00 00 00 00 00 00 00 ff 00 00 00 00 00 00 00 00 00 ff 00 00 00 00 00 00 00 00 03 00 00
  3728 ms  64 B  05 07 00 8d 1c 4b 0d 40 00 71 00 07 01 1b 1c 9c 1b 06 00 0a 00 07 02 b1 1c d6 1b 06 00 0a 00 00 ff 00 00 00 00 00 00 00 00 00 ff 00 00 00 00 00 00 00 00 00 ff 00 00 00 00 00 00 00 00 03 00 00
  3729 ms  64 B  05 07 00 8d 1c 4b 0d 40 00 71 00 07 01 1b 1c 9c 1b 06 00 0a 00 07 02 e4 1c 00 1c 06 00 0a 00 00 ff 00 00 00 00 00 00 00 00 00 ff 00 00 00 00 00 00 00 00 00 ff 00 00 00 00 00 00 00 00 03 00 00
  3730 ms  64 B  05 07 00 8d 1c 4b 0d 40 00 71 00 07 01 1b 1c 9c 1b 06 00 0a 00 07 02 26 1d 34 1c 06 00 0a 00 00 ff 00 00 00 00 00 00 00 00 00 ff 00 00 00 00 00 00 00 00 00 ff 00 00 00 00 00 00 00 00 03 00 00
  3741 ms  64 B  05 07 00 8b 1c 4b 0d 40 00 71 00 04 01 1b 1c 9c 1b 06 00 0a 00 07 02 0f 1d 1e 1c 06 00 0a 00 00 ff 00 00 00 00 00 00 00 00 00 ff 00 00 00 00 00 00 00 00 00 ff 00 00 00 00 00 00 00 00 03 00 00
  3742 ms  64 B  05 07 00 89 1c 4b 0d 40 00 71 00 07 02 d2 1c e7 1b 06 00 0a 00 00 ff 00 00 00 00 00 00 00 00 00 ff 00 00 00 00 00 00 00 00 00 ff 00 00 00 00 00 00 00 00 00 ff 00 00 00 00 00 00 00 00 02 00 00
  3743 ms  64 B  05 07 00 86 1c 4b 0d 40 00 71 00 07 02 70 1c 90 1b 06 00 0a 00 00 ff 00 00 00 00 00 00 00 00 00 ff 00 00 00 00 00 00 00 00 00 ff 00 00 00 00 00 00 00 00 00 ff 00 00 00 00 00 00 00 00 02 00 00
  3753 ms  64 B  05 07 00 85 1c 4b 0d 40 00 71 00 07 02 5b 1c 7d 1b 06 00 0a 00 00 ff 00 00 00 00 00 00 00 00 00 ff 00 00 00 00 00 00 00 00 00 ff 00 00 00 00 00 00 00 00 00 ff 00 00 00 00 00 00 00 00 02 00 00
           … repeated 1×
  3755 ms  64 B  05 07 00 86 1c 4b 0d 40 00 71 00 07 02 70 1c 90 1b 06 00 0a 00 00 ff 00 00 00 00 00 00 00 00 00 ff 00 00 00 00 00 00 00 00 00 ff 00 00 00 00 00 00 00 00 00 ff 00 00 00 00 00 00 00 00 02 00 00
  3766 ms  64 B  05 07 00 86 1c 4b 0d 40 00 71 00 07 02 3b 1c 69 1b 06 00 0a 00 00 ff 00 00 00 00 00 00 00 00 00 ff 00 00 00 00 00 00 00 00 00 ff 00 00 00 00 00 00 00 00 00 ff 00 00 00 00 00 00 00 00 02 00 00
  3767 ms  64 B  05 07 00 86 1c 4b 0d 40 00 71 00 07 02 ec 1b 2e 1b 06 00 0a 00 00 ff 00 00 00 00 00 00 00 00 00 ff 00 00 00 00 00 00 00 00 00 ff 00 00 00 00 00 00 00 00 00 ff 00 00 00 00 00 00 00 00 02 00 00
  3768 ms  64 B  05 07 00 86 1c 4b 0d 40 00 71 00 07 02 82 1b e0 1a 06 00 0a 00 00 ff 00 00 00 00 00 00 00 00 00 ff 00 00 00 00 00 00 00 00 00 ff 00 00 00 00 00 00 00 00 00 ff 00 00 00 00 00 00 00 00 02 00 00
  3778 ms  64 B  05 07 00 84 1c 48 0d 40 00 71 00 07 02 3c 1b ad 1a 06 00 0a 00 00 ff 00 00 00 00 00 00 00 00 00 ff 00 00 00 00 00 00 00 00 00 ff 00 00 00 00 00 00 00 00 00 ff 00 00 00 00 00 00 00 00 02 00 00
  3779 ms  64 B  05 07 00 82 1c 43 0d 40 00 71 00 07 02 fa 1a 7f 1a 06 00 0a 00 00 ff 00 00 00 00 00 00 00 00 00 ff 00 00 00 00 00 00 00 00 00 ff 00 00 00 00 00 00 00 00 00 ff 00 00 00 00 00 00 00 00 02 00 00
  3780 ms  64 B  05 07 00 7f 1c 3e 0d 40 00 71 00 07 02 bd 1a 56 1a 06 00 0a 00 00 ff 00 00 00 00 00 00 00 00 00 ff 00 00 00 00 00 00 00 00 00 ff 00 00 00 00 00 00 00 00 00 ff 00 00 00 00 00 00 00 00 02 00 00
  3790 ms  64 B  05 07 00 7e 1c 3c 0d 40 00 71 00 04 01 3c 1f ba 1d 06 00 0a 00 07 02 88 1a 33 1a 06 00 0a 00 00 ff 00 00 00 00 00 00 00 00 00 ff 00 00 00 00 00 00 00 00 00 ff 00 00 00 00 00 00 00 00 03 00 00
  3791 ms  64 B  05 07 00 7e 1c 3d 0d 40 00 71 00 07 01 3c 1f ba 1d 06 00 0a 00 07 02 5a 1a 16 1a 06 00 0a 00 00 ff 00 00 00 00 00 00 00 00 00 ff 00 00 00 00 00 00 00 00 00 ff 00 00 00 00 00 00 00 00 03 00 00
  3792 ms  64 B  05 07 00 7f 1c 3e 0d 40 00 71 00 07 01 3c 1f ba 1d 06 00 0a 00 07 02 31 1a fd 19 06 00 0a 00 00 ff 00 00 00 00 00 00 00 00 00 ff 00 00 00 00 00 00 00 00 00 ff 00 00 00 00 00 00 00 00 03 00 00
  3804 ms  64 B  05 07 00 7f 1c 3e 0d 40 00 71 00 07 01 3c 1f ba 1d 06 00 0a 00 07 02 0c 1a db 19 06 00 0a 00 00 ff 00 00 00 00 00 00 00 00 00 ff 00 00 00 00 00 00 00 00 00 ff 00 00 00 00 00 00 00 00 03 00 00
  3806 ms  64 B  05 07 00 7f 1c 3e 0d 40 00 71 00 07 01 3c 1f ba 1d 06 00 0a 00 07 02 eb 19 b5 19 06 00 0a 00 00 ff 00 00 00 00 00 00 00 00 00 ff 00 00 00 00 00 00 00 00 00 ff 00 00 00 00 00 00 00 00 03 00 00
  3806 ms  64 B  05 07 00 7f 1c 3e 0d 40 00 71 00 07 01 3c 1f ba 1d 06 00 0a 00 07 02 cf 19 8c 19 06 00 0a 00 00 ff 00 00 00 00 00 00 00 00 00 ff 00 00 00 00 00 00 00 00 00 ff 00 00 00 00 00 00 00 00 03 00 00
  3819 ms  64 B  05 07 00 7f 1c 3e 0d 40 00 71 00 07 01 3c 1f ba 1d 06 00 0a 00 07 02 b6 19 69 19 06 00 0a 00 00 ff 00 00 00 00 00 00 00 00 00 ff 00 00 00 00 00 00 00 00 00 ff 00 00 00 00 00 00 00 00 03 00 00
  3819 ms  64 B  05 07 00 7f 1c 3e 0d 40 00 71 00 07 01 3c 1f ba 1d 06 00 0a 00 07 02 a1 19 48 19 06 00 0a 00 00 ff 00 00 00 00 00 00 00 00 00 ff 00 00 00 00 00 00 00 00 00 ff 00 00 00 00 00 00 00 00 03 00 00
  3820 ms  64 B  05 07 00 7f 1c 3e 0d 40 00 71 00 07 01 3c 1f ba 1d 06 00 0a 00 07 02 8f 19 28 19 06 00 0a 00 00 ff 00 00 00 00 00 00 00 00 00 ff 00 00 00 00 00 00 00 00 00 ff 00 00 00 00 00 00 00 00 03 00 00
  3832 ms  64 B  05 07 00 7f 1c 3e 0d 40 00 71 00 04 01 3c 1f ba 1d 06 00 0a 00 07 02 ba 19 49 19 06 00 0a 00 00 ff 00 00 00 00 00 00 00 00 00 ff 00 00 00 00 00 00 00 00 00 ff 00 00 00 00 00 00 00 00 03 00 00
  3832 ms  64 B  05 07 00 7f 1c 3e 0d 40 00 71 00 07 02 05 1a 8d 19 06 00 0a 00 00 ff 00 00 00 00 00 00 00 00 00 ff 00 00 00 00 00 00 00 00 00 ff 00 00 00 00 00 00 00 00 00 ff 00 00 00 00 00 00 00 00 02 00 00
  3833 ms  64 B  05 07 00 7f 1c 3e 0d 40 00 71 00 07 02 6f 1a f1 19 06 00 0a 00 00 ff 00 00 00 00 00 00 00 00 00 ff 00 00 00 00 00 00 00 00 00 ff 00 00 00 00 00 00 00 00 00 ff 00 00 00 00 00 00 00 00 02 00 00
  3843 ms  64 B  05 07 00 7f 1c 3e 0d 40 00 71 00 07 02 d5 1a 44 1a 06 00 0a 00 00 ff 00 00 00 00 00 00 00 00 00 ff 00 00 00 00 00 00 00 00 00 ff 00 00 00 00 00 00 00 00 00 ff 00 00 00 00 00 00 00 00 02 00 00
  3844 ms  64 B  05 07 00 7f 1c 3e 0d 40 00 71 00 07 02 4a 1b a0 1a 06 00 0a 00 00 ff 00 00 00 00 00 00 00 00 00 ff 00 00 00 00 00 00 00 00 00 ff 00 00 00 00 00 00 00 00 00 ff 00 00 00 00 00 00 00 00 02 00 00
  3845 ms  64 B  05 07 00 7f 1c 3e 0d 40 00 71 00 07 02 cf 1b 06 1b 06 00 0a 00 00 ff 00 00 00 00 00 00 00 00 00 ff 00 00 00 00 00 00 00 00 00 ff 00 00 00 00 00 00 00 00 00 ff 00 00 00 00 00 00 00 00 02 00 00
  3856 ms  64 B  05 07 00 7f 1c 3e 0d 40 00 71 00 07 02 2c 1c 57 1b 06 00 0a 00 00 ff 00 00 00 00 00 00 00 00 00 ff 00 00 00 00 00 00 00 00 00 ff 00 00 00 00 00 00 00 00 00 ff 00 00 00 00 00 00 00 00 02 00 00
  3857 ms  64 B  05 07 00 7f 1c 3e 0d 40 00 71 00 07 02 7e 1c a3 1b 06 00 0a 00 00 ff 00 00 00 00 00 00 00 00 00 ff 00 00 00 00 00 00 00 00 00 ff 00 00 00 00 00 00 00 00 00 ff 00 00 00 00 00 00 00 00 02 00 00
  3858 ms  64 B  05 07 00 7f 1c 3e 0d 40 00 71 00 07 02 c4 1c e8 1b 06 00 0a 00 00 ff 00 00 00 00 00 00 00 00 00 ff 00 00 00 00 00 00 00 00 00 ff 00 00 00 00 00 00 00 00 00 ff 00 00 00 00 00 00 00 00 02 00 00
  3869 ms  64 B  05 07 00 7f 1c 3e 0d 40 00 71 00 07 02 14 1d 2e 1c 06 00 0a 00 00 ff 00 00 00 00 00 00 00 00 00 ff 00 00 00 00 00 00 00 00 00 ff 00 00 00 00 00 00 00 00 00 ff 00 00 00 00 00 00 00 00 02 00 00
  3869 ms  64 B  05 07 00 7f 1c 3e 0d 40 00 71 00 07 02 64 1d 71 1c 06 00 0a 00 00 ff 00 00 00 00 00 00 00 00 00 ff 00 00 00 00 00 00 00 00 00 ff 00 00 00 00 00 00 00 00 00 ff 00 00 00 00 00 00 00 00 02 00 00
  3870 ms  64 B  05 07 00 7f 1c 3e 0d 40 00 71 00 07 02 b3 1d b1 1c 06 00 0a 00 00 ff 00 00 00 00 00 00 00 00 00 ff 00 00 00 00 00 00 00 00 00 ff 00 00 00 00 00 00 00 00 00 ff 00 00 00 00 00 00 00 00 02 00 00
  3881 ms  64 B  05 07 00 7f 1c 3e 0d 40 00 71 00 07 02 f9 1d e6 1c 06 00 0a 00 00 ff 00 00 00 00 00 00 00 00 00 ff 00 00 00 00 00 00 00 00 00 ff 00 00 00 00 00 00 00 00 00 ff 00 00 00 00 00 00 00 00 02 00 00
  3882 ms  64 B  05 07 00 7f 1c 3e 0d 40 00 71 00 07 02 3b 1e 14 1d 06 00 0a 00 00 ff 00 00 00 00 00 00 00 00 00 ff 00 00 00 00 00 00 00 00 00 ff 00 00 00 00 00 00 00 00 00 ff 00 00 00 00 00 00 00 00 02 00 00
  3883 ms  64 B  05 07 00 7f 1c 3e 0d 40 00 71 00 07 02 77 1e 3b 1d 06 00 0a 00 00 ff 00 00 00 00 00 00 00 00 00 ff 00 00 00 00 00 00 00 00 00 ff 00 00 00 00 00 00 00 00 00 ff 00 00 00 00 00 00 00 00 02 00 00
  3895 ms  64 B  05 07 00 7f 1c 3e 0d 40 00 71 00 07 02 8d 1e 4b 1d 06 00 0a 00 00 ff 00 00 00 00 00 00 00 00 00 ff 00 00 00 00 00 00 00 00 00 ff 00 00 00 00 00 00 00 00 00 ff 00 00 00 00 00 00 00 00 02 00 00
           … repeated 1×
  3896 ms  64 B  05 07 00 7f 1c 3e 0d 40 00 71 00 07 02 77 1e 3b 1d 06 00 0a 00 00 ff 00 00 00 00 00 00 00 00 00 ff 00 00 00 00 00 00 00 00 00 ff 00 00 00 00 00 00 00 00 00 ff 00 00 00 00 00 00 00 00 02 00 00
  3907 ms  64 B  05 07 00 7d 1c 3e 0d 40 00 71 00 07 02 88 1e 4f 1d 06 00 0a 00 00 ff 00 00 00 00 00 00 00 00 00 ff 00 00 00 00 00 00 00 00 00 ff 00 00 00 00 00 00 00 00 00 ff 00 00 00 00 00 00 00 00 02 00 00
  3908 ms  64 B  05 07 00 7a 1c 3e 0d 40 00 71 00 07 02 a1 1e 6c 1d 06 00 0a 00 00 ff 00 00 00 00 00 00 00 00 00 ff 00 00 00 00 00 00 00 00 00 ff 00 00 00 00 00 00 00 00 00 ff 00 00 00 00 00 00 00 00 02 00 00
  3909 ms  64 B  05 07 00 77 1c 3e 0d 40 00 71 00 07 02 c4 1e 93 1d 06 00 0a 00 00 ff 00 00 00 00 00 00 00 00 00 ff 00 00 00 00 00 00 00 00 00 ff 00 00 00 00 00 00 00 00 00 ff 00 00 00 00 00 00 00 00 02 00 00
  3919 ms  64 B  05 07 00 76 1c 3e 0d 40 00 71 00 07 02 d3 1e a9 1d 06 00 0a 00 00 ff 00 00 00 00 00 00 00 00 00 ff 00 00 00 00 00 00 00 00 00 ff 00 00 00 00 00 00 00 00 00 ff 00 00 00 00 00 00 00 00 02 00 00
  3920 ms  64 B  05 07 00 76 1c 3e 0d 40 00 71 00 07 02 dc 1e b9 1d 06 00 0a 00 00 ff 00 00 00 00 00 00 00 00 00 ff 00 00 00 00 00 00 00 00 00 ff 00 00 00 00 00 00 00 00 00 ff 00 00 00 00 00 00 00 00 02 00 00
  3921 ms  64 B  05 07 00 77 1c 3e 0d 40 00 71 00 07 02 e0 1e c6 1d 06 00 0a 00 00 ff 00 00 00 00 00 00 00 00 00 ff 00 00 00 00 00 00 00 00 00 ff 00 00 00 00 00 00 00 00 00 ff 00 00 00 00 00 00 00 00 02 00 00
  3933 ms  64 B  05 07 00 77 1c 3e 0d 40 00 71 00 07 02 e6 1e ff 1d 06 00 0a 00 00 ff 00 00 00 00 00 00 00 00 00 ff 00 00 00 00 00 00 00 00 00 ff 00 00 00 00 00 00 00 00 00 ff 00 00 00 00 00 00 00 00 02 00 00
  3934 ms  64 B  05 07 00 77 1c 3e 0d 40 00 71 00 07 02 e7 1e 50 1e 06 00 0a 00 00 ff 00 00 00 00 00 00 00 00 00 ff 00 00 00 00 00 00 00 00 00 ff 00 00 00 00 00 00 00 00 00 ff 00 00 00 00 00 00 00 00 02 00 00
  3946 ms  64 B  05 07 00 77 1c 3e 0d 40 00 71 00 07 02 e5 1e 65 1e 06 00 0a 00 00 ff 00 00 00 00 00 00 00 00 00 ff 00 00 00 00 00 00 00 00 00 ff 00 00 00 00 00 00 00 00 00 ff 00 00 00 00 00 00 00 00 02 00 00
  3947 ms  64 B  05 07 00 77 1c 3e 0d 40 00 71 00 07 02 e0 1e 6e 1e 06 00 0a 00 00 ff 00 00 00 00 00 00 00 00 00 ff 00 00 00 00 00 00 00 00 00 ff 00 00 00 00 00 00 00 00 00 ff 00 00 00 00 00 00 00 00 02 00 00
  3948 ms  64 B  05 07 00 77 1c 3e 0d 40 00 71 00 07 02 d9 1e 69 1e 06 00 0a 00 00 ff 00 00 00 00 00 00 00 00 00 ff 00 00 00 00 00 00 00 00 00 ff 00 00 00 00 00 00 00 00 00 ff 00 00 00 00 00 00 00 00 02 00 00
  3957 ms  64 B  05 07 00 77 1c 3e 0d 40 00 71 00 07 02 d2 1e 66 1e 06 00 0a 00 00 ff 00 00 00 00 00 00 00 00 00 ff 00 00 00 00 00 00 00 00 00 ff 00 00 00 00 00 00 00 00 00 ff 00 00 00 00 00 00 00 00 02 00 00
  3958 ms  64 B  05 07 00 77 1c 3e 0d 40 00 71 00 07 02 c9 1e 5e 1e 06 00 0a 00 00 ff 00 00 00 00 00 00 00 00 00 ff 00 00 00 00 00 00 00 00 00 ff 00 00 00 00 00 00 00 00 00 ff 00 00 00 00 00 00 00 00 02 00 00
  3959 ms  64 B  05 07 00 77 1c 3e 0d 40 00 71 00 07 02 bd 1e 50 1e 06 00 0a 00 00 ff 00 00 00 00 00 00 00 00 00 ff 00 00 00 00 00 00 00 00 00 ff 00 00 00 00 00 00 00 00 00 ff 00 00 00 00 00 00 00 00 02 00 00
  3970 ms  64 B  05 07 00 77 1c 3e 0d 40 00 71 00 07 02 c6 1e 44 1e 06 00 0a 00 00 ff 00 00 00 00 00 00 00 00 00 ff 00 00 00 00 00 00 00 00 00 ff 00 00 00 00 00 00 00 00 00 ff 00 00 00 00 00 00 00 00 02 00 00
  3971 ms  64 B  05 07 00 77 1c 3e 0d 40 00 71 00 07 02 e0 1e 37 1e 06 00 0a 00 00 ff 00 00 00 00 00 00 00 00 00 ff 00 00 00 00 00 00 00 00 00 ff 00 00 00 00 00 00 00 00 00 ff 00 00 00 00 00 00 00 00 02 00 00
  3982 ms  64 B  05 07 00 77 1c 3c 0d 40 00 71 00 07 02 e0 1e 2d 1e 06 00 0a 00 00 ff 00 00 00 00 00 00 00 00 00 ff 00 00 00 00 00 00 00 00 00 ff 00 00 00 00 00 00 00 00 00 ff 00 00 00 00 00 00 00 00 02 00 00
  3983 ms  64 B  05 07 00 77 1c 38 0d 40 00 71 00 07 02 d9 1e 20 1e 06 00 0a 00 00 ff 00 00 00 00 00 00 00 00 00 ff 00 00 00 00 00 00 00 00 00 ff 00 00 00 00 00 00 00 00 00 ff 00 00 00 00 00 00 00 00 02 00 00
  3984 ms  64 B  05 07 00 77 1c 32 0d 40 00 71 00 07 02 cb 1e 11 1e 06 00 0a 00 00 ff 00 00 00 00 00 00 00 00 00 ff 00 00 00 00 00 00 00 00 00 ff 00 00 00 00 00 00 00 00 00 ff 00 00 00 00 00 00 00 00 02 00 00
  3994 ms  64 B  05 07 00 77 1c 30 0d 40 00 71 00 07 02 c2 1e 05 1e 06 00 0a 00 00 ff 00 00 00 00 00 00 00 00 00 ff 00 00 00 00 00 00 00 00 00 ff 00 00 00 00 00 00 00 00 00 ff 00 00 00 00 00 00 00 00 02 00 00
  3995 ms  64 B  05 07 00 77 1c 30 0d 40 00 71 00 07 02 b6 1e f8 1d 06 00 0a 00 00 ff 00 00 00 00 00 00 00 00 00 ff 00 00 00 00 00 00 00 00 00 ff 00 00 00 00 00 00 00 00 00 ff 00 00 00 00 00 00 00 00 02 00 00
  3996 ms  64 B  05 07 00 77 1c 32 0d 40 00 71 00 07 02 a8 1e eb 1d 06 00 0a 00 00 ff 00 00 00 00 00 00 00 00 00 ff 00 00 00 00 00 00 00 00 00 ff 00 00 00 00 00 00 00 00 00 ff 00 00 00 00 00 00 00 00 02 00 00
  4007 ms  64 B  05 07 00 77 1c 32 0d 40 00 71 00 07 02 a8 1e e1 1d 06 00 0a 00 00 ff 00 00 00 00 00 00 00 00 00 ff 00 00 00 00 00 00 00 00 00 ff 00 00 00 00 00 00 00 00 00 ff 00 00 00 00 00 00 00 00 02 00 00
  4008 ms  64 B  05 07 00 77 1c 32 0d 40 00 71 00 07 02 af 1e d9 1d 06 00 0a 00 00 ff 00 00 00 00 00 00 00 00 00 ff 00 00 00 00 00 00 00 00 00 ff 00 00 00 00 00 00 00 00 00 ff 00 00 00 00 00 00 00 00 02 00 00
  4009 ms  64 B  05 07 00 77 1c 32 0d 40 00 71 00 07 02 bd 1e d2 1d 06 00 0a 00 00 ff 00 00 00 00 00 00 00 00 00 ff 00 00 00 00 00 00 00 00 00 ff 00 00 00 00 00 00 00 00 00 ff 00 00 00 00 00 00 00 00 02 00 00
  4019 ms  64 B  05 07 00 77 1c 32 0d 40 00 71 00 07 02 c8 1e cf 1d 06 00 0a 00 00 ff 00 00 00 00 00 00 00 00 00 ff 00 00 00 00 00 00 00 00 00 ff 00 00 00 00 00 00 00 00 00 ff 00 00 00 00 00 00 00 00 02 00 00
  4020 ms  64 B  05 07 00 77 1c 32 0d 40 00 71 00 07 02 d6 1e cf 1d 06 00 0a 00 00 ff 00 00 00 00 00 00 00 00 00 ff 00 00 00 00 00 00 00 00 00 ff 00 00 00 00 00 00 00 00 00 ff 00 00 00 00 00 00 00 00 02 00 00
  4021 ms  64 B  05 07 00 77 1c 32 0d 40 00 71 00 07 02 e7 1e d2 1d 06 00 0a 00 00 ff 00 00 00 00 00 00 00 00 00 ff 00 00 00 00 00 00 00 00 00 ff 00 00 00 00 00 00 00 00 00 ff 00 00 00 00 00 00 00 00 02 00 00
  4032 ms  64 B  05 07 00 77 1c 32 0d 40 00 71 00 07 02 e5 1e ca 1d 06 00 0a 00 00 ff 00 00 00 00 00 00 00 00 00 ff 00 00 00 00 00 00 00 00 00 ff 00 00 00 00 00 00 00 00 00 ff 00 00 00 00 00 00 00 00 02 00 00
  4033 ms  64 B  05 07 00 77 1c 32 0d 40 00 71 00 07 02 dc 1e bd 1d 06 00 0a 00 00 ff 00 00 00 00 00 00 00 00 00 ff 00 00 00 00 00 00 00 00 00 ff 00 00 00 00 00 00 00 00 00 ff 00 00 00 00 00 00 00 00 02 00 00
  4034 ms  64 B  05 07 00 77 1c 32 0d 40 00 71 00 07 02 cb 1e ad 1d 06 00 0a 00 00 ff 00 00 00 00 00 00 00 00 00 ff 00 00 00 00 00 00 00 00 00 ff 00 00 00 00 00 00 00 00 00 ff 00 00 00 00 00 00 00 00 02 00 00
  4044 ms  64 B  05 07 00 77 1c 32 0d 40 00 71 00 07 02 bf 1e a3 1d 06 00 0a 00 00 ff 00 00 00 00 00 00 00 00 00 ff 00 00 00 00 00 00 00 00 00 ff 00 00 00 00 00 00 00 00 00 ff 00 00 00 00 00 00 00 00 02 00 00
  4045 ms  64 B  05 07 00 77 1c 32 0d 40 00 71 00 07 02 b1 1e 9b 1d 06 00 0a 00 00 ff 00 00 00 00 00 00 00 00 00 ff 00 00 00 00 00 00 00 00 00 ff 00 00 00 00 00 00 00 00 00 ff 00 00 00 00 00 00 00 00 02 00 00
  4046 ms  64 B  05 07 00 77 1c 32 0d 40 00 71 00 07 02 a1 1e 93 1d 06 00 0a 00 00 ff 00 00 00 00 00 00 00 00 00 ff 00 00 00 00 00 00 00 00 00 ff 00 00 00 00 00 00 00 00 00 ff 00 00 00 00 00 00 00 00 02 00 00
  4057 ms  64 B  05 07 00 77 1c 32 0d 40 00 71 00 07 02 9f 1e 90 1d 06 00 0a 00 00 ff 00 00 00 00 00 00 00 00 00 ff 00 00 00 00 00 00 00 00 00 ff 00 00 00 00 00 00 00 00 00 ff 00 00 00 00 00 00 00 00 02 00 00
  4058 ms  64 B  05 07 00 77 1c 32 0d 40 00 71 00 07 02 a4 1e 90 1d 06 00 0a 00 00 ff 00 00 00 00 00 00 00 00 00 ff 00 00 00 00 00 00 00 00 00 ff 00 00 00 00 00 00 00 00 00 ff 00 00 00 00 00 00 00 00 02 00 00
  4059 ms  64 B  05 07 00 77 1c 32 0d 40 00 71 00 07 02 af 1e 93 1d 06 00 0a 00 00 ff 00 00 00 00 00 00 00 00 00 ff 00 00 00 00 00 00 00 00 00 ff 00 00 00 00 00 00 00 00 00 ff 00 00 00 00 00 00 00 00 02 00 00
  4070 ms  64 B  05 07 00 77 1c 32 0d 40 00 71 00 07 02 ac 1e 8d 1d 06 00 0a 00 00 ff 00 00 00 00 00 00 00 00 00 ff 00 00 00 00 00 00 00 00 00 ff 00 00 00 00 00 00 00 00 00 ff 00 00 00 00 00 00 00 00 02 00 00
  4071 ms  64 B  05 07 00 77 1c 32 0d 40 00 71 00 07 02 a5 1e 85 1d 06 00 0a 00 00 ff 00 00 00 00 00 00 00 00 00 ff 00 00 00 00 00 00 00 00 00 ff 00 00 00 00 00 00 00 00 00 ff 00 00 00 00 00 00 00 00 02 00 00
  4072 ms  64 B  05 07 00 77 1c 32 0d 40 00 71 00 07 02 9a 1e 7a 1d 06 00 0a 00 00 ff 00 00 00 00 00 00 00 00 00 ff 00 00 00 00 00 00 00 00 00 ff 00 00 00 00 00 00 00 00 00 ff 00 00 00 00 00 00 00 00 02 00 00
  4083 ms  64 B  05 07 00 77 1c 32 0d 40 00 71 00 07 02 55 1e 39 1d 06 00 0a 00 00 ff 00 00 00 00 00 00 00 00 00 ff 00 00 00 00 00 00 00 00 00 ff 00 00 00 00 00 00 00 00 00 ff 00 00 00 00 00 00 00 00 02 00 00
  4084 ms  64 B  05 07 00 77 1c 32 0d 40 00 71 00 07 02 f1 1d dd 1c 06 00 0a 00 00 ff 00 00 00 00 00 00 00 00 00 ff 00 00 00 00 00 00 00 00 00 ff 00 00 00 00 00 00 00 00 00 ff 00 00 00 00 00 00 00 00 02 00 00
  4085 ms  64 B  05 07 00 77 1c 32 0d 40 00 71 00 07 02 6d 1d 65 1c 06 00 0a 00 00 ff 00 00 00 00 00 00 00 00 00 ff 00 00 00 00 00 00 00 00 00 ff 00 00 00 00 00 00 00 00 00 ff 00 00 00 00 00 00 00 00 02 00 00
  4095 ms  64 B  05 07 00 77 1c 32 0d 40 00 71 00 07 02 4b 1d 46 1c 06 00 0a 00 00 ff 00 00 00 00 00 00 00 00 00 ff 00 00 00 00 00 00 00 00 00 ff 00 00 00 00 00 00 00 00 00 ff 00 00 00 00 00 00 00 00 02 00 00
  4096 ms  64 B  05 07 00 77 1c 32 0d 40 00 71 00 07 02 4c 1d 46 1c 06 00 0a 00 00 ff 00 00 00 00 00 00 00 00 00 ff 00 00 00 00 00 00 00 00 00 ff 00 00 00 00 00 00 00 00 00 ff 00 00 00 00 00 00 00 00 02 00 00
  4097 ms  64 B  05 07 00 77 1c 32 0d 40 00 71 00 07 02 6d 1d 65 1c 06 00 0a 00 00 ff 00 00 00 00 00 00 00 00 00 ff 00 00 00 00 00 00 00 00 00 ff 00 00 00 00 00 00 00 00 00 ff 00 00 00 00 00 00 00 00 02 00 00
  4107 ms  64 B  05 07 00 77 1c 32 0d 40 00 71 00 07 02 1c 1d 25 1c 06 00 0a 00 00 ff 00 00 00 00 00 00 00 00 00 ff 00 00 00 00 00 00 00 00 00 ff 00 00 00 00 00 00 00 00 00 ff 00 00 00 00 00 00 00 00 02 00 00
  4108 ms  64 B  05 07 00 77 1c 32 0d 40 00 71 00 07 02 a3 1c c5 1b 06 00 0a 00 00 ff 00 00 00 00 00 00 00 00 00 ff 00 00 00 00 00 00 00 00 00 ff 00 00 00 00 00 00 00 00 00 ff 00 00 00 00 00 00 00 00 02 00 00
  4109 ms  64 B  05 07 00 77 1c 32 0d 40 00 71 00 07 02 00 1c 45 1b 06 00 0a 00 00 ff 00 00 00 00 00 00 00 00 00 ff 00 00 00 00 00 00 00 00 00 ff 00 00 00 00 00 00 00 00 00 ff 00 00 00 00 00 00 00 00 02 00 00
  4122 ms  64 B  05 07 00 77 1c 32 0d 40 00 71 00 07 02 9c 1b f8 1a 06 00 0a 00 00 ff 00 00 00 00 00 00 00 00 00 ff 00 00 00 00 00 00 00 00 00 ff 00 00 00 00 00 00 00 00 00 ff 00 00 00 00 00 00 00 00 02 00 00
  4123 ms  64 B  05 07 00 77 1c 32 0d 40 00 71 00 07 02 43 1b b5 1a 06 00 0a 00 00 ff 00 00 00 00 00 00 00 00 00 ff 00 00 00 00 00 00 00 00 00 ff 00 00 00 00 00 00 00 00 00 ff 00 00 00 00 00 00 00 00 02 00 00
  4124 ms  64 B  05 07 00 77 1c 32 0d 40 00 71 00 07 02 f5 1a 7c 1a 06 00 0a 00 00 ff 00 00 00 00 00 00 00 00 00 ff 00 00 00 00 00 00 00 00 00 ff 00 00 00 00 00 00 00 00 00 ff 00 00 00 00 00 00 00 00 02 00 00
  4135 ms  64 B  05 07 00 77 1c 32 0d 40 00 71 00 07 02 ad 1a 47 1a 06 00 0a 00 04 03 3c 1f ba 1d 06 00 0a 00 00 ff 00 00 00 00 00 00 00 00 00 ff 00 00 00 00 00 00 00 00 00 ff 00 00 00 00 00 00 00 00 03 00 00
  4136 ms  64 B  05 07 00 77 1c 32 0d 40 00 71 00 07 02 6e 1a 19 1a 06 00 0a 00 07 03 3c 1f ba 1d 06 00 0a 00 00 ff 00 00 00 00 00 00 00 00 00 ff 00 00 00 00 00 00 00 00 00 ff 00 00 00 00 00 00 00 00 03 00 00
  4137 ms  64 B  05 07 00 77 1c 32 0d 40 00 71 00 07 02 38 1a f1 19 06 00 0a 00 07 03 3c 1f ba 1d 06 00 0a 00 00 ff 00 00 00 00 00 00 00 00 00 ff 00 00 00 00 00 00 00 00 00 ff 00 00 00 00 00 00 00 00 03 00 00
  4148 ms  64 B  05 07 00 77 1c 32 0d 40 00 71 00 07 02 07 1a ce 19 06 00 0a 00 07 03 3c 1f ba 1d 06 00 0a 00 00 ff 00 00 00 00 00 00 00 00 00 ff 00 00 00 00 00 00 00 00 00 ff 00 00 00 00 00 00 00 00 03 00 00
  4149 ms  64 B  05 07 00 77 1c 32 0d 40 00 71 00 07 02 dd 19 b0 19 06 00 0a 00 07 03 3c 1f ba 1d 06 00 0a 00 00 ff 00 00 00 00 00 00 00 00 00 ff 00 00 00 00 00 00 00 00 00 ff 00 00 00 00 00 00 00 00 03 00 00
  4150 ms  64 B  05 07 00 77 1c 32 0d 40 00 71 00 07 02 ba 19 99 19 06 00 0a 00 07 03 3c 1f ba 1d 06 00 0a 00 00 ff 00 00 00 00 00 00 00 00 00 ff 00 00 00 00 00 00 00 00 00 ff 00 00 00 00 00 00 00 00 03 00 00
  4161 ms  64 B  05 07 00 77 1c 32 0d 40 00 71 00 07 02 99 19 87 19 06 00 0a 00 07 03 3c 1f ba 1d 06 00 0a 00 00 ff 00 00 00 00 00 00 00 00 00 ff 00 00 00 00 00 00 00 00 00 ff 00 00 00 00 00 00 00 00 03 00 00
  4162 ms  64 B  05 07 00 77 1c 32 0d 40 00 71 00 07 02 7c 19 7a 19 06 00 0a 00 07 03 3c 1f ba 1d 06 00 0a 00 00 ff 00 00 00 00 00 00 00 00 00 ff 00 00 00 00 00 00 00 00 00 ff 00 00 00 00 00 00 00 00 03 00 00
  4163 ms  64 B  05 07 00 77 1c 32 0d 40 00 71 00 07 02 65 19 73 19 06 00 0a 00 07 03 3c 1f ba 1d 06 00 0a 00 00 ff 00 00 00 00 00 00 00 00 00 ff 00 00 00 00 00 00 00 00 00 ff 00 00 00 00 00 00 00 00 03 00 00
  4173 ms  64 B  05 07 00 77 1c 32 0d 40 00 71 00 07 02 51 19 66 19 06 00 0a 00 07 03 3c 1f ba 1d 06 00 0a 00 00 ff 00 00 00 00 00 00 00 00 00 ff 00 00 00 00 00 00 00 00 00 ff 00 00 00 00 00 00 00 00 03 00 00
  4174 ms  64 B  05 07 00 77 1c 32 0d 40 00 71 00 07 02 41 19 5a 19 06 00 0a 00 07 03 3c 1f ba 1d 06 00 0a 00 00 ff 00 00 00 00 00 00 00 00 00 ff 00 00 00 00 00 00 00 00 00 ff 00 00 00 00 00 00 00 00 03 00 00
  4175 ms  64 B  05 07 00 77 1c 32 0d 40 00 71 00 07 02 34 19 4e 19 06 00 0a 00 07 03 3c 1f ba 1d 06 00 0a 00 00 ff 00 00 00 00 00 00 00 00 00 ff 00 00 00 00 00 00 00 00 00 ff 00 00 00 00 00 00 00 00 03 00 00
  4188 ms  64 B  05 07 00 77 1c 32 0d 40 00 71 00 07 02 28 19 3c 19 06 00 0a 00 07 03 30 1f cd 1d 06 00 0a 00 00 ff 00 00 00 00 00 00 00 00 00 ff 00 00 00 00 00 00 00 00 00 ff 00 00 00 00 00 00 00 00 03 00 00
  4189 ms  64 B  05 07 00 77 1c 32 0d 40 00 71 00 07 02 1f 19 27 19 06 00 0a 00 07 03 1c 1f ea 1d 06 00 0a 00 00 ff 00 00 00 00 00 00 00 00 00 ff 00 00 00 00 00 00 00 00 00 ff 00 00 00 00 00 00 00 00 03 00 00
  4190 ms  64 B  05 07 00 77 1c 32 0d 40 00 71 00 07 02 18 19 0f 19 06 00 0a 00 07 03 03 1f 11 1e 06 00 0a 00 00 ff 00 00 00 00 00 00 00 00 00 ff 00 00 00 00 00 00 00 00 00 ff 00 00 00 00 00 00 00 00 03 00 00
  4200 ms  64 B  05 07 00 77 1c 32 0d 40 00 71 00 07 02 14 19 fd 18 06 00 0a 00 07 03 fc 1e 1b 1e 06 00 0a 00 00 ff 00 00 00 00 00 00 00 00 00 ff 00 00 00 00 00 00 00 00 00 ff 00 00 00 00 00 00 00 00 03 00 00
  4201 ms  64 B  05 07 00 77 1c 32 0d 40 00 71 00 07 02 14 19 ed 18 06 00 0a 00 07 03 fd 1e 1b 1e 06 00 0a 00 00 ff 00 00 00 00 00 00 00 00 00 ff 00 00 00 00 00 00 00 00 00 ff 00 00 00 00 00 00 00 00 03 00 00
  4202 ms  64 B  05 07 00 77 1c 32 0d 40 00 71 00 07 02 18 19 dd 18 06 00 0a 00 07 03 03 1f 11 1e 06 00 0a 00 00 ff 00 00 00 00 00 00 00 00 00 ff 00 00 00 00 00 00 00 00 00 ff 00 00 00 00 00 00 00 00 03 00 00
  4214 ms  64 B  05 07 00 77 1c 32 0d 40 00 71 00 07 02 1b 19 da 18 06 00 0a 00 07 03 00 1f 14 1e 06 00 0a 00 00 ff 00 00 00 00 00 00 00 00 00 ff 00 00 00 00 00 00 00 00 00 ff 00 00 00 00 00 00 00 00 03 00 00
  4215 ms  64 B  05 07 00 77 1c 32 0d 40 00 71 00 07 02 20 19 de 18 06 00 0a 00 07 03 fb 1e 19 1e 06 00 0a 00 00 ff 00 00 00 00 00 00 00 00 00 ff 00 00 00 00 00 00 00 00 00 ff 00 00 00 00 00 00 00 00 03 00 00
  4216 ms  64 B  05 07 00 77 1c 32 0d 40 00 71 00 07 02 26 19 e9 18 06 00 0a 00 07 03 f5 1e 1e 1e 06 00 0a 00 00 ff 00 00 00 00 00 00 00 00 00 ff 00 00 00 00 00 00 00 00 00 ff 00 00 00 00 00 00 00 00 03 00 00
  4226 ms  64 B  05 07 00 77 1c 32 0d 40 00 71 00 07 02 2c 19 f3 18 06 00 0a 00 07 03 f5 1e 1c 1e 06 00 0a 00 00 ff 00 00 00 00 00 00 00 00 00 ff 00 00 00 00 00 00 00 00 00 ff 00 00 00 00 00 00 00 00 03 00 00
  4227 ms  64 B  05 07 00 77 1c 32 0d 40 00 71 00 07 02 32 19 00 19 06 00 0a 00 07 03 f8 1e 18 1e 06 00 0a 00 00 ff 00 00 00 00 00 00 00 00 00 ff 00 00 00 00 00 00 00 00 00 ff 00 00 00 00 00 00 00 00 03 00 00
  4228 ms  64 B  05 07 00 77 1c 32 0d 40 00 71 00 07 02 3b 19 0f 19 06 00 0a 00 07 03 fc 1e 11 1e 06 00 0a 00 00 ff 00 00 00 00 00 00 00 00 00 ff 00 00 00 00 00 00 00 00 00 ff 00 00 00 00 00 00 00 00 03 00 00
  4238 ms  64 B  05 07 00 79 1c 34 0d 40 00 71 00 07 02 7a 19 4b 19 06 00 0a 00 07 03 fd 1e 0f 1e 06 00 0a 00 00 ff 00 00 00 00 00 00 00 00 00 ff 00 00 00 00 00 00 00 00 00 ff 00 00 00 00 00 00 00 00 03 00 00
  4239 ms  64 B  05 07 00 7c 1c 38 0d 40 00 71 00 07 02 d6 19 9e 19 06 00 0a 00 07 03 fd 1e 10 1e 06 00 0a 00 00 ff 00 00 00 00 00 00 00 00 00 ff 00 00 00 00 00 00 00 00 00 ff 00 00 00 00 00 00 00 00 03 00 00
  4240 ms  64 B  05 07 00 7f 1c 3e 0d 40 00 71 00 07 02 4d 1a 0a 1a 06 00 0a 00 07 03 fc 1e 11 1e 06 00 0a 00 00 ff 00 00 00 00 00 00 00 00 00 ff 00 00 00 00 00 00 00 00 00 ff 00 00 00 00 00 00 00 00 03 00 00
  4251 ms  64 B  05 07 00 80 1c 40 0d 40 00 71 00 07 02 c8 1a 6e 1a 06 00 0a 00 07 03 fc 1e 11 1e 06 00 0a 00 00 ff 00 00 00 00 00 00 00 00 00 ff 00 00 00 00 00 00 00 00 00 ff 00 00 00 00 00 00 00 00 03 00 00
  4252 ms  64 B  05 07 00 80 1c 40 0d 40 00 71 00 07 02 55 1b db 1a 06 00 0a 00 07 03 fc 1e 11 1e 06 00 0a 00 00 ff 00 00 00 00 00 00 00 00 00 ff 00 00 00 00 00 00 00 00 00 ff 00 00 00 00 00 00 00 00 03 00 00
  4253 ms  64 B  05 07 00 7f 1c 3e 0d 40 00 71 00 07 02 f2 1b 51 1b 06 00 0a 00 07 03 fc 1e 11 1e 06 00 0a 00 00 ff 00 00 00 00 00 00 00 00 00 ff 00 00 00 00 00 00 00 00 00 ff 00 00 00 00 00 00 00 00 03 00 00
  4265 ms  64 B  05 07 00 7f 1c 3e 0d 40 00 71 00 07 02 6f 1c b0 1b 06 00 0a 00 04 03 fc 1e 11 1e 06 00 0a 00 00 ff 00 00 00 00 00 00 00 00 00 ff 00 00 00 00 00 00 00 00 00 ff 00 00 00 00 00 00 00 00 03 00 00
  4266 ms  64 B  05 07 00 7f 1c 3e 0d 40 00 71 00 07 02 e4 1c 08 1c 06 00 0a 00 00 ff 00 00 00 00 00 00 00 00 00 ff 00 00 00 00 00 00 00 00 00 ff 00 00 00 00 00 00 00 00 00 ff 00 00 00 00 00 00 00 00 02 00 00
  4267 ms  64 B  05 07 00 7f 1c 3e 0d 40 00 71 00 07 02 51 1d 59 1c 06 00 0a 00 00 ff 00 00 00 00 00 00 00 00 00 ff 00 00 00 00 00 00 00 00 00 ff 00 00 00 00 00 00 00 00 00 ff 00 00 00 00 00 00 00 00 02 00 00
  4278 ms  64 B  05 07 00 81 1c 3e 0d 40 00 71 00 07 02 b0 1d a3 1c 06 00 0a 00 00 ff 00 00 00 00 00 00 00 00 00 ff 00 00 00 00 00 00 00 00 00 ff 00 00 00 00 00 00 00 00 00 ff 00 00 00 00 00 00 00 00 02 00 00
  4279 ms  64 B  05 07 00 83 1c 3e 0d 40 00 71 00 07 02 04 1e e6 1c 06 00 0a 00 00 ff 00 00 00 00 00 00 00 00 00 ff 00 00 00 00 00 00 00 00 00 ff 00 00 00 00 00 00 00 00 00 ff 00 00 00 00 00 00 00 00 02 00 00
  4280 ms  64 B  05 07 00 86 1c 3e 0d 40 00 71 00 07 02 4d 1e 22 1d 06 00 0a 00 00 ff 00 00 00 00 00 00 00 00 00 ff 00 00 00 00 00 00 00 00 00 ff 00 00 00 00 00 00 00 00 00 ff 00 00 00 00 00 00 00 00 02 00 00
  4292 ms  64 B  05 07 00 87 1c 41 0d 40 00 71 00 04 01 e4 19 d8 19 06 00 0a 00 07 02 93 1e 57 1d 06 00 0a 00 00 ff 00 00 00 00 00 00 00 00 00 ff 00 00 00 00 00 00 00 00 00 ff 00 00 00 00 00 00 00 00 03 00 00
  4293 ms  64 B  05 07 00 87 1c 46 0d 40 00 71 00 07 01 e4 19 d8 19 06 00 0a 00 07 02 d2 1e 85 1d 06 00 0a 00 00 ff 00 00 00 00 00 00 00 00 00 ff 00 00 00 00 00 00 00 00 00 ff 00 00 00 00 00 00 00 00 03 00 00
  4294 ms  64 B  05 07 00 86 1c 4b 0d 40 00 71 00 07 01 e4 19 d8 19 06 00 0a 00 07 02 0a 1f ad 1d 06 00 0a 00 00 ff 00 00 00 00 00 00 00 00 00 ff 00 00 00 00 00 00 00 00 00 ff 00 00 00 00 00 00 00 00 03 00 00
  4303 ms  64 B  05 07 00 86 1c 4d 0d 40 00 71 00 07 01 e4 19 d8 19 06 00 0a 00 07 02 2c 1f ca 1d 06 00 0a 00 00 ff 00 00 00 00 00 00 00 00 00 ff 00 00 00 00 00 00 00 00 00 ff 00 00 00 00 00 00 00 00 03 00 00
  4304 ms  64 B  05 07 00 86 1c 4c 0d 40 00 71 00 07 01 e4 19 d8 19 06 00 0a 00 07 02 3f 1f df 1d 06 00 0a 00 00 ff 00 00 00 00 00 00 00 00 00 ff 00 00 00 00 00 00 00 00 00 ff 00 00 00 00 00 00 00 00 03 00 00
  4305 ms  64 B  05 07 00 86 1c 4b 0d 40 00 71 00 07 01 e4 19 d8 19 06 00 0a 00 07 02 43 1f eb 1d 06 00 0a 00 00 ff 00 00 00 00 00 00 00 00 00 ff 00 00 00 00 00 00 00 00 00 ff 00 00 00 00 00 00 00 00 03 00 00
  4315 ms  64 B  05 07 00 86 1c 4b 0d 40 00 71 00 07 01 e4 19 d8 19 06 00 0a 00 07 02 4b 1f fb 1d 06 00 0a 00 00 ff 00 00 00 00 00 00 00 00 00 ff 00 00 00 00 00 00 00 00 00 ff 00 00 00 00 00 00 00 00 03 00 00
  4316 ms  64 B  05 07 00 86 1c 4b 0d 40 00 71 00 07 01 e4 19 d8 19 06 00 0a 00 07 02 4d 1f 08 1e 06 00 0a 00 00 ff 00 00 00 00 00 00 00 00 00 ff 00 00 00 00 00 00 00 00 00 ff 00 00 00 00 00 00 00 00 03 00 00
  4317 ms  64 B  05 07 00 86 1c 4b 0d 40 00 71 00 07 01 e4 19 d8 19 06 00 0a 00 07 02 4a 1f 12 1e 06 00 0a 00 00 ff 00 00 00 00 00 00 00 00 00 ff 00 00 00 00 00 00 00 00 00 ff 00 00 00 00 00 00 00 00 03 00 00
  4327 ms  64 B  05 07 00 88 1c 4b 0d 40 00 71 00 04 01 e4 19 d8 19 06 00 0a 00 07 02 44 1f 16 1e 06 00 0a 00 00 ff 00 00 00 00 00 00 00 00 00 ff 00 00 00 00 00 00 00 00 00 ff 00 00 00 00 00 00 00 00 03 00 00
  4328 ms  64 B  05 07 00 8a 1c 4b 0d 40 00 71 00 07 02 3b 1f 16 1e 06 00 0a 00 00 ff 00 00 00 00 00 00 00 00 00 ff 00 00 00 00 00 00 00 00 00 ff 00 00 00 00 00 00 00 00 00 ff 00 00 00 00 00 00 00 00 02 00 00
  4329 ms  64 B  05 07 00 8d 1c 4b 0d 40 00 71 00 07 02 2e 1f 11 1e 06 00 0a 00 00 ff 00 00 00 00 00 00 00 00 00 ff 00 00 00 00 00 00 00 00 00 ff 00 00 00 00 00 00 00 00 00 ff 00 00 00 00 00 00 00 00 02 00 00
  4341 ms  64 B  05 07 00 8e 1c 4b 0d 40 00 71 00 07 02 e3 1e ce 1d 06 00 0a 00 00 ff 00 00 00 00 00 00 00 00 00 ff 00 00 00 00 00 00 00 00 00 ff 00 00 00 00 00 00 00 00 00 ff 00 00 00 00 00 00 00 00 02 00 00
  4342 ms  64 B  05 07 00 8e 1c 4b 0d 40 00 71 00 07 02 77 1e 6a 1d 06 00 0a 00 00 ff 00 00 00 00 00 00 00 00 00 ff 00 00 00 00 00 00 00 00 00 ff 00 00 00 00 00 00 00 00 00 ff 00 00 00 00 00 00 00 00 02 00 00
  4343 ms  64 B  05 07 00 8d 1c 4b 0d 40 00 71 00 07 02 ea 1d e4 1c 06 00 0a 00 00 ff 00 00 00 00 00 00 00 00 00 ff 00 00 00 00 00 00 00 00 00 ff 00 00 00 00 00 00 00 00 00 ff 00 00 00 00 00 00 00 00 02 00 00
  4354 ms  64 B  05 07 00 8d 1c 4d 0d 40 00 71 00 07 02 c6 1d c2 1c 06 00 0a 00 00 ff 00 00 00 00 00 00 00 00 00 ff 00 00 00 00 00 00 00 00 00 ff 00 00 00 00 00 00 00 00 00 ff 00 00 00 00 00 00 00 00 02 00 00
  4355 ms  64 B  05 07 00 8d 1c 51 0d 40 00 71 00 07 02 c6 1d c3 1c 06 00 0a 00 00 ff 00 00 00 00 00 00 00 00 00 ff 00 00 00 00 00 00 00 00 00 ff 00 00 00 00 00 00 00 00 00 ff 00 00 00 00 00 00 00 00 02 00 00
  4356 ms  64 B  05 07 00 8d 1c 57 0d 40 00 71 00 07 02 ea 1d e4 1c 06 00 0a 00 00 ff 00 00 00 00 00 00 00 00 00 ff 00 00 00 00 00 00 00 00 00 ff 00 00 00 00 00 00 00 00 00 ff 00 00 00 00 00 00 00 00 02 00 00
  4366 ms  64 B  05 07 00 8d 1c 59 0d 40 00 71 00 07 02 a4 1d 8a 1c 06 00 0a 00 00 ff 00 00 00 00 00 00 00 00 00 ff 00 00 00 00 00 00 00 00 00 ff 00 00 00 00 00 00 00 00 00 ff 00 00 00 00 00 00 00 00 02 00 00
  4367 ms  64 B  05 07 00 8d 1c 59 0d 40 00 71 00 07 02 3b 1d 04 1c 06 00 0a 00 00 ff 00 00 00 00 00 00 00 00 00 ff 00 00 00 00 00 00 00 00 00 ff 00 00 00 00 00 00 00 00 00 ff 00 00 00 00 00 00 00 00 02 00 00
  4368 ms  64 B  05 07 00 8d 1c 57 0d 40 00 71 00 07 02 af 1c 51 1b 06 00 0a 00 00 ff 00 00 00 00 00 00 00 00 00 ff 00 00 00 00 00 00 00 00 00 ff 00 00 00 00 00 00 00 00 00 ff 00 00 00 00 00 00 00 00 02 00 00
  4378 ms  64 B  05 07 00 8f 1c 57 0d 40 00 71 00 07 02 8e 1c 2a 1b 06 00 0a 00 00 ff 00 00 00 00 00 00 00 00 00 ff 00 00 00 00 00 00 00 00 00 ff 00 00 00 00 00 00 00 00 00 ff 00 00 00 00 00 00 00 00 02 00 00
  4379 ms  64 B  05 07 00 91 1c 57 0d 40 00 71 00 07 02 90 1c 32 1b 06 00 0a 00 00 ff 00 00 00 00 00 00 00 00 00 ff 00 00 00 00 00 00 00 00 00 ff 00 00 00 00 00 00 00 00 00 ff 00 00 00 00 00 00 00 00 02 00 00
  4380 ms  64 B  05 07 00 94 1c 57 0d 40 00 71 00 07 02 b6 1c 6a 1b 06 00 0a 00 00 ff 00 00 00 00 00 00 00 00 00 ff 00 00 00 00 00 00 00 00 00 ff 00 00 00 00 00 00 00 00 00 ff 00 00 00 00 00 00 00 00 02 00 00
  4392 ms  64 B  05 07 00 95 1c 57 0d 40 00 71 00 07 02 8a 1c 46 1b 06 00 0a 00 00 ff 00 00 00 00 00 00 00 00 00 ff 00 00 00 00 00 00 00 00 00 ff 00 00 00 00 00 00 00 00 00 ff 00 00 00 00 00 00 00 00 02 00 00
  4393 ms  64 B  05 07 00 95 1c 57 0d 40 00 71 00 07 02 46 1c 0b 1b 06 00 0a 00 00 ff 00 00 00 00 00 00 00 00 00 ff 00 00 00 00 00 00 00 00 00 ff 00 00 00 00 00 00 00 00 00 ff 00 00 00 00 00 00 00 00 02 00 00
  4394 ms  64 B  05 07 00 94 1c 57 0d 40 00 71 00 07 02 eb 1b ba 1a 06 00 0a 00 00 ff 00 00 00 00 00 00 00 00 00 ff 00 00 00 00 00 00 00 00 00 ff 00 00 00 00 00 00 00 00 00 ff 00 00 00 00 00 00 00 00 02 00 00
  4403 ms  64 B  05 07 00 94 1c 57 0d 40 00 71 00 07 02 d2 1b a4 1a 06 00 0a 00 00 ff 00 00 00 00 00 00 00 00 00 ff 00 00 00 00 00 00 00 00 00 ff 00 00 00 00 00 00 00 00 00 ff 00 00 00 00 00 00 00 00 02 00 00
  4404 ms  64 B  05 07 00 94 1c 57 0d 40 00 71 00 07 02 eb 1b ba 1a 06 00 0a 00 00 ff 00 00 00 00 00 00 00 00 00 ff 00 00 00 00 00 00 00 00 00 ff 00 00 00 00 00 00 00 00 00 ff 00 00 00 00 00 00 00 00 02 00 00
  4415 ms  64 B  05 07 00 94 1c 57 0d 40 00 71 00 07 02 f7 1b ce 1a 06 00 0a 00 00 ff 00 00 00 00 00 00 00 00 00 ff 00 00 00 00 00 00 00 00 00 ff 00 00 00 00 00 00 00 00 00 ff 00 00 00 00 00 00 00 00 02 00 00
  4416 ms  64 B  05 07 00 94 1c 57 0d 40 00 71 00 07 02 0a 1c eb 1a 06 00 0a 00 00 ff 00 00 00 00 00 00 00 00 00 ff 00 00 00 00 00 00 00 00 00 ff 00 00 00 00 00 00 00 00 00 ff 00 00 00 00 00 00 00 00 02 00 00
  4417 ms  64 B  05 07 00 94 1c 57 0d 40 00 71 00 07 02 22 1c 12 1b 06 00 0a 00 00 ff 00 00 00 00 00 00 00 00 00 ff 00 00 00 00 00 00 00 00 00 ff 00 00 00 00 00 00 00 00 00 ff 00 00 00 00 00 00 00 00 02 00 00
  4426 ms  64 B  05 07 00 94 1c 57 0d 40 00 71 00 07 02 3f 1c 3a 1b 06 00 0a 00 00 ff 00 00 00 00 00 00 00 00 00 ff 00 00 00 00 00 00 00 00 00 ff 00 00 00 00 00 00 00 00 00 ff 00 00 00 00 00 00 00 00 02 00 00
  4427 ms  64 B  05 07 00 94 1c 57 0d 40 00 71 00 07 02 62 1c 68 1b 06 00 0a 00 00 ff 00 00 00 00 00 00 00 00 00 ff 00 00 00 00 00 00 00 00 00 ff 00 00 00 00 00 00 00 00 00 ff 00 00 00 00 00 00 00 00 02 00 00
  4428 ms  64 B  05 07 00 94 1c 57 0d 40 00 71 00 07 02 8c 1c 9c 1b 06 00 0a 00 00 ff 00 00 00 00 00 00 00 00 00 ff 00 00 00 00 00 00 00 00 00 ff 00 00 00 00 00 00 00 00 00 ff 00 00 00 00 00 00 00 00 02 00 00
  4438 ms  64 B  05 07 00 94 1c 57 0d 40 00 71 00 07 02 78 1c 8d 1b 06 00 0a 00 00 ff 00 00 00 00 00 00 00 00 00 ff 00 00 00 00 00 00 00 00 00 ff 00 00 00 00 00 00 00 00 00 ff 00 00 00 00 00 00 00 00 02 00 00
  4439 ms  64 B  05 07 00 94 1c 57 0d 40 00 71 00 07 02 46 1c 5f 1b 06 00 0a 00 00 ff 00 00 00 00 00 00 00 00 00 ff 00 00 00 00 00 00 00 00 00 ff 00 00 00 00 00 00 00 00 00 ff 00 00 00 00 00 00 00 00 02 00 00
  4440 ms  64 B  05 07 00 94 1c 57 0d 40 00 71 00 07 02 f9 1b 12 1b 06 00 0a 00 00 ff 00 00 00 00 00 00 00 00 00 ff 00 00 00 00 00 00 00 00 00 ff 00 00 00 00 00 00 00 00 00 ff 00 00 00 00 00 00 00 00 02 00 00
  4451 ms  64 B  05 07 00 94 1c 57 0d 40 00 71 00 07 02 c4 1b d6 1a 06 00 0a 00 00 ff 00 00 00 00 00 00 00 00 00 ff 00 00 00 00 00 00 00 00 00 ff 00 00 00 00 00 00 00 00 00 ff 00 00 00 00 00 00 00 00 02 00 00
  4452 ms  64 B  05 07 00 94 1c 57 0d 40 00 71 00 07 02 8c 1b 94 1a 06 00 0a 00 00 ff 00 00 00 00 00 00 00 00 00 ff 00 00 00 00 00 00 00 00 00 ff 00 00 00 00 00 00 00 00 00 ff 00 00 00 00 00 00 00 00 02 00 00
  4453 ms  64 B  05 07 00 94 1c 57 0d 40 00 71 00 07 02 50 1b 49 1a 06 00 0a 00 00 ff 00 00 00 00 00 00 00 00 00 ff 00 00 00 00 00 00 00 00 00 ff 00 00 00 00 00 00 00 00 00 ff 00 00 00 00 00 00 00 00 02 00 00
  4463 ms  64 B  05 07 00 96 1c 57 0d 40 00 71 00 07 02 55 1b 4c 1a 06 00 0a 00 00 ff 00 00 00 00 00 00 00 00 00 ff 00 00 00 00 00 00 00 00 00 ff 00 00 00 00 00 00 00 00 00 ff 00 00 00 00 00 00 00 00 02 00 00
  4464 ms  64 B  05 07 00 98 1c 57 0d 40 00 71 00 07 02 78 1b 72 1a 06 00 0a 00 00 ff 00 00 00 00 00 00 00 00 00 ff 00 00 00 00 00 00 00 00 00 ff 00 00 00 00 00 00 00 00 00 ff 00 00 00 00 00 00 00 00 02 00 00
  4465 ms  64 B  05 07 00 9b 1c 57 0d 40 00 71 00 07 02 ba 1b ba 1a 06 00 0a 00 00 ff 00 00 00 00 00 00 00 00 00 ff 00 00 00 00 00 00 00 00 00 ff 00 00 00 00 00 00 00 00 00 ff 00 00 00 00 00 00 00 00 02 00 00
  4478 ms  64 B  05 07 00 9c 1c 57 0d 40 00 71 00 07 02 ff 1b 2b 1b 06 00 0a 00 00 ff 00 00 00 00 00 00 00 00 00 ff 00 00 00 00 00 00 00 00 00 ff 00 00 00 00 00 00 00 00 00 ff 00 00 00 00 00 00 00 00 02 00 00
  4478 ms  64 B  05 07 00 9b 1c 57 0d 40 00 71 00 07 02 53 1c c3 1b 06 00 0a 00 00 ff 00 00 00 00 00 00 00 00 00 ff 00 00 00 00 00 00 00 00 00 ff 00 00 00 00 00 00 00 00 00 ff 00 00 00 00 00 00 00 00 02 00 00
  4491 ms  64 B  05 07 00 9b 1c 57 0d 40 00 71 00 07 02 9e 1c 21 1c 06 00 0a 00 00 ff 00 00 00 00 00 00 00 00 00 ff 00 00 00 00 00 00 00 00 00 ff 00 00 00 00 00 00 00 00 00 ff 00 00 00 00 00 00 00 00 02 00 00
  4491 ms  64 B  05 07 00 9b 1c 57 0d 40 00 71 00 07 02 e7 1c 65 1c 06 00 0a 00 00 ff 00 00 00 00 00 00 00 00 00 ff 00 00 00 00 00 00 00 00 00 ff 00 00 00 00 00 00 00 00 00 ff 00 00 00 00 00 00 00 00 02 00 00
  4504 ms  64 B  05 07 00 9d 1c 57 0d 40 00 71 00 07 02 14 1d ab 1c 06 00 0a 00 00 ff 00 00 00 00 00 00 00 00 00 ff 00 00 00 00 00 00 00 00 00 ff 00 00 00 00 00 00 00 00 00 ff 00 00 00 00 00 00 00 00 02 00 00
  4504 ms  64 B  05 07 00 9f 1c 57 0d 40 00 71 00 07 02 3e 1d fa 1c 06 00 0a 00 00 ff 00 00 00 00 00 00 00 00 00 ff 00 00 00 00 00 00 00 00 00 ff 00 00 00 00 00 00 00 00 00 ff 00 00 00 00 00 00 00 00 02 00 00
  4505 ms  64 B  05 07 00 a2 1c 57 0d 40 00 71 00 07 02 66 1d 54 1d 06 00 0a 00 00 ff 00 00 00 00 00 00 00 00 00 ff 00 00 00 00 00 00 00 00 00 ff 00 00 00 00 00 00 00 00 00 ff 00 00 00 00 00 00 00 00 02 00 00
  4515 ms  64 B  05 07 00 a4 1c 57 0d 40 00 71 00 07 02 89 1d 85 1d 06 00 0a 00 00 ff 00 00 00 00 00 00 00 00 00 ff 00 00 00 00 00 00 00 00 00 ff 00 00 00 00 00 00 00 00 00 ff 00 00 00 00 00 00 00 00 02 00 00
  4516 ms  64 B  05 07 00 a6 1c 57 0d 40 00 71 00 07 02 a6 1d a7 1d 06 00 0a 00 00 ff 00 00 00 00 00 00 00 00 00 ff 00 00 00 00 00 00 00 00 00 ff 00 00 00 00 00 00 00 00 00 ff 00 00 00 00 00 00 00 00 02 00 00
  4517 ms  64 B  05 07 00 a9 1c 57 0d 40 00 71 00 07 02 c0 1d b9 1d 06 00 0a 00 00 ff 00 00 00 00 00 00 00 00 00 ff 00 00 00 00 00 00 00 00 00 ff 00 00 00 00 00 00 00 00 00 ff 00 00 00 00 00 00 00 00 02 00 00
  4529 ms  64 B  05 07 00 aa 1c 57 0d 40 00 71 00 04 01 0e 1a 0d 1c 06 00 0a 00 07 02 da 1d e5 1d 06 00 0a 00 00 ff 00 00 00 00 00 00 00 00 00 ff 00 00 00 00 00 00 00 00 00 ff 00 00 00 00 00 00 00 00 03 00 00
  4530 ms  64 B  05 07 00 aa 1c 57 0d 40 00 71 00 07 01 0e 1a 0d 1c 06 00 0a 00 07 02 f1 1d 17 1e 06 00 0a 00 00 ff 00 00 00 00 00 00 00 00 00 ff 00 00 00 00 00 00 00 00 00 ff 00 00 00 00 00 00 00 00 03 00 00
  4531 ms  64 B  05 07 00 a9 1c 57 0d 40 00 71 00 07 01 0e 1a 0d 1c 06 00 0a 00 07 02 06 1e 50 1e 06 00 0a 00 00 ff 00 00 00 00 00 00 00 00 00 ff 00 00 00 00 00 00 00 00 00 ff 00 00 00 00 00 00 00 00 03 00 00
  4541 ms  64 B  05 07 00 ab 1c 57 0d 40 00 71 00 07 01 0e 1a 0d 1c 06 00 0a 00 07 02 19 1e 66 1e 06 00 0a 00 00 ff 00 00 00 00 00 00 00 00 00 ff 00 00 00 00 00 00 00 00 00 ff 00 00 00 00 00 00 00 00 03 00 00
  4542 ms  64 B  05 07 00 ad 1c 57 0d 40 00 71 00 07 01 0e 1a 0d 1c 06 00 0a 00 07 02 29 1e 6e 1e 06 00 0a 00 00 ff 00 00 00 00 00 00 00 00 00 ff 00 00 00 00 00 00 00 00 00 ff 00 00 00 00 00 00 00 00 03 00 00
  4543 ms  64 B  05 07 00 b0 1c 57 0d 40 00 71 00 07 01 0e 1a 0d 1c 06 00 0a 00 07 02 37 1e 69 1e 06 00 0a 00 00 ff 00 00 00 00 00 00 00 00 00 ff 00 00 00 00 00 00 00 00 00 ff 00 00 00 00 00 00 00 00 03 00 00
  4554 ms  64 B  05 07 00 b2 1c 57 0d 40 00 71 00 07 01 0e 1a 0d 1c 06 00 0a 00 07 02 50 1e 6c 1e 06 00 0a 00 00 ff 00 00 00 00 00 00 00 00 00 ff 00 00 00 00 00 00 00 00 00 ff 00 00 00 00 00 00 00 00 03 00 00
  4555 ms  64 B  05 07 00 b4 1c 57 0d 40 00 71 00 07 01 0e 1a 0d 1c 06 00 0a 00 07 02 6e 1e 6c 1e 06 00 0a 00 00 ff 00 00 00 00 00 00 00 00 00 ff 00 00 00 00 00 00 00 00 00 ff 00 00 00 00 00 00 00 00 03 00 00
  4556 ms  64 B  05 07 00 b7 1c 57 0d 40 00 71 00 07 01 0e 1a 0d 1c 06 00 0a 00 07 02 93 1e 69 1e 06 00 0a 00 00 ff 00 00 00 00 00 00 00 00 00 ff 00 00 00 00 00 00 00 00 00 ff 00 00 00 00 00 00 00 00 03 00 00
  4566 ms  64 B  05 07 00 b9 1c 57 0d 40 00 71 00 04 01 0e 1a 0d 1c 06 00 0a 00 07 02 62 1e 1e 1e 06 00 0a 00 00 ff 00 00 00 00 00 00 00 00 00 ff 00 00 00 00 00 00 00 00 00 ff 00 00 00 00 00 00 00 00 03 00 00
  4567 ms  64 B  05 07 00 bb 1c 57 0d 40 00 71 00 07 02 09 1e ad 1d 06 00 0a 00 00 ff 00 00 00 00 00 00 00 00 00 ff 00 00 00 00 00 00 00 00 00 ff 00 00 00 00 00 00 00 00 00 ff 00 00 00 00 00 00 00 00 02 00 00
  4568 ms  64 B  05 07 00 be 1c 57 0d 40 00 71 00 07 02 89 1d 16 1d 06 00 0a 00 00 ff 00 00 00 00 00 00 00 00 00 ff 00 00 00 00 00 00 00 00 00 ff 00 00 00 00 00 00 00 00 00 ff 00 00 00 00 00 00 00 00 02 00 00
  4579 ms  64 B  05 07 00 c0 1c 57 0d 40 00 71 00 07 02 29 1d a3 1c 06 00 0a 00 00 ff 00 00 00 00 00 00 00 00 00 ff 00 00 00 00 00 00 00 00 00 ff 00 00 00 00 00 00 00 00 00 ff 00 00 00 00 00 00 00 00 02 00 00
  4580 ms  64 B  05 07 00 c2 1c 57 0d 40 00 71 00 07 02 c4 1c 2d 1c 06 00 0a 00 00 ff 00 00 00 00 00 00 00 00 00 ff 00 00 00 00 00 00 00 00 00 ff 00 00 00 00 00 00 00 00 00 ff 00 00 00 00 00 00 00 00 02 00 00
  4581 ms  64 B  05 07 00 c5 1c 57 0d 40 00 71 00 07 02 5a 1c b6 1b 06 00 0a 00 00 ff 00 00 00 00 00 00 00 00 00 ff 00 00 00 00 00 00 00 00 00 ff 00 00 00 00 00 00 00 00 00 ff 00 00 00 00 00 00 00 00 02 00 00
  4591 ms  64 B  05 07 00 c7 1c 55 0d 40 00 71 00 07 02 05 1c 3f 1b 06 00 0a 00 00 ff 00 00 00 00 00 00 00 00 00 ff 00 00 00 00 00 00 00 00 00 ff 00 00 00 00 00 00 00 00 00 ff 00 00 00 00 00 00 00 00 02 00 00
  4592 ms  64 B  05 07 00 c9 1c 51 0d 40 00 71 00 07 02 b9 1b c5 1a 06 00 0a 00 00 ff 00 00 00 00 00 00 00 00 00 ff 00 00 00 00 00 00 00 00 00 ff 00 00 00 00 00 00 00 00 00 ff 00 00 00 00 00 00 00 00 02 00 00
  4593 ms  64 B  05 07 00 cc 1c 4b 0d 40 00 71 00 07 02 74 1b 49 1a 06 00 0a 00 00 ff 00 00 00 00 00 00 00 00 00 ff 00 00 00 00 00 00 00 00 00 ff 00 00 00 00 00 00 00 00 00 ff 00 00 00 00 00 00 00 00 02 00 00
  4605 ms  64 B  05 07 00 ce 1c 49 0d 40 00 71 00 07 02 36 1b eb 19 06 00 0a 00 00 ff 00 00 00 00 00 00 00 00 00 ff 00 00 00 00 00 00 00 00 00 ff 00 00 00 00 00 00 00 00 00 ff 00 00 00 00 00 00 00 00 02 00 00
  4607 ms  64 B  05 07 00 d0 1c 49 0d 40 00 71 00 07 02 00 1b 9c 19 06 00 0a 00 00 ff 00 00 00 00 00 00 00 00 00 ff 00 00 00 00 00 00 00 00 00 ff 00 00 00 00 00 00 00 00 00 ff 00 00 00 00 00 00 00 00 02 00 00
  4607 ms  64 B  05 07 00 d3 1c 4b 0d 40 00 71 00 07 02 d2 1a 5b 19 06 00 0a 00 00 ff 00 00 00 00 00 00 00 00 00 ff 00 00 00 00 00 00 00 00 00 ff 00 00 00 00 00 00 00 00 00 ff 00 00 00 00 00 00 00 00 02 00 00
  4618 ms  64 B  05 07 00 d5 1c 4b 0d 40 00 71 00 07 02 c0 1a 40 19 06 00 0a 00 00 ff 00 00 00 00 00 00 00 00 00 ff 00 00 00 00 00 00 00 00 00 ff 00 00 00 00 00 00 00 00 00 ff 00 00 00 00 00 00 00 00 02 00 00
  4618 ms  64 B  05 07 00 d7 1c 4b 0d 40 00 71 00 07 02 c0 1a 40 19 06 00 0a 00 00 ff 00 00 00 00 00 00 00 00 00 ff 00 00 00 00 00 00 00 00 00 ff 00 00 00 00 00 00 00 00 00 ff 00 00 00 00 00 00 00 00 02 00 00
  4619 ms  64 B  05 07 00 da 1c 4b 0d 40 00 71 00 07 02 d2 1a 5b 19 06 00 0a 00 00 ff 00 00 00 00 00 00 00 00 00 ff 00 00 00 00 00 00 00 00 00 ff 00 00 00 00 00 00 00 00 00 ff 00 00 00 00 00 00 00 00 02 00 00
  4633 ms  64 B  05 07 00 dd 1c 4b 0d 40 00 71 00 07 02 d2 1a 5b 19 06 00 0a 00 04 03 46 20 c1 1e 06 00 0a 00 00 ff 00 00 00 00 00 00 00 00 00 ff 00 00 00 00 00 00 00 00 00 ff 00 00 00 00 00 00 00 00 03 00 00
  4633 ms  64 B  05 07 00 e1 1c 4b 0d 40 00 71 00 07 02 d2 1a 5b 19 06 00 0a 00 07 03 46 20 c1 1e 06 00 0a 00 00 ff 00 00 00 00 00 00 00 00 00 ff 00 00 00 00 00 00 00 00 00 ff 00 00 00 00 00 00 00 00 03 00 00
  4634 ms  64 B  05 07 00 e8 1c 4b 0d 40 00 71 00 07 02 d2 1a 5b 19 06 00 0a 00 07 03 46 20 c1 1e 06 00 0a 00 00 ff 00 00 00 00 00 00 00 00 00 ff 00 00 00 00 00 00 00 00 00 ff 00 00 00 00 00 00 00 00 03 00 00
  4647 ms  64 B  05 07 00 ef 1c 4b 0d 40 00 71 00 04 02 d2 1a 5b 19 06 00 0a 00 07 03 46 20 c1 1e 06 00 0a 00 00 ff 00 00 00 00 00 00 00 00 00 ff 00 00 00 00 00 00 00 00 00 ff 00 00 00 00 00 00 00 00 03 00 00
  4647 ms  64 B  05 07 00 f6 1c 4b 0d 40 00 71 00 07 03 46 20 c1 1e 06 00 0a 00 00 ff 00 00 00 00 00 00 00 00 00 ff 00 00 00 00 00 00 00 00 00 ff 00 00 00 00 00 00 00 00 00 ff 00 00 00 00 00 00 00 00 02 00 00
  4659 ms  64 B  05 07 00 fa 1c 4b 0d 40 00 71 00 07 03 00 20 a8 1e 06 00 0a 00 00 ff 00 00 00 00 00 00 00 00 00 ff 00 00 00 00 00 00 00 00 00 ff 00 00 00 00 00 00 00 00 00 ff 00 00 00 00 00 00 00 00 02 00 00
  4660 ms  64 B  05 07 00 ff 1c 4b 0d 40 00 71 00 07 03 97 1f 83 1e 06 00 0a 00 00 ff 00 00 00 00 00 00 00 00 00 ff 00 00 00 00 00 00 00 00 00 ff 00 00 00 00 00 00 00 00 00 ff 00 00 00 00 00 00 00 00 02 00 00
  4661 ms  64 B  05 07 00 04 1d 4b 0d 40 00 71 00 07 03 0a 1f 50 1e 06 00 0a 00 00 ff 00 00 00 00 00 00 00 00 00 ff 00 00 00 00 00 00 00 00 00 ff 00 00 00 00 00 00 00 00 00 ff 00 00 00 00 00 00 00 00 02 00 00
  4671 ms  64 B  05 07 00 0a 1d 48 0d 40 00 71 00 07 03 e6 1e 43 1e 06 00 0a 00 00 ff 00 00 00 00 00 00 00 00 00 ff 00 00 00 00 00 00 00 00 00 ff 00 00 00 00 00 00 00 00 00 ff 00 00 00 00 00 00 00 00 02 00 00
  4672 ms  64 B  05 07 00 10 1d 43 0d 40 00 71 00 07 03 e6 1e 43 1e 06 00 0a 00 00 ff 00 00 00 00 00 00 00 00 00 ff 00 00 00 00 00 00 00 00 00 ff 00 00 00 00 00 00 00 00 00 ff 00 00 00 00 00 00 00 00 02 00 00
  4673 ms  64 B  05 07 00 19 1d 3e 0d 40 00 71 00 07 03 0a 1f 50 1e 06 00 0a 00 00 ff 00 00 00 00 00 00 00 00 00 ff 00 00 00 00 00 00 00 00 00 ff 00 00 00 00 00 00 00 00 00 ff 00 00 00 00 00 00 00 00 02 00 00
  4685 ms  64 B  05 07 00 20 1d 3c 0d 40 00 71 00 07 03 b9 1e 18 1e 06 00 0a 00 00 ff 00 00 00 00 00 00 00 00 00 ff 00 00 00 00 00 00 00 00 00 ff 00 00 00 00 00 00 00 00 00 ff 00 00 00 00 00 00 00 00 02 00 00
  4685 ms  64 B  05 07 00 27 1d 3d 0d 40 00 71 00 07 03 40 1e c4 1d 06 00 0a 00 00 ff 00 00 00 00 00 00 00 00 00 ff 00 00 00 00 00 00 00 00 00 ff 00 00 00 00 00 00 00 00 00 ff 00 00 00 00 00 00 00 00 02 00 00
  4686 ms  64 B  05 07 00 2e 1d 3e 0d 40 00 71 00 07 03 9e 1d 54 1d 06 00 0a 00 00 ff 00 00 00 00 00 00 00 00 00 ff 00 00 00 00 00 00 00 00 00 ff 00 00 00 00 00 00 00 00 00 ff 00 00 00 00 00 00 00 00 02 00 00
  4696 ms  64 B  05 07 00 36 1d 3c 0d 40 00 71 00 07 03 2d 1d fe 1c 06 00 0a 00 00 ff 00 00 00 00 00 00 00 00 00 ff 00 00 00 00 00 00 00 00 00 ff 00 00 00 00 00 00 00 00 00 ff 00 00 00 00 00 00 00 00 02 00 00
  4697 ms  64 B  05 07 00 3f 1d 38 0d 40 00 71 00 07 03 c1 1c a6 1c 06 00 0a 00 00 ff 00 00 00 00 00 00 00 00 00 ff 00 00 00 00 00 00 00 00 00 ff 00 00 00 00 00 00 00 00 00 ff 00 00 00 00 00 00 00 00 02 00 00
  4698 ms  64 B  05 07 00 4a 1d 32 0d 40 00 71 00 07 03 5a 1c 4c 1c 06 00 0a 00 00 ff 00 00 00 00 00 00 00 00 00 ff 00 00 00 00 00 00 00 00 00 ff 00 00 00 00 00 00 00 00 00 ff 00 00 00 00 00 00 00 00 02 00 00
  4708 ms  64 B  05 07 00 52 1d 30 0d 40 00 71 00 07 03 fc 1b ff 1b 06 00 0a 00 00 ff 00 00 00 00 00 00 00 00 00 ff 00 00 00 00 00 00 00 00 00 ff 00 00 00 00 00 00 00 00 00 ff 00 00 00 00 00 00 00 00 02 00 00
  4709 ms  64 B  05 07 00 5c 1d 30 0d 40 00 71 00 07 03 a6 1b b8 1b 06 00 0a 00 00 ff 00 00 00 00 00 00 00 00 00 ff 00 00 00 00 00 00 00 00 00 ff 00 00 00 00 00 00 00 00 00 ff 00 00 00 00 00 00 00 00 02 00 00
  4710 ms  64 B  05 07 00 67 1d 32 0d 40 00 71 00 07 03 57 1b 77 1b 06 00 0a 00 00 ff 00 00 00 00 00 00 00 00 00 ff 00 00 00 00 00 00 00 00 00 ff 00 00 00 00 00 00 00 00 00 ff 00 00 00 00 00 00 00 00 02 00 00
  4721 ms  64 B  05 07 00 6f 1d 30 0d 40 00 71 00 07 03 3a 1b 5f 1b 06 00 0a 00 00 ff 00 00 00 00 00 00 00 00 00 ff 00 00 00 00 00 00 00 00 00 ff 00 00 00 00 00 00 00 00 00 ff 00 00 00 00 00 00 00 00 02 00 00
  4722 ms  64 B  05 07 00 76 1d 2c 0d 40 00 71 00 07 03 3a 1b 5f 1b 06 00 0a 00 00 ff 00 00 00 00 00 00 00 00 00 ff 00 00 00 00 00 00 00 00 00 ff 00 00 00 00 00 00 00 00 00 ff 00 00 00 00 00 00 00 00 02 00 00
  4723 ms  64 B  05 07 00 7c 1d 26 0d 40 00 71 00 07 03 57 1b 77 1b 06 00 0a 00 00 ff 00 00 00 00 00 00 00 00 00 ff 00 00 00 00 00 00 00 00 00 ff 00 00 00 00 00 00 00 00 00 ff 00 00 00 00 00 00 00 00 02 00 00
  4734 ms  64 B  05 07 00 83 1d 24 0d 40 00 71 00 07 03 57 1b 77 1b 06 00 0a 00 00 ff 00 00 00 00 00 00 00 00 00 ff 00 00 00 00 00 00 00 00 00 ff 00 00 00 00 00 00 00 00 00 ff 00 00 00 00 00 00 00 00 02 00 00
  4734 ms  64 B  05 07 00 8a 1d 24 0d 40 00 71 00 07 03 57 1b 77 1b 06 00 0a 00 00 ff 00 00 00 00 00 00 00 00 00 ff 00 00 00 00 00 00 00 00 00 ff 00 00 00 00 00 00 00 00 00 ff 00 00 00 00 00 00 00 00 02 00 00
  4735 ms  64 B  05 07 00 91 1d 26 0d 40 00 71 00 07 03 57 1b 77 1b 06 00 0a 00 00 ff 00 00 00 00 00 00 00 00 00 ff 00 00 00 00 00 00 00 00 00 ff 00 00 00 00 00 00 00 00 00 ff 00 00 00 00 00 00 00 00 02 00 00
  4746 ms  64 B  05 07 00 99 1d 26 0d 40 00 71 00 04 03 57 1b 77 1b 06 00 0a 00 00 ff 00 00 00 00 00 00 00 00 00 ff 00 00 00 00 00 00 00 00 00 ff 00 00 00 00 00 00 00 00 00 ff 00 00 00 00 00 00 00 00 02 00 00
  4747 ms  64 B  05 07 00 a2 1d 26 0d 40 00 71 00 00 ff 00 00 00 00 00 00 00 00 00 ff 00 00 00 00 00 00 00 00 00 ff 00 00 00 00 00 00 00 00 00 ff 00 00 00 00 00 00 00 00 00 ff 00 00 00 00 00 00 00 00 01 00 00
  4748 ms  64 B  05 07 00 ad 1d 26 0d 40 00 71 00 00 ff 00 00 00 00 00 00 00 00 00 ff 00 00 00 00 00 00 00 00 00 ff 00 00 00 00 00 00 00 00 00 ff 00 00 00 00 00 00 00 00 00 ff 00 00 00 00 00 00 00 00 01 00 00
  4758 ms  64 B  05 07 00 b4 1d 26 0d 40 00 71 00 00 ff 00 00 00 00 00 00 00 00 00 ff 00 00 00 00 00 00 00 00 00 ff 00 00 00 00 00 00 00 00 00 ff 00 00 00 00 00 00 00 00 00 ff 00 00 00 00 00 00 00 00 01 00 00
  4759 ms  64 B  05 07 00 bb 1d 26 0d 40 00 71 00 00 ff 00 00 00 00 00 00 00 00 00 ff 00 00 00 00 00 00 00 00 00 ff 00 00 00 00 00 00 00 00 00 ff 00 00 00 00 00 00 00 00 00 ff 00 00 00 00 00 00 00 00 01 00 00
  4760 ms  64 B  05 07 00 c1 1d 26 0d 40 00 71 00 00 ff 00 00 00 00 00 00 00 00 00 ff 00 00 00 00 00 00 00 00 00 ff 00 00 00 00 00 00 00 00 00 ff 00 00 00 00 00 00 00 00 00 ff 00 00 00 00 00 00 00 00 01 00 00
  4769 ms  64 B  05 07 00 c7 1d 26 0d 40 00 71 00 00 ff 00 00 00 00 00 00 00 00 00 ff 00 00 00 00 00 00 00 00 00 ff 00 00 00 00 00 00 00 00 00 ff 00 00 00 00 00 00 00 00 00 ff 00 00 00 00 00 00 00 00 01 00 00
  4770 ms  64 B  05 07 00 ce 1d 26 0d 40 00 71 00 00 ff 00 00 00 00 00 00 00 00 00 ff 00 00 00 00 00 00 00 00 00 ff 00 00 00 00 00 00 00 00 00 ff 00 00 00 00 00 00 00 00 00 ff 00 00 00 00 00 00 00 00 01 00 00
  4771 ms  64 B  05 07 00 d6 1d 26 0d 40 00 71 00 00 ff 00 00 00 00 00 00 00 00 00 ff 00 00 00 00 00 00 00 00 00 ff 00 00 00 00 00 00 00 00 00 ff 00 00 00 00 00 00 00 00 00 ff 00 00 00 00 00 00 00 00 01 00 00
  4782 ms  64 B  05 07 00 de 1d 26 0d 40 00 71 00 00 ff 00 00 00 00 00 00 00 00 00 ff 00 00 00 00 00 00 00 00 00 ff 00 00 00 00 00 00 00 00 00 ff 00 00 00 00 00 00 00 00 00 ff 00 00 00 00 00 00 00 00 01 00 00
  4782 ms  64 B  05 07 00 e7 1d 26 0d 40 00 71 00 00 ff 00 00 00 00 00 00 00 00 00 ff 00 00 00 00 00 00 00 00 00 ff 00 00 00 00 00 00 00 00 00 ff 00 00 00 00 00 00 00 00 00 ff 00 00 00 00 00 00 00 00 01 00 00
  4783 ms  64 B  05 07 00 f2 1d 26 0d 40 00 71 00 00 ff 00 00 00 00 00 00 00 00 00 ff 00 00 00 00 00 00 00 00 00 ff 00 00 00 00 00 00 00 00 00 ff 00 00 00 00 00 00 00 00 00 ff 00 00 00 00 00 00 00 00 01 00 00
  4794 ms  64 B  05 07 00 fb 1d 28 0d 40 00 71 00 00 ff 00 00 00 00 00 00 00 00 00 ff 00 00 00 00 00 00 00 00 00 ff 00 00 00 00 00 00 00 00 00 ff 00 00 00 00 00 00 00 00 00 ff 00 00 00 00 00 00 00 00 01 00 00
  4795 ms  64 B  05 07 00 04 1e 2c 0d 40 00 71 00 00 ff 00 00 00 00 00 00 00 00 00 ff 00 00 00 00 00 00 00 00 00 ff 00 00 00 00 00 00 00 00 00 ff 00 00 00 00 00 00 00 00 00 ff 00 00 00 00 00 00 00 00 01 00 00
  4796 ms  64 B  05 07 00 0e 1e 32 0d 40 00 71 00 00 ff 00 00 00 00 00 00 00 00 00 ff 00 00 00 00 00 00 00 00 00 ff 00 00 00 00 00 00 00 00 00 ff 00 00 00 00 00 00 00 00 00 ff 00 00 00 00 00 00 00 00 01 00 00
  4806 ms  64 B  05 07 00 17 1e 34 0d 40 00 71 00 00 ff 00 00 00 00 00 00 00 00 00 ff 00 00 00 00 00 00 00 00 00 ff 00 00 00 00 00 00 00 00 00 ff 00 00 00 00 00 00 00 00 00 ff 00 00 00 00 00 00 00 00 01 00 00
  4807 ms  64 B  05 07 00 20 1e 34 0d 40 00 71 00 00 ff 00 00 00 00 00 00 00 00 00 ff 00 00 00 00 00 00 00 00 00 ff 00 00 00 00 00 00 00 00 00 ff 00 00 00 00 00 00 00 00 00 ff 00 00 00 00 00 00 00 00 01 00 00
  4808 ms  64 B  05 07 00 2a 1e 32 0d 40 00 71 00 00 ff 00 00 00 00 00 00 00 00 00 ff 00 00 00 00 00 00 00 00 00 ff 00 00 00 00 00 00 00 00 00 ff 00 00 00 00 00 00 00 00 00 ff 00 00 00 00 00 00 00 00 01 00 00
  4817 ms  64 B  05 07 00 32 1e 32 0d 40 00 71 00 00 ff 00 00 00 00 00 00 00 00 00 ff 00 00 00 00 00 00 00 00 00 ff 00 00 00 00 00 00 00 00 00 ff 00 00 00 00 00 00 00 00 00 ff 00 00 00 00 00 00 00 00 01 00 00
  4818 ms  64 B  05 07 00 39 1e 32 0d 40 00 71 00 00 ff 00 00 00 00 00 00 00 00 00 ff 00 00 00 00 00 00 00 00 00 ff 00 00 00 00 00 00 00 00 00 ff 00 00 00 00 00 00 00 00 00 ff 00 00 00 00 00 00 00 00 01 00 00
  4819 ms  64 B  05 07 00 3f 1e 32 0d 40 00 71 00 00 ff 00 00 00 00 00 00 00 00 00 ff 00 00 00 00 00 00 00 00 00 ff 00 00 00 00 00 00 00 00 00 ff 00 00 00 00 00 00 00 00 00 ff 00 00 00 00 00 00 00 00 01 00 00
  4827 ms  64 B  05 07 00 47 1e 32 0d 40 00 71 00 00 ff 00 00 00 00 00 00 00 00 00 ff 00 00 00 00 00 00 00 00 00 ff 00 00 00 00 00 00 00 00 00 ff 00 00 00 00 00 00 00 00 00 ff 00 00 00 00 00 00 00 00 01 00 00
  4828 ms  64 B  05 07 00 51 1e 32 0d 40 00 71 00 00 ff 00 00 00 00 00 00 00 00 00 ff 00 00 00 00 00 00 00 00 00 ff 00 00 00 00 00 00 00 00 00 ff 00 00 00 00 00 00 00 00 00 ff 00 00 00 00 00 00 00 00 01 00 00
  4829 ms  64 B  05 07 00 5c 1e 32 0d 40 00 71 00 00 ff 00 00 00 00 00 00 00 00 00 ff 00 00 00 00 00 00 00 00 00 ff 00 00 00 00 00 00 00 00 00 ff 00 00 00 00 00 00 00 00 00 ff 00 00 00 00 00 00 00 00 01 00 00
  4838 ms  64 B  05 07 00 64 1e 30 0d 40 00 71 00 00 ff 00 00 00 00 00 00 00 00 00 ff 00 00 00 00 00 00 00 00 00 ff 00 00 00 00 00 00 00 00 00 ff 00 00 00 00 00 00 00 00 00 ff 00 00 00 00 00 00 00 00 01 00 00
  4839 ms  64 B  05 07 00 6b 1e 2c 0d 40 00 71 00 00 ff 00 00 00 00 00 00 00 00 00 ff 00 00 00 00 00 00 00 00 00 ff 00 00 00 00 00 00 00 00 00 ff 00 00 00 00 00 00 00 00 00 ff 00 00 00 00 00 00 00 00 01 00 00
  4840 ms  64 B  05 07 00 71 1e 26 0d 40 00 71 00 00 ff 00 00 00 00 00 00 00 00 00 ff 00 00 00 00 00 00 00 00 00 ff 00 00 00 00 00 00 00 00 00 ff 00 00 00 00 00 00 00 00 00 ff 00 00 00 00 00 00 00 00 01 00 00
  4850 ms  64 B  05 07 00 78 1e 24 0d 40 00 71 00 00 ff 00 00 00 00 00 00 00 00 00 ff 00 00 00 00 00 00 00 00 00 ff 00 00 00 00 00 00 00 00 00 ff 00 00 00 00 00 00 00 00 00 ff 00 00 00 00 00 00 00 00 01 00 00
  4851 ms  64 B  05 07 00 7f 1e 24 0d 40 00 71 00 00 ff 00 00 00 00 00 00 00 00 00 ff 00 00 00 00 00 00 00 00 00 ff 00 00 00 00 00 00 00 00 00 ff 00 00 00 00 00 00 00 00 00 ff 00 00 00 00 00 00 00 00 01 00 00
  4852 ms  64 B  05 07 00 86 1e 26 0d 40 00 71 00 00 ff 00 00 00 00 00 00 00 00 00 ff 00 00 00 00 00 00 00 00 00 ff 00 00 00 00 00 00 00 00 00 ff 00 00 00 00 00 00 00 00 00 ff 00 00 00 00 00 00 00 00 01 00 00
  4861 ms  64 B  05 07 00 8e 1e 23 0d 40 00 71 00 00 ff 00 00 00 00 00 00 00 00 00 ff 00 00 00 00 00 00 00 00 00 ff 00 00 00 00 00 00 00 00 00 ff 00 00 00 00 00 00 00 00 00 ff 00 00 00 00 00 00 00 00 01 00 00
  4862 ms  64 B  05 07 00 97 1e 1e 0d 40 00 71 00 00 ff 00 00 00 00 00 00 00 00 00 ff 00 00 00 00 00 00 00 00 00 ff 00 00 00 00 00 00 00 00 00 ff 00 00 00 00 00 00 00 00 00 ff 00 00 00 00 00 00 00 00 01 00 00
  4863 ms  64 B  05 07 00 a2 1e 19 0d 40 00 71 00 00 ff 00 00 00 00 00 00 00 00 00 ff 00 00 00 00 00 00 00 00 00 ff 00 00 00 00 00 00 00 00 00 ff 00 00 00 00 00 00 00 00 00 ff 00 00 00 00 00 00 00 00 01 00 00
  4872 ms  64 B  05 07 00 ab 1e 14 0d 40 00 71 00 00 ff 00 00 00 00 00 00 00 00 00 ff 00 00 00 00 00 00 00 00 00 ff 00 00 00 00 00 00 00 00 00 ff 00 00 00 00 00 00 00 00 00 ff 00 00 00 00 00 00 00 00 01 00 00
  4873 ms  64 B  05 07 00 b4 1e 11 0d 40 00 71 00 00 ff 00 00 00 00 00 00 00 00 00 ff 00 00 00 00 00 00 00 00 00 ff 00 00 00 00 00 00 00 00 00 ff 00 00 00 00 00 00 00 00 00 ff 00 00 00 00 00 00 00 00 01 00 00
  4874 ms  64 B  05 07 00 be 1e 0d 0d 40 00 71 00 00 ff 00 00 00 00 00 00 00 00 00 ff 00 00 00 00 00 00 00 00 00 ff 00 00 00 00 00 00 00 00 00 ff 00 00 00 00 00 00 00 00 00 ff 00 00 00 00 00 00 00 00 01 00 00
  4882 ms  64 B  05 07 00 c7 1e 0a 0d 40 00 71 00 00 ff 00 00 00 00 00 00 00 00 00 ff 00 00 00 00 00 00 00 00 00 ff 00 00 00 00 00 00 00 00 00 ff 00 00 00 00 00 00 00 00 00 ff 00 00 00 00 00 00 00 00 01 00 00
  4883 ms  64 B  05 07 00 d0 1e 05 0d 40 00 71 00 00 ff 00 00 00 00 00 00 00 00 00 ff 00 00 00 00 00 00 00 00 00 ff 00 00 00 00 00 00 00 00 00 ff 00 00 00 00 00 00 00 00 00 ff 00 00 00 00 00 00 00 00 01 00 00
  4884 ms  64 B  05 07 00 da 1e 00 0d 40 00 71 00 00 ff 00 00 00 00 00 00 00 00 00 ff 00 00 00 00 00 00 00 00 00 ff 00 00 00 00 00 00 00 00 00 ff 00 00 00 00 00 00 00 00 00 ff 00 00 00 00 00 00 00 00 01 00 00
  4891 ms  64 B  05 07 00 e4 1e fb 0c 40 00 71 00 00 ff 00 00 00 00 00 00 00 00 00 ff 00 00 00 00 00 00 00 00 00 ff 00 00 00 00 00 00 00 00 00 ff 00 00 00 00 00 00 00 00 00 ff 00 00 00 00 00 00 00 00 01 00 00
  4892 ms  64 B  05 07 00 ef 1e f8 0c 40 00 71 00 00 ff 00 00 00 00 00 00 00 00 00 ff 00 00 00 00 00 00 00 00 00 ff 00 00 00 00 00 00 00 00 00 ff 00 00 00 00 00 00 00 00 00 ff 00 00 00 00 00 00 00 00 01 00 00
  4893 ms  64 B  05 07 00 fd 1e f4 0c 40 00 71 00 00 ff 00 00 00 00 00 00 00 00 00 ff 00 00 00 00 00 00 00 00 00 ff 00 00 00 00 00 00 00 00 00 ff 00 00 00 00 00 00 00 00 00 ff 00 00 00 00 00 00 00 00 01 00 00
  4901 ms  64 B  05 07 00 07 1f ee 0c 40 00 71 00 00 ff 00 00 00 00 00 00 00 00 00 ff 00 00 00 00 00 00 00 00 00 ff 00 00 00 00 00 00 00 00 00 ff 00 00 00 00 00 00 00 00 00 ff 00 00 00 00 00 00 00 00 01 00 00
  4902 ms  64 B  05 07 00 11 1f e5 0c 40 00 71 00 00 ff 00 00 00 00 00 00 00 00 00 ff 00 00 00 00 00 00 00 00 00 ff 00 00 00 00 00 00 00 00 00 ff 00 00 00 00 00 00 00 00 00 ff 00 00 00 00 00 00 00 00 01 00 00
  4903 ms  64 B  05 07 00 19 1f da 0c 40 00 71 00 00 ff 00 00 00 00 00 00 00 00 00 ff 00 00 00 00 00 00 00 00 00 ff 00 00 00 00 00 00 00 00 00 ff 00 00 00 00 00 00 00 00 00 ff 00 00 00 00 00 00 00 00 01 00 00
  4913 ms  64 B  05 07 00 21 1f d4 0c 40 00 71 00 00 ff 00 00 00 00 00 00 00 00 00 ff 00 00 00 00 00 00 00 00 00 ff 00 00 00 00 00 00 00 00 00 ff 00 00 00 00 00 00 00 00 00 ff 00 00 00 00 00 00 00 00 01 00 00
  4914 ms  64 B  05 07 00 2b 1f d0 0c 40 00 71 00 00 ff 00 00 00 00 00 00 00 00 00 ff 00 00 00 00 00 00 00 00 00 ff 00 00 00 00 00 00 00 00 00 ff 00 00 00 00 00 00 00 00 00 ff 00 00 00 00 00 00 00 00 01 00 00
  4915 ms  64 B  05 07 00 36 1f cd 0c 40 00 71 00 00 ff 00 00 00 00 00 00 00 00 00 ff 00 00 00 00 00 00 00 00 00 ff 00 00 00 00 00 00 00 00 00 ff 00 00 00 00 00 00 00 00 00 ff 00 00 00 00 00 00 00 00 01 00 00
  4923 ms  64 B  05 07 00 40 1f c8 0c 40 00 71 00 00 ff 00 00 00 00 00 00 00 00 00 ff 00 00 00 00 00 00 00 00 00 ff 00 00 00 00 00 00 00 00 00 ff 00 00 00 00 00 00 00 00 00 ff 00 00 00 00 00 00 00 00 01 00 00
  4924 ms  64 B  05 07 00 49 1f c5 0c 40 00 71 00 00 ff 00 00 00 00 00 00 00 00 00 ff 00 00 00 00 00 00 00 00 00 ff 00 00 00 00 00 00 00 00 00 ff 00 00 00 00 00 00 00 00 00 ff 00 00 00 00 00 00 00 00 01 00 00
  4925 ms  64 B  05 07 00 52 1f c1 0c 40 00 71 00 00 ff 00 00 00 00 00 00 00 00 00 ff 00 00 00 00 00 00 00 00 00 ff 00 00 00 00 00 00 00 00 00 ff 00 00 00 00 00 00 00 00 00 ff 00 00 00 00 00 00 00 00 01 00 00
  4933 ms  64 B  05 07 00 5c 1f bd 0c 40 00 71 00 00 ff 00 00 00 00 00 00 00 00 00 ff 00 00 00 00 00 00 00 00 00 ff 00 00 00 00 00 00 00 00 00 ff 00 00 00 00 00 00 00 00 00 ff 00 00 00 00 00 00 00 00 01 00 00
  4934 ms  64 B  05 07 00 64 1f b9 0c 40 00 71 00 00 ff 00 00 00 00 00 00 00 00 00 ff 00 00 00 00 00 00 00 00 00 ff 00 00 00 00 00 00 00 00 00 ff 00 00 00 00 00 00 00 00 00 ff 00 00 00 00 00 00 00 00 01 00 00
  4935 ms  64 B  05 07 00 6d 1f b5 0c 40 00 71 00 00 ff 00 00 00 00 00 00 00 00 00 ff 00 00 00 00 00 00 00 00 00 ff 00 00 00 00 00 00 00 00 00 ff 00 00 00 00 00 00 00 00 00 ff 00 00 00 00 00 00 00 00 01 00 00
  4943 ms  64 B  05 07 00 75 1f b3 0c 40 00 71 00 00 ff 00 00 00 00 00 00 00 00 00 ff 00 00 00 00 00 00 00 00 00 ff 00 00 00 00 00 00 00 00 00 ff 00 00 00 00 00 00 00 00 00 ff 00 00 00 00 00 00 00 00 01 00 00
  4944 ms  64 B  05 07 00 7f 1f b3 0c 40 00 71 00 00 ff 00 00 00 00 00 00 00 00 00 ff 00 00 00 00 00 00 00 00 00 ff 00 00 00 00 00 00 00 00 00 ff 00 00 00 00 00 00 00 00 00 ff 00 00 00 00 00 00 00 00 01 00 00
  4945 ms  64 B  05 07 00 89 1f b5 0c 40 00 71 00 00 ff 00 00 00 00 00 00 00 00 00 ff 00 00 00 00 00 00 00 00 00 ff 00 00 00 00 00 00 00 00 00 ff 00 00 00 00 00 00 00 00 00 ff 00 00 00 00 00 00 00 00 01 00 00
  4953 ms  64 B  05 07 00 92 1f b5 0c 40 00 71 00 00 ff 00 00 00 00 00 00 00 00 00 ff 00 00 00 00 00 00 00 00 00 ff 00 00 00 00 00 00 00 00 00 ff 00 00 00 00 00 00 00 00 00 ff 00 00 00 00 00 00 00 00 01 00 00
  4954 ms  64 B  05 07 00 9b 1f b5 0c 40 00 71 00 00 ff 00 00 00 00 00 00 00 00 00 ff 00 00 00 00 00 00 00 00 00 ff 00 00 00 00 00 00 00 00 00 ff 00 00 00 00 00 00 00 00 00 ff 00 00 00 00 00 00 00 00 01 00 00
  4955 ms  64 B  05 07 00 a5 1f b5 0c 40 00 71 00 00 ff 00 00 00 00 00 00 00 00 00 ff 00 00 00 00 00 00 00 00 00 ff 00 00 00 00 00 00 00 00 00 ff 00 00 00 00 00 00 00 00 00 ff 00 00 00 00 00 00 00 00 01 00 00
  4962 ms  64 B  05 07 00 ae 1f b5 0c 40 00 71 00 00 ff 00 00 00 00 00 00 00 00 00 ff 00 00 00 00 00 00 00 00 00 ff 00 00 00 00 00 00 00 00 00 ff 00 00 00 00 00 00 00 00 00 ff 00 00 00 00 00 00 00 00 01 00 00
  4963 ms  64 B  05 07 00 b7 1f b5 0c 40 00 71 00 00 ff 00 00 00 00 00 00 00 00 00 ff 00 00 00 00 00 00 00 00 00 ff 00 00 00 00 00 00 00 00 00 ff 00 00 00 00 00 00 00 00 00 ff 00 00 00 00 00 00 00 00 01 00 00
  4965 ms  64 B  05 07 00 c1 1f b5 0c 40 00 71 00 00 ff 00 00 00 00 00 00 00 00 00 ff 00 00 00 00 00 00 00 00 00 ff 00 00 00 00 00 00 00 00 00 ff 00 00 00 00 00 00 00 00 00 ff 00 00 00 00 00 00 00 00 01 00 00
  4973 ms  64 B  05 07 00 ca 1f b5 0c 40 00 71 00 00 ff 00 00 00 00 00 00 00 00 00 ff 00 00 00 00 00 00 00 00 00 ff 00 00 00 00 00 00 00 00 00 ff 00 00 00 00 00 00 00 00 00 ff 00 00 00 00 00 00 00 00 01 00 00
  4973 ms  64 B  05 07 00 d3 1f b5 0c 40 00 71 00 00 ff 00 00 00 00 00 00 00 00 00 ff 00 00 00 00 00 00 00 00 00 ff 00 00 00 00 00 00 00 00 00 ff 00 00 00 00 00 00 00 00 00 ff 00 00 00 00 00 00 00 00 01 00 00
  4974 ms  64 B  05 07 00 dd 1f b5 0c 40 00 71 00 00 ff 00 00 00 00 00 00 00 00 00 ff 00 00 00 00 00 00 00 00 00 ff 00 00 00 00 00 00 00 00 00 ff 00 00 00 00 00 00 00 00 00 ff 00 00 00 00 00 00 00 00 01 00 00
  4983 ms  64 B  05 07 00 e6 1f b5 0c 40 00 71 00 00 ff 00 00 00 00 00 00 00 00 00 ff 00 00 00 00 00 00 00 00 00 ff 00 00 00 00 00 00 00 00 00 ff 00 00 00 00 00 00 00 00 00 ff 00 00 00 00 00 00 00 00 01 00 00
  4984 ms  64 B  05 07 00 ef 1f b5 0c 40 00 71 00 00 ff 00 00 00 00 00 00 00 00 00 ff 00 00 00 00 00 00 00 00 00 ff 00 00 00 00 00 00 00 00 00 ff 00 00 00 00 00 00 00 00 00 ff 00 00 00 00 00 00 00 00 01 00 00
  4985 ms  64 B  05 07 00 f9 1f b5 0c 40 00 71 00 00 ff 00 00 00 00 00 00 00 00 00 ff 00 00 00 00 00 00 00 00 00 ff 00 00 00 00 00 00 00 00 00 ff 00 00 00 00 00 00 00 00 00 ff 00 00 00 00 00 00 00 00 01 00 00
  4993 ms  64 B  05 07 00 01 20 b5 0c 40 00 71 00 00 ff 00 00 00 00 00 00 00 00 00 ff 00 00 00 00 00 00 00 00 00 ff 00 00 00 00 00 00 00 00 00 ff 00 00 00 00 00 00 00 00 00 ff 00 00 00 00 00 00 00 00 01 00 00
  4994 ms  64 B  05 07 00 0b 20 b5 0c 40 00 71 00 00 ff 00 00 00 00 00 00 00 00 00 ff 00 00 00 00 00 00 00 00 00 ff 00 00 00 00 00 00 00 00 00 ff 00 00 00 00 00 00 00 00 00 ff 00 00 00 00 00 00 00 00 01 00 00
  4995 ms  64 B  05 07 00 16 20 b5 0c 40 00 71 00 00 ff 00 00 00 00 00 00 00 00 00 ff 00 00 00 00 00 00 00 00 00 ff 00 00 00 00 00 00 00 00 00 ff 00 00 00 00 00 00 00 00 00 ff 00 00 00 00 00 00 00 00 01 00 00
  5003 ms  64 B  05 07 00 20 20 b2 0c 40 00 71 00 00 ff 00 00 00 00 00 00 00 00 00 ff 00 00 00 00 00 00 00 00 00 ff 00 00 00 00 00 00 00 00 00 ff 00 00 00 00 00 00 00 00 00 ff 00 00 00 00 00 00 00 00 01 00 00
  5004 ms  64 B  05 07 00 29 20 ad 0c 40 00 71 00 00 ff 00 00 00 00 00 00 00 00 00 ff 00 00 00 00 00 00 00 00 00 ff 00 00 00 00 00 00 00 00 00 ff 00 00 00 00 00 00 00 00 00 ff 00 00 00 00 00 00 00 00 01 00 00
  5005 ms  64 B  05 07 00 32 20 a8 0c 40 00 71 00 00 ff 00 00 00 00 00 00 00 00 00 ff 00 00 00 00 00 00 00 00 00 ff 00 00 00 00 00 00 00 00 00 ff 00 00 00 00 00 00 00 00 00 ff 00 00 00 00 00 00 00 00 01 00 00
  5013 ms  64 B  05 07 00 3b 20 a6 0c 40 00 71 00 00 ff 00 00 00 00 00 00 00 00 00 ff 00 00 00 00 00 00 00 00 00 ff 00 00 00 00 00 00 00 00 00 ff 00 00 00 00 00 00 00 00 00 ff 00 00 00 00 00 00 00 00 01 00 00
  5014 ms  64 B  05 07 00 44 20 a7 0c 40 00 71 00 00 ff 00 00 00 00 00 00 00 00 00 ff 00 00 00 00 00 00 00 00 00 ff 00 00 00 00 00 00 00 00 00 ff 00 00 00 00 00 00 00 00 00 ff 00 00 00 00 00 00 00 00 01 00 00
  5015 ms  64 B  05 07 00 4e 20 a8 0c 40 00 71 00 00 ff 00 00 00 00 00 00 00 00 00 ff 00 00 00 00 00 00 00 00 00 ff 00 00 00 00 00 00 00 00 00 ff 00 00 00 00 00 00 00 00 00 ff 00 00 00 00 00 00 00 00 01 00 00
  5023 ms  64 B  05 07 00 57 20 a6 0c 40 00 71 00 00 ff 00 00 00 00 00 00 00 00 00 ff 00 00 00 00 00 00 00 00 00 ff 00 00 00 00 00 00 00 00 00 ff 00 00 00 00 00 00 00 00 00 ff 00 00 00 00 00 00 00 00 01 00 00
  5024 ms  64 B  05 07 00 60 20 a2 0c 40 00 71 00 00 ff 00 00 00 00 00 00 00 00 00 ff 00 00 00 00 00 00 00 00 00 ff 00 00 00 00 00 00 00 00 00 ff 00 00 00 00 00 00 00 00 00 ff 00 00 00 00 00 00 00 00 01 00 00
  5025 ms  64 B  05 07 00 6a 20 9c 0c 40 00 71 00 00 ff 00 00 00 00 00 00 00 00 00 ff 00 00 00 00 00 00 00 00 00 ff 00 00 00 00 00 00 00 00 00 ff 00 00 00 00 00 00 00 00 00 ff 00 00 00 00 00 00 00 00 01 00 00
  5033 ms  64 B  05 07 00 73 20 99 0c 40 00 71 00 00 ff 00 00 00 00 00 00 00 00 00 ff 00 00 00 00 00 00 00 00 00 ff 00 00 00 00 00 00 00 00 00 ff 00 00 00 00 00 00 00 00 00 ff 00 00 00 00 00 00 00 00 01 00 00
  5034 ms  64 B  05 07 00 7c 20 94 0c 40 00 71 00 00 ff 00 00 00 00 00 00 00 00 00 ff 00 00 00 00 00 00 00 00 00 ff 00 00 00 00 00 00 00 00 00 ff 00 00 00 00 00 00 00 00 00 ff 00 00 00 00 00 00 00 00 01 00 00
  5035 ms  64 B  05 07 00 86 20 8f 0c 40 00 71 00 00 ff 00 00 00 00 00 00 00 00 00 ff 00 00 00 00 00 00 00 00 00 ff 00 00 00 00 00 00 00 00 00 ff 00 00 00 00 00 00 00 00 00 ff 00 00 00 00 00 00 00 00 01 00 00
  5043 ms  64 B  05 07 00 8f 20 8a 0c 40 00 71 00 00 ff 00 00 00 00 00 00 00 00 00 ff 00 00 00 00 00 00 00 00 00 ff 00 00 00 00 00 00 00 00 00 ff 00 00 00 00 00 00 00 00 00 ff 00 00 00 00 00 00 00 00 01 00 00
  5044 ms  64 B  05 07 00 98 20 87 0c 40 00 71 00 00 ff 00 00 00 00 00 00 00 00 00 ff 00 00 00 00 00 00 00 00 00 ff 00 00 00 00 00 00 00 00 00 ff 00 00 00 00 00 00 00 00 00 ff 00 00 00 00 00 00 00 00 01 00 00
  5045 ms  64 B  05 07 00 a2 20 83 0c 40 00 71 00 00 ff 00 00 00 00 00 00 00 00 00 ff 00 00 00 00 00 00 00 00 00 ff 00 00 00 00 00 00 00 00 00 ff 00 00 00 00 00 00 00 00 00 ff 00 00 00 00 00 00 00 00 01 00 00
  5053 ms  64 B  05 07 00 ab 20 80 0c 40 00 71 00 00 ff 00 00 00 00 00 00 00 00 00 ff 00 00 00 00 00 00 00 00 00 ff 00 00 00 00 00 00 00 00 00 ff 00 00 00 00 00 00 00 00 00 ff 00 00 00 00 00 00 00 00 01 00 00
  5054 ms  64 B  05 07 00 b4 20 7b 0c 40 00 71 00 00 ff 00 00 00 00 00 00 00 00 00 ff 00 00 00 00 00 00 00 00 00 ff 00 00 00 00 00 00 00 00 00 ff 00 00 00 00 00 00 00 00 00 ff 00 00 00 00 00 00 00 00 01 00 00
  5055 ms  64 B  05 07 00 be 20 76 0c 40 00 71 00 00 ff 00 00 00 00 00 00 00 00 00 ff 00 00 00 00 00 00 00 00 00 ff 00 00 00 00 00 00 00 00 00 ff 00 00 00 00 00 00 00 00 00 ff 00 00 00 00 00 00 00 00 01 00 00
  5063 ms  64 B  05 07 00 c6 20 71 0c 40 00 71 00 00 ff 00 00 00 00 00 00 00 00 00 ff 00 00 00 00 00 00 00 00 00 ff 00 00 00 00 00 00 00 00 00 ff 00 00 00 00 00 00 00 00 00 ff 00 00 00 00 00 00 00 00 01 00 00
  5064 ms  64 B  05 07 00 cd 20 6e 0c 40 00 71 00 00 ff 00 00 00 00 00 00 00 00 00 ff 00 00 00 00 00 00 00 00 00 ff 00 00 00 00 00 00 00 00 00 ff 00 00 00 00 00 00 00 00 00 ff 00 00 00 00 00 00 00 00 01 00 00
  5065 ms  64 B  05 07 00 d3 20 6a 0c 40 00 71 00 00 ff 00 00 00 00 00 00 00 00 00 ff 00 00 00 00 00 00 00 00 00 ff 00 00 00 00 00 00 00 00 00 ff 00 00 00 00 00 00 00 00 00 ff 00 00 00 00 00 00 00 00 01 00 00
  5074 ms  64 B  05 07 00 db 20 68 0c 40 00 71 00 00 ff 00 00 00 00 00 00 00 00 00 ff 00 00 00 00 00 00 00 00 00 ff 00 00 00 00 00 00 00 00 00 ff 00 00 00 00 00 00 00 00 00 ff 00 00 00 00 00 00 00 00 01 00 00
  5075 ms  64 B  05 07 00 e4 20 68 0c 40 00 71 00 00 ff 00 00 00 00 00 00 00 00 00 ff 00 00 00 00 00 00 00 00 00 ff 00 00 00 00 00 00 00 00 00 ff 00 00 00 00 00 00 00 00 00 ff 00 00 00 00 00 00 00 00 01 00 00
  5076 ms  64 B  05 07 00 ef 20 6a 0c 40 00 71 00 00 ff 00 00 00 00 00 00 00 00 00 ff 00 00 00 00 00 00 00 00 00 ff 00 00 00 00 00 00 00 00 00 ff 00 00 00 00 00 00 00 00 00 ff 00 00 00 00 00 00 00 00 01 00 00
  5084 ms  64 B  05 07 00 f7 20 67 0c 40 00 71 00 00 ff 00 00 00 00 00 00 00 00 00 ff 00 00 00 00 00 00 00 00 00 ff 00 00 00 00 00 00 00 00 00 ff 00 00 00 00 00 00 00 00 00 ff 00 00 00 00 00 00 00 00 01 00 00
  5085 ms  64 B  05 07 00 fe 20 62 0c 40 00 71 00 00 ff 00 00 00 00 00 00 00 00 00 ff 00 00 00 00 00 00 00 00 00 ff 00 00 00 00 00 00 00 00 00 ff 00 00 00 00 00 00 00 00 00 ff 00 00 00 00 00 00 00 00 01 00 00
  5086 ms  64 B  05 07 00 05 21 5d 0c 40 00 71 00 00 ff 00 00 00 00 00 00 00 00 00 ff 00 00 00 00 00 00 00 00 00 ff 00 00 00 00 00 00 00 00 00 ff 00 00 00 00 00 00 00 00 00 ff 00 00 00 00 00 00 00 00 01 00 00
  5094 ms  64 B  05 07 00 0d 21 58 0c 40 00 71 00 00 ff 00 00 00 00 00 00 00 00 00 ff 00 00 00 00 00 00 00 00 00 ff 00 00 00 00 00 00 00 00 00 ff 00 00 00 00 00 00 00 00 00 ff 00 00 00 00 00 00 00 00 01 00 00
  5095 ms  64 B  05 07 00 15 21 55 0c 40 00 71 00 00 ff 00 00 00 00 00 00 00 00 00 ff 00 00 00 00 00 00 00 00 00 ff 00 00 00 00 00 00 00 00 00 ff 00 00 00 00 00 00 00 00 00 ff 00 00 00 00 00 00 00 00 01 00 00
  5096 ms  64 B  05 07 00 20 21 51 0c 40 00 71 00 00 ff 00 00 00 00 00 00 00 00 00 ff 00 00 00 00 00 00 00 00 00 ff 00 00 00 00 00 00 00 00 00 ff 00 00 00 00 00 00 00 00 00 ff 00 00 00 00 00 00 00 00 01 00 00
  5103 ms  64 B  05 07 00 28 21 4d 0c 40 00 71 00 00 ff 00 00 00 00 00 00 00 00 00 ff 00 00 00 00 00 00 00 00 00 ff 00 00 00 00 00 00 00 00 00 ff 00 00 00 00 00 00 00 00 00 ff 00 00 00 00 00 00 00 00 01 00 00
  5104 ms  64 B  05 07 00 32 21 49 0c 40 00 71 00 00 ff 00 00 00 00 00 00 00 00 00 ff 00 00 00 00 00 00 00 00 00 ff 00 00 00 00 00 00 00 00 00 ff 00 00 00 00 00 00 00 00 00 ff 00 00 00 00 00 00 00 00 01 00 00
  5105 ms  64 B  05 07 00 3c 21 45 0c 40 00 71 00 00 ff 00 00 00 00 00 00 00 00 00 ff 00 00 00 00 00 00 00 00 00 ff 00 00 00 00 00 00 00 00 00 ff 00 00 00 00 00 00 00 00 00 ff 00 00 00 00 00 00 00 00 01 00 00
  5112 ms  64 B  05 07 00 45 21 42 0c 40 00 71 00 00 ff 00 00 00 00 00 00 00 00 00 ff 00 00 00 00 00 00 00 00 00 ff 00 00 00 00 00 00 00 00 00 ff 00 00 00 00 00 00 00 00 00 ff 00 00 00 00 00 00 00 00 01 00 00
  5113 ms  64 B  05 07 00 4e 21 3d 0c 40 00 71 00 00 ff 00 00 00 00 00 00 00 00 00 ff 00 00 00 00 00 00 00 00 00 ff 00 00 00 00 00 00 00 00 00 ff 00 00 00 00 00 00 00 00 00 ff 00 00 00 00 00 00 00 00 01 00 00
  5114 ms  64 B  05 07 00 58 21 38 0c 40 00 71 00 00 ff 00 00 00 00 00 00 00 00 00 ff 00 00 00 00 00 00 00 00 00 ff 00 00 00 00 00 00 00 00 00 ff 00 00 00 00 00 00 00 00 00 ff 00 00 00 00 00 00 00 00 01 00 00
  5121 ms  64 B  05 07 00 61 21 34 0c 40 00 71 00 00 ff 00 00 00 00 00 00 00 00 00 ff 00 00 00 00 00 00 00 00 00 ff 00 00 00 00 00 00 00 00 00 ff 00 00 00 00 00 00 00 00 00 ff 00 00 00 00 00 00 00 00 01 00 00
  5122 ms  64 B  05 07 00 6a 21 30 0c 40 00 71 00 00 ff 00 00 00 00 00 00 00 00 00 ff 00 00 00 00 00 00 00 00 00 ff 00 00 00 00 00 00 00 00 00 ff 00 00 00 00 00 00 00 00 00 ff 00 00 00 00 00 00 00 00 01 00 00
  5123 ms  64 B  05 07 00 74 21 2b 0c 40 00 71 00 00 ff 00 00 00 00 00 00 00 00 00 ff 00 00 00 00 00 00 00 00 00 ff 00 00 00 00 00 00 00 00 00 ff 00 00 00 00 00 00 00 00 00 ff 00 00 00 00 00 00 00 00 01 00 00
  5130 ms  64 B  05 07 00 7c 21 27 0c 40 00 71 00 00 ff 00 00 00 00 00 00 00 00 00 ff 00 00 00 00 00 00 00 00 00 ff 00 00 00 00 00 00 00 00 00 ff 00 00 00 00 00 00 00 00 00 ff 00 00 00 00 00 00 00 00 01 00 00
  5131 ms  64 B  05 07 00 83 21 23 0c 40 00 71 00 00 ff 00 00 00 00 00 00 00 00 00 ff 00 00 00 00 00 00 00 00 00 ff 00 00 00 00 00 00 00 00 00 ff 00 00 00 00 00 00 00 00 00 ff 00 00 00 00 00 00 00 00 01 00 00
  5132 ms  64 B  05 07 00 89 21 1e 0c 40 00 71 00 00 ff 00 00 00 00 00 00 00 00 00 ff 00 00 00 00 00 00 00 00 00 ff 00 00 00 00 00 00 00 00 00 ff 00 00 00 00 00 00 00 00 00 ff 00 00 00 00 00 00 00 00 01 00 00
  5140 ms  64 B  05 07 00 92 21 19 0c 40 00 71 00 00 ff 00 00 00 00 00 00 00 00 00 ff 00 00 00 00 00 00 00 00 00 ff 00 00 00 00 00 00 00 00 00 ff 00 00 00 00 00 00 00 00 00 ff 00 00 00 00 00 00 00 00 01 00 00
  5141 ms  64 B  05 07 00 9e 21 16 0c 40 00 71 00 00 ff 00 00 00 00 00 00 00 00 00 ff 00 00 00 00 00 00 00 00 00 ff 00 00 00 00 00 00 00 00 00 ff 00 00 00 00 00 00 00 00 00 ff 00 00 00 00 00 00 00 00 01 00 00
  5142 ms  64 B  05 07 00 ac 21 12 0c 40 00 71 00 00 ff 00 00 00 00 00 00 00 00 00 ff 00 00 00 00 00 00 00 00 00 ff 00 00 00 00 00 00 00 00 00 ff 00 00 00 00 00 00 00 00 00 ff 00 00 00 00 00 00 00 00 01 00 00
  5148 ms  64 B  05 07 00 b6 21 0c 0c 40 00 71 00 00 ff 00 00 00 00 00 00 00 00 00 ff 00 00 00 00 00 00 00 00 00 ff 00 00 00 00 00 00 00 00 00 ff 00 00 00 00 00 00 00 00 00 ff 00 00 00 00 00 00 00 00 01 00 00
  5149 ms  64 B  05 07 00 c0 21 03 0c 40 00 71 00 00 ff 00 00 00 00 00 00 00 00 00 ff 00 00 00 00 00 00 00 00 00 ff 00 00 00 00 00 00 00 00 00 ff 00 00 00 00 00 00 00 00 00 ff 00 00 00 00 00 00 00 00 01 00 00
  5150 ms  64 B  05 07 00 c8 21 f9 0b 40 00 71 00 00 ff 00 00 00 00 00 00 00 00 00 ff 00 00 00 00 00 00 00 00 00 ff 00 00 00 00 00 00 00 00 00 ff 00 00 00 00 00 00 00 00 00 ff 00 00 00 00 00 00 00 00 01 00 00
  5157 ms  64 B  05 07 00 d3 21 f3 0b 40 00 71 00 00 ff 00 00 00 00 00 00 00 00 00 ff 00 00 00 00 00 00 00 00 00 ff 00 00 00 00 00 00 00 00 00 ff 00 00 00 00 00 00 00 00 00 ff 00 00 00 00 00 00 00 00 01 00 00
  5158 ms  64 B  05 07 00 df 21 ef 0b 40 00 71 00 00 ff 00 00 00 00 00 00 00 00 00 ff 00 00 00 00 00 00 00 00 00 ff 00 00 00 00 00 00 00 00 00 ff 00 00 00 00 00 00 00 00 00 ff 00 00 00 00 00 00 00 00 01 00 00
  5159 ms  64 B  05 07 00 ec 21 ec 0b 40 00 71 00 00 ff 00 00 00 00 00 00 00 00 00 ff 00 00 00 00 00 00 00 00 00 ff 00 00 00 00 00 00 00 00 00 ff 00 00 00 00 00 00 00 00 00 ff 00 00 00 00 00 00 00 00 01 00 00
  5166 ms  64 B  05 07 00 f9 21 e7 0b 40 00 71 00 00 ff 00 00 00 00 00 00 00 00 00 ff 00 00 00 00 00 00 00 00 00 ff 00 00 00 00 00 00 00 00 00 ff 00 00 00 00 00 00 00 00 00 ff 00 00 00 00 00 00 00 00 01 00 00
  5167 ms  64 B  05 07 00 07 22 e4 0b 40 00 71 00 00 ff 00 00 00 00 00 00 00 00 00 ff 00 00 00 00 00 00 00 00 00 ff 00 00 00 00 00 00 00 00 00 ff 00 00 00 00 00 00 00 00 00 ff 00 00 00 00 00 00 00 00 01 00 00
  5168 ms  64 B  05 07 00 16 22 e0 0b 40 00 71 00 00 ff 00 00 00 00 00 00 00 00 00 ff 00 00 00 00 00 00 00 00 00 ff 00 00 00 00 00 00 00 00 00 ff 00 00 00 00 00 00 00 00 00 ff 00 00 00 00 00 00 00 00 01 00 00
  5175 ms  64 B  05 07 00 22 22 dd 0b 40 00 71 00 00 ff 00 00 00 00 00 00 00 00 00 ff 00 00 00 00 00 00 00 00 00 ff 00 00 00 00 00 00 00 00 00 ff 00 00 00 00 00 00 00 00 00 ff 00 00 00 00 00 00 00 00 01 00 00
  5176 ms  64 B  05 07 00 2e 22 d8 0b 40 00 71 00 00 ff 00 00 00 00 00 00 00 00 00 ff 00 00 00 00 00 00 00 00 00 ff 00 00 00 00 00 00 00 00 00 ff 00 00 00 00 00 00 00 00 00 ff 00 00 00 00 00 00 00 00 01 00 00
  5177 ms  64 B  05 07 00 39 22 d3 0b 40 00 71 00 00 ff 00 00 00 00 00 00 00 00 00 ff 00 00 00 00 00 00 00 00 00 ff 00 00 00 00 00 00 00 00 00 ff 00 00 00 00 00 00 00 00 00 ff 00 00 00 00 00 00 00 00 01 00 00
  5185 ms  64 B  05 07 00 44 22 ce 0b 40 00 71 00 00 ff 00 00 00 00 00 00 00 00 00 ff 00 00 00 00 00 00 00 00 00 ff 00 00 00 00 00 00 00 00 00 ff 00 00 00 00 00 00 00 00 00 ff 00 00 00 00 00 00 00 00 01 00 00
  5186 ms  64 B  05 07 00 50 22 cb 0b 40 00 71 00 00 ff 00 00 00 00 00 00 00 00 00 ff 00 00 00 00 00 00 00 00 00 ff 00 00 00 00 00 00 00 00 00 ff 00 00 00 00 00 00 00 00 00 ff 00 00 00 00 00 00 00 00 01 00 00
  5187 ms  64 B  05 07 00 5c 22 c7 0b 40 00 71 00 00 ff 00 00 00 00 00 00 00 00 00 ff 00 00 00 00 00 00 00 00 00 ff 00 00 00 00 00 00 00 00 00 ff 00 00 00 00 00 00 00 00 00 ff 00 00 00 00 00 00 00 00 01 00 00
  5192 ms  64 B  05 07 00 69 22 c1 0b 40 00 71 00 00 ff 00 00 00 00 00 00 00 00 00 ff 00 00 00 00 00 00 00 00 00 ff 00 00 00 00 00 00 00 00 00 ff 00 00 00 00 00 00 00 00 00 ff 00 00 00 00 00 00 00 00 01 00 00
  5193 ms  64 B  05 07 00 76 22 b8 0b 40 00 71 00 00 ff 00 00 00 00 00 00 00 00 00 ff 00 00 00 00 00 00 00 00 00 ff 00 00 00 00 00 00 00 00 00 ff 00 00 00 00 00 00 00 00 00 ff 00 00 00 00 00 00 00 00 01 00 00
  5194 ms  64 B  05 07 00 86 22 ae 0b 40 00 71 00 00 ff 00 00 00 00 00 00 00 00 00 ff 00 00 00 00 00 00 00 00 00 ff 00 00 00 00 00 00 00 00 00 ff 00 00 00 00 00 00 00 00 00 ff 00 00 00 00 00 00 00 00 01 00 00
  5200 ms  64 B  05 07 00 92 22 a8 0b 40 00 71 00 00 ff 00 00 00 00 00 00 00 00 00 ff 00 00 00 00 00 00 00 00 00 ff 00 00 00 00 00 00 00 00 00 ff 00 00 00 00 00 00 00 00 00 ff 00 00 00 00 00 00 00 00 01 00 00
  5201 ms  64 B  05 07 00 9e 22 a5 0b 40 00 71 00 00 ff 00 00 00 00 00 00 00 00 00 ff 00 00 00 00 00 00 00 00 00 ff 00 00 00 00 00 00 00 00 00 ff 00 00 00 00 00 00 00 00 00 ff 00 00 00 00 00 00 00 00 01 00 00
  5202 ms  64 B  05 07 00 a9 22 a2 0b 40 00 71 00 00 ff 00 00 00 00 00 00 00 00 00 ff 00 00 00 00 00 00 00 00 00 ff 00 00 00 00 00 00 00 00 00 ff 00 00 00 00 00 00 00 00 00 ff 00 00 00 00 00 00 00 00 01 00 00
  5208 ms  64 B  05 07 00 b6 22 9f 0b 40 00 71 00 00 ff 00 00 00 00 00 00 00 00 00 ff 00 00 00 00 00 00 00 00 00 ff 00 00 00 00 00 00 00 00 00 ff 00 00 00 00 00 00 00 00 00 ff 00 00 00 00 00 00 00 00 01 00 00
  5209 ms  64 B  05 07 00 c3 22 9a 0b 40 00 71 00 00 ff 00 00 00 00 00 00 00 00 00 ff 00 00 00 00 00 00 00 00 00 ff 00 00 00 00 00 00 00 00 00 ff 00 00 00 00 00 00 00 00 00 ff 00 00 00 00 00 00 00 00 01 00 00
  5210 ms  64 B  05 07 00 d3 22 95 0b 40 00 71 00 00 ff 00 00 00 00 00 00 00 00 00 ff 00 00 00 00 00 00 00 00 00 ff 00 00 00 00 00 00 00 00 00 ff 00 00 00 00 00 00 00 00 00 ff 00 00 00 00 00 00 00 00 01 00 00
  5215 ms  64 B  05 07 00 df 22 91 0b 40 00 71 00 00 ff 00 00 00 00 00 00 00 00 00 ff 00 00 00 00 00 00 00 00 00 ff 00 00 00 00 00 00 00 00 00 ff 00 00 00 00 00 00 00 00 00 ff 00 00 00 00 00 00 00 00 01 00 00
  5216 ms  64 B  05 07 00 eb 22 8d 0b 40 00 71 00 00 ff 00 00 00 00 00 00 00 00 00 ff 00 00 00 00 00 00 00 00 00 ff 00 00 00 00 00 00 00 00 00 ff 00 00 00 00 00 00 00 00 00 ff 00 00 00 00 00 00 00 00 01 00 00
  5217 ms  64 B  05 07 00 f6 22 88 0b 40 00 71 00 00 ff 00 00 00 00 00 00 00 00 00 ff 00 00 00 00 00 00 00 00 00 ff 00 00 00 00 00 00 00 00 00 ff 00 00 00 00 00 00 00 00 00 ff 00 00 00 00 00 00 00 00 01 00 00
  5223 ms  64 B  05 07 00 00 23 84 0b 40 00 71 00 00 ff 00 00 00 00 00 00 00 00 00 ff 00 00 00 00 00 00 00 00 00 ff 00 00 00 00 00 00 00 00 00 ff 00 00 00 00 00 00 00 00 00 ff 00 00 00 00 00 00 00 00 01 00 00
  5224 ms  64 B  05 07 00 0a 23 80 0b 40 00 71 00 00 ff 00 00 00 00 00 00 00 00 00 ff 00 00 00 00 00 00 00 00 00 ff 00 00 00 00 00 00 00 00 00 ff 00 00 00 00 00 00 00 00 00 ff 00 00 00 00 00 00 00 00 01 00 00
  5225 ms  64 B  05 07 00 12 23 7b 0b 40 00 71 00 00 ff 00 00 00 00 00 00 00 00 00 ff 00 00 00 00 00 00 00 00 00 ff 00 00 00 00 00 00 00 00 00 ff 00 00 00 00 00 00 00 00 00 ff 00 00 00 00 00 00 00 00 01 00 00
  5232 ms  64 B  05 07 00 1b 23 76 0b 40 00 71 00 00 ff 00 00 00 00 00 00 00 00 00 ff 00 00 00 00 00 00 00 00 00 ff 00 00 00 00 00 00 00 00 00 ff 00 00 00 00 00 00 00 00 00 ff 00 00 00 00 00 00 00 00 01 00 00
  5233 ms  64 B  05 07 00 24 23 73 0b 40 00 71 00 00 ff 00 00 00 00 00 00 00 00 00 ff 00 00 00 00 00 00 00 00 00 ff 00 00 00 00 00 00 00 00 00 ff 00 00 00 00 00 00 00 00 00 ff 00 00 00 00 00 00 00 00 01 00 00
  5234 ms  64 B  05 07 00 2e 23 6f 0b 40 00 71 00 00 ff 00 00 00 00 00 00 00 00 00 ff 00 00 00 00 00 00 00 00 00 ff 00 00 00 00 00 00 00 00 00 ff 00 00 00 00 00 00 00 00 00 ff 00 00 00 00 00 00 00 00 01 00 00
  5239 ms  64 B  05 07 00 37 23 6c 0b 40 00 71 00 00 ff 00 00 00 00 00 00 00 00 00 ff 00 00 00 00 00 00 00 00 00 ff 00 00 00 00 00 00 00 00 00 ff 00 00 00 00 00 00 00 00 00 ff 00 00 00 00 00 00 00 00 01 00 00
  5240 ms  64 B  05 07 00 40 23 67 0b 40 00 71 00 00 ff 00 00 00 00 00 00 00 00 00 ff 00 00 00 00 00 00 00 00 00 ff 00 00 00 00 00 00 00 00 00 ff 00 00 00 00 00 00 00 00 00 ff 00 00 00 00 00 00 00 00 01 00 00
  5241 ms  64 B  05 07 00 4a 23 62 0b 40 00 71 00 00 ff 00 00 00 00 00 00 00 00 00 ff 00 00 00 00 00 00 00 00 00 ff 00 00 00 00 00 00 00 00 00 ff 00 00 00 00 00 00 00 00 00 ff 00 00 00 00 00 00 00 00 01 00 00
  5247 ms  64 B  05 07 00 52 23 5c 0b 40 00 71 00 00 ff 00 00 00 00 00 00 00 00 00 ff 00 00 00 00 00 00 00 00 00 ff 00 00 00 00 00 00 00 00 00 ff 00 00 00 00 00 00 00 00 00 ff 00 00 00 00 00 00 00 00 01 00 00
  5248 ms  64 B  05 07 00 59 23 54 0b 40 00 71 00 00 ff 00 00 00 00 00 00 00 00 00 ff 00 00 00 00 00 00 00 00 00 ff 00 00 00 00 00 00 00 00 00 ff 00 00 00 00 00 00 00 00 00 ff 00 00 00 00 00 00 00 00 01 00 00
  5249 ms  64 B  05 07 00 5f 23 4a 0b 40 00 71 00 00 ff 00 00 00 00 00 00 00 00 00 ff 00 00 00 00 00 00 00 00 00 ff 00 00 00 00 00 00 00 00 00 ff 00 00 00 00 00 00 00 00 00 ff 00 00 00 00 00 00 00 00 01 00 00
  5254 ms  64 B  05 07 00 66 23 44 0b 40 00 71 00 00 ff 00 00 00 00 00 00 00 00 00 ff 00 00 00 00 00 00 00 00 00 ff 00 00 00 00 00 00 00 00 00 ff 00 00 00 00 00 00 00 00 00 ff 00 00 00 00 00 00 00 00 01 00 00
  5255 ms  64 B  05 07 00 6d 23 40 0b 40 00 71 00 00 ff 00 00 00 00 00 00 00 00 00 ff 00 00 00 00 00 00 00 00 00 ff 00 00 00 00 00 00 00 00 00 ff 00 00 00 00 00 00 00 00 00 ff 00 00 00 00 00 00 00 00 01 00 00
  5256 ms  64 B  05 07 00 74 23 3d 0b 40 00 71 00 00 ff 00 00 00 00 00 00 00 00 00 ff 00 00 00 00 00 00 00 00 00 ff 00 00 00 00 00 00 00 00 00 ff 00 00 00 00 00 00 00 00 00 ff 00 00 00 00 00 00 00 00 01 00 00
  5262 ms  64 B  05 07 00 7c 23 38 0b 40 00 71 00 00 ff 00 00 00 00 00 00 00 00 00 ff 00 00 00 00 00 00 00 00 00 ff 00 00 00 00 00 00 00 00 00 ff 00 00 00 00 00 00 00 00 00 ff 00 00 00 00 00 00 00 00 01 00 00
  5263 ms  64 B  05 07 00 85 23 35 0b 40 00 71 00 00 ff 00 00 00 00 00 00 00 00 00 ff 00 00 00 00 00 00 00 00 00 ff 00 00 00 00 00 00 00 00 00 ff 00 00 00 00 00 00 00 00 00 ff 00 00 00 00 00 00 00 00 01 00 00
  5264 ms  64 B  05 07 00 90 23 31 0b 40 00 71 00 00 ff 00 00 00 00 00 00 00 00 00 ff 00 00 00 00 00 00 00 00 00 ff 00 00 00 00 00 00 00 00 00 ff 00 00 00 00 00 00 00 00 00 ff 00 00 00 00 00 00 00 00 01 00 00
  5271 ms  64 B  05 07 00 98 23 2e 0b 40 00 71 00 00 ff 00 00 00 00 00 00 00 00 00 ff 00 00 00 00 00 00 00 00 00 ff 00 00 00 00 00 00 00 00 00 ff 00 00 00 00 00 00 00 00 00 ff 00 00 00 00 00 00 00 00 01 00 00
  5272 ms  64 B  05 07 00 9f 23 29 0b 40 00 71 00 00 ff 00 00 00 00 00 00 00 00 00 ff 00 00 00 00 00 00 00 00 00 ff 00 00 00 00 00 00 00 00 00 ff 00 00 00 00 00 00 00 00 00 ff 00 00 00 00 00 00 00 00 01 00 00
  5273 ms  64 B  05 07 00 a6 23 24 0b 40 00 71 00 00 ff 00 00 00 00 00 00 00 00 00 ff 00 00 00 00 00 00 00 00 00 ff 00 00 00 00 00 00 00 00 00 ff 00 00 00 00 00 00 00 00 00 ff 00 00 00 00 00 00 00 00 01 00 00
  5278 ms  64 B  05 07 00 ae 23 1f 0b 40 00 71 00 00 ff 00 00 00 00 00 00 00 00 00 ff 00 00 00 00 00 00 00 00 00 ff 00 00 00 00 00 00 00 00 00 ff 00 00 00 00 00 00 00 00 00 ff 00 00 00 00 00 00 00 00 01 00 00
  5279 ms  64 B  05 07 00 b7 23 1c 0b 40 00 71 00 00 ff 00 00 00 00 00 00 00 00 00 ff 00 00 00 00 00 00 00 00 00 ff 00 00 00 00 00 00 00 00 00 ff 00 00 00 00 00 00 00 00 00 ff 00 00 00 00 00 00 00 00 01 00 00
  5280 ms  64 B  05 07 00 c2 23 18 0b 40 00 71 00 00 ff 00 00 00 00 00 00 00 00 00 ff 00 00 00 00 00 00 00 00 00 ff 00 00 00 00 00 00 00 00 00 ff 00 00 00 00 00 00 00 00 00 ff 00 00 00 00 00 00 00 00 01 00 00
  5286 ms  64 B  05 07 00 cb 23 15 0b 40 00 71 00 00 ff 00 00 00 00 00 00 00 00 00 ff 00 00 00 00 00 00 00 00 00 ff 00 00 00 00 00 00 00 00 00 ff 00 00 00 00 00 00 00 00 00 ff 00 00 00 00 00 00 00 00 01 00 00
  5287 ms  64 B  05 07 00 d4 23 10 0b 40 00 71 00 00 ff 00 00 00 00 00 00 00 00 00 ff 00 00 00 00 00 00 00 00 00 ff 00 00 00 00 00 00 00 00 00 ff 00 00 00 00 00 00 00 00 00 ff 00 00 00 00 00 00 00 00 01 00 00
  5288 ms  64 B  05 07 00 de 23 0b 0b 40 00 71 00 00 ff 00 00 00 00 00 00 00 00 00 ff 00 00 00 00 00 00 00 00 00 ff 00 00 00 00 00 00 00 00 00 ff 00 00 00 00 00 00 00 00 00 ff 00 00 00 00 00 00 00 00 01 00 00
  5294 ms  64 B  05 07 00 e8 23 05 0b 40 00 71 00 00 ff 00 00 00 00 00 00 00 00 00 ff 00 00 00 00 00 00 00 00 00 ff 00 00 00 00 00 00 00 00 00 ff 00 00 00 00 00 00 00 00 00 ff 00 00 00 00 00 00 00 00 01 00 00
  5295 ms  64 B  05 07 00 f3 23 fc 0a 40 00 71 00 00 ff 00 00 00 00 00 00 00 00 00 ff 00 00 00 00 00 00 00 00 00 ff 00 00 00 00 00 00 00 00 00 ff 00 00 00 00 00 00 00 00 00 ff 00 00 00 00 00 00 00 00 01 00 00
  5296 ms  64 B  05 07 00 01 24 f1 0a 40 00 71 00 00 ff 00 00 00 00 00 00 00 00 00 ff 00 00 00 00 00 00 00 00 00 ff 00 00 00 00 00 00 00 00 00 ff 00 00 00 00 00 00 00 00 00 ff 00 00 00 00 00 00 00 00 01 00 00
  5302 ms  64 B  05 07 00 0e 24 e8 0a 40 00 71 00 00 ff 00 00 00 00 00 00 00 00 00 ff 00 00 00 00 00 00 00 00 00 ff 00 00 00 00 00 00 00 00 00 ff 00 00 00 00 00 00 00 00 00 ff 00 00 00 00 00 00 00 00 01 00 00
  5303 ms  64 B  05 07 00 1b 24 e0 0a 40 00 71 00 00 ff 00 00 00 00 00 00 00 00 00 ff 00 00 00 00 00 00 00 00 00 ff 00 00 00 00 00 00 00 00 00 ff 00 00 00 00 00 00 00 00 00 ff 00 00 00 00 00 00 00 00 01 00 00
  5304 ms  64 B  05 07 00 2b 24 d8 0a 40 00 71 00 00 ff 00 00 00 00 00 00 00 00 00 ff 00 00 00 00 00 00 00 00 00 ff 00 00 00 00 00 00 00 00 00 ff 00 00 00 00 00 00 00 00 00 ff 00 00 00 00 00 00 00 00 01 00 00
  5310 ms  64 B  05 07 00 37 24 cf 0a 40 00 71 00 00 ff 00 00 00 00 00 00 00 00 00 ff 00 00 00 00 00 00 00 00 00 ff 00 00 00 00 00 00 00 00 00 ff 00 00 00 00 00 00 00 00 00 ff 00 00 00 00 00 00 00 00 01 00 00
  5311 ms  64 B  05 07 00 43 24 c8 0a 40 00 71 00 00 ff 00 00 00 00 00 00 00 00 00 ff 00 00 00 00 00 00 00 00 00 ff 00 00 00 00 00 00 00 00 00 ff 00 00 00 00 00 00 00 00 00 ff 00 00 00 00 00 00 00 00 01 00 00
  5312 ms  64 B  05 07 00 4e 24 c0 0a 40 00 71 00 00 ff 00 00 00 00 00 00 00 00 00 ff 00 00 00 00 00 00 00 00 00 ff 00 00 00 00 00 00 00 00 00 ff 00 00 00 00 00 00 00 00 00 ff 00 00 00 00 00 00 00 00 01 00 00
  5317 ms  64 B  05 07 00 5b 24 b9 0a 40 00 71 00 00 ff 00 00 00 00 00 00 00 00 00 ff 00 00 00 00 00 00 00 00 00 ff 00 00 00 00 00 00 00 00 00 ff 00 00 00 00 00 00 00 00 00 ff 00 00 00 00 00 00 00 00 01 00 00
  5318 ms  64 B  05 07 00 68 24 b0 0a 40 00 71 00 00 ff 00 00 00 00 00 00 00 00 00 ff 00 00 00 00 00 00 00 00 00 ff 00 00 00 00 00 00 00 00 00 ff 00 00 00 00 00 00 00 00 00 ff 00 00 00 00 00 00 00 00 01 00 00
  5319 ms  64 B  05 07 00 78 24 a7 0a 40 00 71 00 00 ff 00 00 00 00 00 00 00 00 00 ff 00 00 00 00 00 00 00 00 00 ff 00 00 00 00 00 00 00 00 00 ff 00 00 00 00 00 00 00 00 00 ff 00 00 00 00 00 00 00 00 01 00 00
  5325 ms  64 B  05 07 00 86 24 9f 0a 40 00 71 00 00 ff 00 00 00 00 00 00 00 00 00 ff 00 00 00 00 00 00 00 00 00 ff 00 00 00 00 00 00 00 00 00 ff 00 00 00 00 00 00 00 00 00 ff 00 00 00 00 00 00 00 00 01 00 00
  5326 ms  64 B  05 07 00 94 24 97 0a 40 00 71 00 00 ff 00 00 00 00 00 00 00 00 00 ff 00 00 00 00 00 00 00 00 00 ff 00 00 00 00 00 00 00 00 00 ff 00 00 00 00 00 00 00 00 00 ff 00 00 00 00 00 00 00 00 01 00 00
  5327 ms  64 B  05 07 00 a2 24 8e 0a 40 00 71 00 00 ff 00 00 00 00 00 00 00 00 00 ff 00 00 00 00 00 00 00 00 00 ff 00 00 00 00 00 00 00 00 00 ff 00 00 00 00 00 00 00 00 00 ff 00 00 00 00 00 00 00 00 01 00 00
  5333 ms  64 B  05 07 00 ae 24 88 0a 40 00 71 00 00 ff 00 00 00 00 00 00 00 00 00 ff 00 00 00 00 00 00 00 00 00 ff 00 00 00 00 00 00 00 00 00 ff 00 00 00 00 00 00 00 00 00 ff 00 00 00 00 00 00 00 00 01 00 00
  5334 ms  64 B  05 07 00 ba 24 84 0a 40 00 71 00 00 ff 00 00 00 00 00 00 00 00 00 ff 00 00 00 00 00 00 00 00 00 ff 00 00 00 00 00 00 00 00 00 ff 00 00 00 00 00 00 00 00 00 ff 00 00 00 00 00 00 00 00 01 00 00
  5335 ms  64 B  05 07 00 c5 24 81 0a 40 00 71 00 00 ff 00 00 00 00 00 00 00 00 00 ff 00 00 00 00 00 00 00 00 00 ff 00 00 00 00 00 00 00 00 00 ff 00 00 00 00 00 00 00 00 00 ff 00 00 00 00 00 00 00 00 01 00 00
  5340 ms  64 B  05 07 00 d0 24 7b 0a 40 00 71 00 00 ff 00 00 00 00 00 00 00 00 00 ff 00 00 00 00 00 00 00 00 00 ff 00 00 00 00 00 00 00 00 00 ff 00 00 00 00 00 00 00 00 00 ff 00 00 00 00 00 00 00 00 01 00 00
  5341 ms  64 B  05 07 00 dc 24 72 0a 40 00 71 00 00 ff 00 00 00 00 00 00 00 00 00 ff 00 00 00 00 00 00 00 00 00 ff 00 00 00 00 00 00 00 00 00 ff 00 00 00 00 00 00 00 00 00 ff 00 00 00 00 00 00 00 00 01 00 00
  5342 ms  64 B  05 07 00 e8 24 67 0a 40 00 71 00 00 ff 00 00 00 00 00 00 00 00 00 ff 00 00 00 00 00 00 00 00 00 ff 00 00 00 00 00 00 00 00 00 ff 00 00 00 00 00 00 00 00 00 ff 00 00 00 00 00 00 00 00 01 00 00
  5349 ms  64 B  05 07 00 f2 24 61 0a 40 00 71 00 00 ff 00 00 00 00 00 00 00 00 00 ff 00 00 00 00 00 00 00 00 00 ff 00 00 00 00 00 00 00 00 00 ff 00 00 00 00 00 00 00 00 00 ff 00 00 00 00 00 00 00 00 01 00 00
  5350 ms  64 B  05 07 00 fc 24 5d 0a 40 00 71 00 00 ff 00 00 00 00 00 00 00 00 00 ff 00 00 00 00 00 00 00 00 00 ff 00 00 00 00 00 00 00 00 00 ff 00 00 00 00 00 00 00 00 00 ff 00 00 00 00 00 00 00 00 01 00 00
  5351 ms  64 B  05 07 00 04 25 5b 0a 40 00 71 00 00 ff 00 00 00 00 00 00 00 00 00 ff 00 00 00 00 00 00 00 00 00 ff 00 00 00 00 00 00 00 00 00 ff 00 00 00 00 00 00 00 00 00 ff 00 00 00 00 00 00 00 00 01 00 00
  5357 ms  64 B  05 07 00 0d 25 57 0a 40 00 71 00 00 ff 00 00 00 00 00 00 00 00 00 ff 00 00 00 00 00 00 00 00 00 ff 00 00 00 00 00 00 00 00 00 ff 00 00 00 00 00 00 00 00 00 ff 00 00 00 00 00 00 00 00 01 00 00
  5358 ms  64 B  05 07 00 16 25 53 0a 40 00 71 00 00 ff 00 00 00 00 00 00 00 00 00 ff 00 00 00 00 00 00 00 00 00 ff 00 00 00 00 00 00 00 00 00 ff 00 00 00 00 00 00 00 00 00 ff 00 00 00 00 00 00 00 00 01 00 00
  5359 ms  64 B  05 07 00 20 25 4f 0a 40 00 71 00 00 ff 00 00 00 00 00 00 00 00 00 ff 00 00 00 00 00 00 00 00 00 ff 00 00 00 00 00 00 00 00 00 ff 00 00 00 00 00 00 00 00 00 ff 00 00 00 00 00 00 00 00 01 00 00
  5365 ms  64 B  05 07 00 28 25 4c 0a 40 00 71 00 00 ff 00 00 00 00 00 00 00 00 00 ff 00 00 00 00 00 00 00 00 00 ff 00 00 00 00 00 00 00 00 00 ff 00 00 00 00 00 00 00 00 00 ff 00 00 00 00 00 00 00 00 01 00 00
  5366 ms  64 B  05 07 00 2f 25 47 0a 40 00 71 00 00 ff 00 00 00 00 00 00 00 00 00 ff 00 00 00 00 00 00 00 00 00 ff 00 00 00 00 00 00 00 00 00 ff 00 00 00 00 00 00 00 00 00 ff 00 00 00 00 00 00 00 00 01 00 00
  5367 ms  64 B  05 07 00 35 25 42 0a 40 00 71 00 00 ff 00 00 00 00 00 00 00 00 00 ff 00 00 00 00 00 00 00 00 00 ff 00 00 00 00 00 00 00 00 00 ff 00 00 00 00 00 00 00 00 00 ff 00 00 00 00 00 00 00 00 01 00 00
  5372 ms  64 B  05 07 00 3c 25 40 0a 40 00 71 00 00 ff 00 00 00 00 00 00 00 00 00 ff 00 00 00 00 00 00 00 00 00 ff 00 00 00 00 00 00 00 00 00 ff 00 00 00 00 00 00 00 00 00 ff 00 00 00 00 00 00 00 00 01 00 00
  5373 ms  64 B  05 07 00 43 25 41 0a 40 00 71 00 00 ff 00 00 00 00 00 00 00 00 00 ff 00 00 00 00 00 00 00 00 00 ff 00 00 00 00 00 00 00 00 00 ff 00 00 00 00 00 00 00 00 00 ff 00 00 00 00 00 00 00 00 01 00 00
  5374 ms  64 B  05 07 00 4a 25 42 0a 40 00 71 00 00 ff 00 00 00 00 00 00 00 00 00 ff 00 00 00 00 00 00 00 00 00 ff 00 00 00 00 00 00 00 00 00 ff 00 00 00 00 00 00 00 00 00 ff 00 00 00 00 00 00 00 00 01 00 00
  5381 ms  64 B  05 07 00 52 25 40 0a 40 00 71 00 00 ff 00 00 00 00 00 00 00 00 00 ff 00 00 00 00 00 00 00 00 00 ff 00 00 00 00 00 00 00 00 00 ff 00 00 00 00 00 00 00 00 00 ff 00 00 00 00 00 00 00 00 01 00 00
  5382 ms  64 B  05 07 00 5c 25 3c 0a 40 00 71 00 00 ff 00 00 00 00 00 00 00 00 00 ff 00 00 00 00 00 00 00 00 00 ff 00 00 00 00 00 00 00 00 00 ff 00 00 00 00 00 00 00 00 00 ff 00 00 00 00 00 00 00 00 01 00 00
  5383 ms  64 B  05 07 00 67 25 36 0a 40 00 71 00 00 ff 00 00 00 00 00 00 00 00 00 ff 00 00 00 00 00 00 00 00 00 ff 00 00 00 00 00 00 00 00 00 ff 00 00 00 00 00 00 00 00 00 ff 00 00 00 00 00 00 00 00 01 00 00
  5389 ms  64 B  05 07 00 6f 25 34 0a 40 00 71 00 00 ff 00 00 00 00 00 00 00 00 00 ff 00 00 00 00 00 00 00 00 00 ff 00 00 00 00 00 00 00 00 00 ff 00 00 00 00 00 00 00 00 00 ff 00 00 00 00 00 00 00 00 01 00 00
  5390 ms  64 B  05 07 00 76 25 34 0a 40 00 71 00 00 ff 00 00 00 00 00 00 00 00 00 ff 00 00 00 00 00 00 00 00 00 ff 00 00 00 00 00 00 00 00 00 ff 00 00 00 00 00 00 00 00 00 ff 00 00 00 00 00 00 00 00 01 00 00
  5391 ms  64 B  05 07 00 7c 25 36 0a 40 00 71 00 00 ff 00 00 00 00 00 00 00 00 00 ff 00 00 00 00 00 00 00 00 00 ff 00 00 00 00 00 00 00 00 00 ff 00 00 00 00 00 00 00 00 00 ff 00 00 00 00 00 00 00 00 01 00 00
  5398 ms  64 B  05 07 00 84 25 36 0a 40 00 71 00 00 ff 00 00 00 00 00 00 00 00 00 ff 00 00 00 00 00 00 00 00 00 ff 00 00 00 00 00 00 00 00 00 ff 00 00 00 00 00 00 00 00 00 ff 00 00 00 00 00 00 00 00 01 00 00
  5399 ms  64 B  05 07 00 8d 25 36 0a 40 00 71 00 00 ff 00 00 00 00 00 00 00 00 00 ff 00 00 00 00 00 00 00 00 00 ff 00 00 00 00 00 00 00 00 00 ff 00 00 00 00 00 00 00 00 00 ff 00 00 00 00 00 00 00 00 01 00 00
  5400 ms  64 B  05 07 00 98 25 36 0a 40 00 71 00 00 ff 00 00 00 00 00 00 00 00 00 ff 00 00 00 00 00 00 00 00 00 ff 00 00 00 00 00 00 00 00 00 ff 00 00 00 00 00 00 00 00 00 ff 00 00 00 00 00 00 00 00 01 00 00
  5406 ms  64 B  05 07 00 a0 25 33 0a 40 00 71 00 00 ff 00 00 00 00 00 00 00 00 00 ff 00 00 00 00 00 00 00 00 00 ff 00 00 00 00 00 00 00 00 00 ff 00 00 00 00 00 00 00 00 00 ff 00 00 00 00 00 00 00 00 01 00 00
  5407 ms  64 B  05 07 00 a7 25 2e 0a 40 00 71 00 00 ff 00 00 00 00 00 00 00 00 00 ff 00 00 00 00 00 00 00 00 00 ff 00 00 00 00 00 00 00 00 00 ff 00 00 00 00 00 00 00 00 00 ff 00 00 00 00 00 00 00 00 01 00 00
  5408 ms  64 B  05 07 00 ad 25 29 0a 40 00 71 00 00 ff 00 00 00 00 00 00 00 00 00 ff 00 00 00 00 00 00 00 00 00 ff 00 00 00 00 00 00 00 00 00 ff 00 00 00 00 00 00 00 00 00 ff 00 00 00 00 00 00 00 00 01 00 00
  5414 ms  64 B  05 07 00 b5 25 24 0a 40 00 71 00 00 ff 00 00 00 00 00 00 00 00 00 ff 00 00 00 00 00 00 00 00 00 ff 00 00 00 00 00 00 00 00 00 ff 00 00 00 00 00 00 00 00 00 ff 00 00 00 00 00 00 00 00 01 00 00
  5415 ms  64 B  05 07 00 be 25 21 0a 40 00 71 00 00 ff 00 00 00 00 00 00 00 00 00 ff 00 00 00 00 00 00 00 00 00 ff 00 00 00 00 00 00 00 00 00 ff 00 00 00 00 00 00 00 00 00 ff 00 00 00 00 00 00 00 00 01 00 00
  5416 ms  64 B  05 07 00 c9 25 1d 0a 40 00 71 00 00 ff 00 00 00 00 00 00 00 00 00 ff 00 00 00 00 00 00 00 00 00 ff 00 00 00 00 00 00 00 00 00 ff 00 00 00 00 00 00 00 00 00 ff 00 00 00 00 00 00 00 00 01 00 00
  5422 ms  64 B  05 07 00 d1 25 1a 0a 40 00 71 00 00 ff 00 00 00 00 00 00 00 00 00 ff 00 00 00 00 00 00 00 00 00 ff 00 00 00 00 00 00 00 00 00 ff 00 00 00 00 00 00 00 00 00 ff 00 00 00 00 00 00 00 00 01 00 00
  5423 ms  64 B  05 07 00 d8 25 15 0a 40 00 71 00 00 ff 00 00 00 00 00 00 00 00 00 ff 00 00 00 00 00 00 00 00 00 ff 00 00 00 00 00 00 00 00 00 ff 00 00 00 00 00 00 00 00 00 ff 00 00 00 00 00 00 00 00 01 00 00
  5424 ms  64 B  05 07 00 de 25 10 0a 40 00 71 00 00 ff 00 00 00 00 00 00 00 00 00 ff 00 00 00 00 00 00 00 00 00 ff 00 00 00 00 00 00 00 00 00 ff 00 00 00 00 00 00 00 00 00 ff 00 00 00 00 00 00 00 00 01 00 00
  5431 ms  64 B  05 07 00 e5 25 0e 0a 40 00 71 00 00 ff 00 00 00 00 00 00 00 00 00 ff 00 00 00 00 00 00 00 00 00 ff 00 00 00 00 00 00 00 00 00 ff 00 00 00 00 00 00 00 00 00 ff 00 00 00 00 00 00 00 00 01 00 00
  5432 ms  64 B  05 07 00 ec 25 0f 0a 40 00 71 00 00 ff 00 00 00 00 00 00 00 00 00 ff 00 00 00 00 00 00 00 00 00 ff 00 00 00 00 00 00 00 00 00 ff 00 00 00 00 00 00 00 00 00 ff 00 00 00 00 00 00 00 00 01 00 00
  5433 ms  64 B  05 07 00 f3 25 10 0a 40 00 71 00 00 ff 00 00 00 00 00 00 00 00 00 ff 00 00 00 00 00 00 00 00 00 ff 00 00 00 00 00 00 00 00 00 ff 00 00 00 00 00 00 00 00 00 ff 00 00 00 00 00 00 00 00 01 00 00
  5440 ms  64 B  05 07 00 fb 25 0e 0a 40 00 71 00 00 ff 00 00 00 00 00 00 00 00 00 ff 00 00 00 00 00 00 00 00 00 ff 00 00 00 00 00 00 00 00 00 ff 00 00 00 00 00 00 00 00 00 ff 00 00 00 00 00 00 00 00 01 00 00
  5441 ms  64 B  05 07 00 04 26 0a 0a 40 00 71 00 00 ff 00 00 00 00 00 00 00 00 00 ff 00 00 00 00 00 00 00 00 00 ff 00 00 00 00 00 00 00 00 00 ff 00 00 00 00 00 00 00 00 00 ff 00 00 00 00 00 00 00 00 01 00 00
  5442 ms  64 B  05 07 00 0f 26 04 0a 40 00 71 00 00 ff 00 00 00 00 00 00 00 00 00 ff 00 00 00 00 00 00 00 00 00 ff 00 00 00 00 00 00 00 00 00 ff 00 00 00 00 00 00 00 00 00 ff 00 00 00 00 00 00 00 00 01 00 00
  5448 ms  64 B  05 07 00 15 26 01 0a 40 00 71 00 00 ff 00 00 00 00 00 00 00 00 00 ff 00 00 00 00 00 00 00 00 00 ff 00 00 00 00 00 00 00 00 00 ff 00 00 00 00 00 00 00 00 00 ff 00 00 00 00 00 00 00 00 01 00 00
  5449 ms  64 B  05 07 00 1a 26 fc 09 40 00 71 00 00 ff 00 00 00 00 00 00 00 00 00 ff 00 00 00 00 00 00 00 00 00 ff 00 00 00 00 00 00 00 00 00 ff 00 00 00 00 00 00 00 00 00 ff 00 00 00 00 00 00 00 00 01 00 00
  5450 ms  64 B  05 07 00 1c 26 f7 09 40 00 71 00 00 ff 00 00 00 00 00 00 00 00 00 ff 00 00 00 00 00 00 00 00 00 ff 00 00 00 00 00 00 00 00 00 ff 00 00 00 00 00 00 00 00 00 ff 00 00 00 00 00 00 00 00 01 00 00
  5458 ms  64 B  05 07 00 22 26 f2 09 40 00 71 00 00 ff 00 00 00 00 00 00 00 00 00 ff 00 00 00 00 00 00 00 00 00 ff 00 00 00 00 00 00 00 00 00 ff 00 00 00 00 00 00 00 00 00 ff 00 00 00 00 00 00 00 00 01 00 00
  5459 ms  64 B  05 07 00 29 26 ef 09 40 00 71 00 00 ff 00 00 00 00 00 00 00 00 00 ff 00 00 00 00 00 00 00 00 00 ff 00 00 00 00 00 00 00 00 00 ff 00 00 00 00 00 00 00 00 00 ff 00 00 00 00 00 00 00 00 01 00 00
  5460 ms  64 B  05 07 00 32 26 eb 09 40 00 71 00 00 ff 00 00 00 00 00 00 00 00 00 ff 00 00 00 00 00 00 00 00 00 ff 00 00 00 00 00 00 00 00 00 ff 00 00 00 00 00 00 00 00 00 ff 00 00 00 00 00 00 00 00 01 00 00
  5467 ms  64 B  05 07 00 3a 26 e8 09 40 00 71 00 00 ff 00 00 00 00 00 00 00 00 00 ff 00 00 00 00 00 00 00 00 00 ff 00 00 00 00 00 00 00 00 00 ff 00 00 00 00 00 00 00 00 00 ff 00 00 00 00 00 00 00 00 01 00 00
  5468 ms  64 B  05 07 00 40 26 e3 09 40 00 71 00 00 ff 00 00 00 00 00 00 00 00 00 ff 00 00 00 00 00 00 00 00 00 ff 00 00 00 00 00 00 00 00 00 ff 00 00 00 00 00 00 00 00 00 ff 00 00 00 00 00 00 00 00 01 00 00
  5469 ms  64 B  05 07 00 47 26 de 09 40 00 71 00 00 ff 00 00 00 00 00 00 00 00 00 ff 00 00 00 00 00 00 00 00 00 ff 00 00 00 00 00 00 00 00 00 ff 00 00 00 00 00 00 00 00 00 ff 00 00 00 00 00 00 00 00 01 00 00
  5477 ms  64 B  05 07 00 4e 26 d9 09 40 00 71 00 00 ff 00 00 00 00 00 00 00 00 00 ff 00 00 00 00 00 00 00 00 00 ff 00 00 00 00 00 00 00 00 00 ff 00 00 00 00 00 00 00 00 00 ff 00 00 00 00 00 00 00 00 01 00 00
  5478 ms  64 B  05 07 00 55 26 d6 09 40 00 71 00 00 ff 00 00 00 00 00 00 00 00 00 ff 00 00 00 00 00 00 00 00 00 ff 00 00 00 00 00 00 00 00 00 ff 00 00 00 00 00 00 00 00 00 ff 00 00 00 00 00 00 00 00 01 00 00
  5479 ms  64 B  05 07 00 5c 26 d2 09 40 00 71 00 00 ff 00 00 00 00 00 00 00 00 00 ff 00 00 00 00 00 00 00 00 00 ff 00 00 00 00 00 00 00 00 00 ff 00 00 00 00 00 00 00 00 00 ff 00 00 00 00 00 00 00 00 01 00 00
  5485 ms  64 B  05 07 00 63 26 cf 09 40 00 71 00 00 ff 00 00 00 00 00 00 00 00 00 ff 00 00 00 00 00 00 00 00 00 ff 00 00 00 00 00 00 00 00 00 ff 00 00 00 00 00 00 00 00 00 ff 00 00 00 00 00 00 00 00 01 00 00
  5486 ms  64 B  05 07 00 6a 26 ca 09 40 00 71 00 00 ff 00 00 00 00 00 00 00 00 00 ff 00 00 00 00 00 00 00 00 00 ff 00 00 00 00 00 00 00 00 00 ff 00 00 00 00 00 00 00 00 00 ff 00 00 00 00 00 00 00 00 01 00 00
  5487 ms  64 B  05 07 00 71 26 c5 09 40 00 71 00 00 ff 00 00 00 00 00 00 00 00 00 ff 00 00 00 00 00 00 00 00 00 ff 00 00 00 00 00 00 00 00 00 ff 00 00 00 00 00 00 00 00 00 ff 00 00 00 00 00 00 00 00 01 00 00
  5493 ms  64 B  05 07 00 78 26 c1 09 40 00 71 00 00 ff 00 00 00 00 00 00 00 00 00 ff 00 00 00 00 00 00 00 00 00 ff 00 00 00 00 00 00 00 00 00 ff 00 00 00 00 00 00 00 00 00 ff 00 00 00 00 00 00 00 00 01 00 00
  5494 ms  64 B  05 07 00 7f 26 bd 09 40 00 71 00 00 ff 00 00 00 00 00 00 00 00 00 ff 00 00 00 00 00 00 00 00 00 ff 00 00 00 00 00 00 00 00 00 ff 00 00 00 00 00 00 00 00 00 ff 00 00 00 00 00 00 00 00 01 00 00
  5495 ms  64 B  05 07 00 86 26 b8 09 40 00 71 00 00 ff 00 00 00 00 00 00 00 00 00 ff 00 00 00 00 00 00 00 00 00 ff 00 00 00 00 00 00 00 00 00 ff 00 00 00 00 00 00 00 00 00 ff 00 00 00 00 00 00 00 00 01 00 00
  5501 ms  64 B  05 07 00 8d 26 b3 09 40 00 71 00 00 ff 00 00 00 00 00 00 00 00 00 ff 00 00 00 00 00 00 00 00 00 ff 00 00 00 00 00 00 00 00 00 ff 00 00 00 00 00 00 00 00 00 ff 00 00 00 00 00 00 00 00 01 00 00
  5502 ms  64 B  05 07 00 94 26 b0 09 40 00 71 00 00 ff 00 00 00 00 00 00 00 00 00 ff 00 00 00 00 00 00 00 00 00 ff 00 00 00 00 00 00 00 00 00 ff 00 00 00 00 00 00 00 00 00 ff 00 00 00 00 00 00 00 00 01 00 00
  5503 ms  64 B  05 07 00 9b 26 ac 09 40 00 71 00 00 ff 00 00 00 00 00 00 00 00 00 ff 00 00 00 00 00 00 00 00 00 ff 00 00 00 00 00 00 00 00 00 ff 00 00 00 00 00 00 00 00 00 ff 00 00 00 00 00 00 00 00 01 00 00
  5509 ms  64 B  05 07 00 a0 26 a9 09 40 00 71 00 00 ff 00 00 00 00 00 00 00 00 00 ff 00 00 00 00 00 00 00 00 00 ff 00 00 00 00 00 00 00 00 00 ff 00 00 00 00 00 00 00 00 00 ff 00 00 00 00 00 00 00 00 01 00 00
  5510 ms  64 B  05 07 00 a5 26 a4 09 40 00 71 00 00 ff 00 00 00 00 00 00 00 00 00 ff 00 00 00 00 00 00 00 00 00 ff 00 00 00 00 00 00 00 00 00 ff 00 00 00 00 00 00 00 00 00 ff 00 00 00 00 00 00 00 00 01 00 00
  5511 ms  64 B  05 07 00 a9 26 9f 09 40 00 71 00 00 ff 00 00 00 00 00 00 00 00 00 ff 00 00 00 00 00 00 00 00 00 ff 00 00 00 00 00 00 00 00 00 ff 00 00 00 00 00 00 00 00 00 ff 00 00 00 00 00 00 00 00 01 00 00
  5517 ms  64 B  05 07 00 ac 26 9d 09 40 00 71 00 00 ff 00 00 00 00 00 00 00 00 00 ff 00 00 00 00 00 00 00 00 00 ff 00 00 00 00 00 00 00 00 00 ff 00 00 00 00 00 00 00 00 00 ff 00 00 00 00 00 00 00 00 01 00 00
  5518 ms  64 B  05 07 00 af 26 9e 09 40 00 71 00 00 ff 00 00 00 00 00 00 00 00 00 ff 00 00 00 00 00 00 00 00 00 ff 00 00 00 00 00 00 00 00 00 ff 00 00 00 00 00 00 00 00 00 ff 00 00 00 00 00 00 00 00 01 00 00
  5519 ms  64 B  05 07 00 b0 26 9f 09 40 00 71 00 00 ff 00 00 00 00 00 00 00 00 00 ff 00 00 00 00 00 00 00 00 00 ff 00 00 00 00 00 00 00 00 00 ff 00 00 00 00 00 00 00 00 00 ff 00 00 00 00 00 00 00 00 01 00 00
  5525 ms  64 B  05 07 00 b3 26 9d 09 40 00 71 00 00 ff 00 00 00 00 00 00 00 00 00 ff 00 00 00 00 00 00 00 00 00 ff 00 00 00 00 00 00 00 00 00 ff 00 00 00 00 00 00 00 00 00 ff 00 00 00 00 00 00 00 00 01 00 00
  5526 ms  64 B  05 07 00 b7 26 99 09 40 00 71 00 00 ff 00 00 00 00 00 00 00 00 00 ff 00 00 00 00 00 00 00 00 00 ff 00 00 00 00 00 00 00 00 00 ff 00 00 00 00 00 00 00 00 00 ff 00 00 00 00 00 00 00 00 01 00 00
  5527 ms  64 B  05 07 00 be 26 93 09 40 00 71 00 00 ff 00 00 00 00 00 00 00 00 00 ff 00 00 00 00 00 00 00 00 00 ff 00 00 00 00 00 00 00 00 00 ff 00 00 00 00 00 00 00 00 00 ff 00 00 00 00 00 00 00 00 01 00 00
  5533 ms  64 B  05 07 00 c2 26 91 09 40 00 71 00 00 ff 00 00 00 00 00 00 00 00 00 ff 00 00 00 00 00 00 00 00 00 ff 00 00 00 00 00 00 00 00 00 ff 00 00 00 00 00 00 00 00 00 ff 00 00 00 00 00 00 00 00 01 00 00
  5534 ms  64 B  05 07 00 c7 26 91 09 40 00 71 00 00 ff 00 00 00 00 00 00 00 00 00 ff 00 00 00 00 00 00 00 00 00 ff 00 00 00 00 00 00 00 00 00 ff 00 00 00 00 00 00 00 00 00 ff 00 00 00 00 00 00 00 00 01 00 00
  5535 ms  64 B  05 07 00 cc 26 93 09 40 00 71 00 00 ff 00 00 00 00 00 00 00 00 00 ff 00 00 00 00 00 00 00 00 00 ff 00 00 00 00 00 00 00 00 00 ff 00 00 00 00 00 00 00 00 00 ff 00 00 00 00 00 00 00 00 01 00 00
  5540 ms  64 B  05 07 00 d2 26 90 09 40 00 71 00 00 ff 00 00 00 00 00 00 00 00 00 ff 00 00 00 00 00 00 00 00 00 ff 00 00 00 00 00 00 00 00 00 ff 00 00 00 00 00 00 00 00 00 ff 00 00 00 00 00 00 00 00 01 00 00
  5541 ms  64 B  05 07 00 d8 26 8b 09 40 00 71 00 00 ff 00 00 00 00 00 00 00 00 00 ff 00 00 00 00 00 00 00 00 00 ff 00 00 00 00 00 00 00 00 00 ff 00 00 00 00 00 00 00 00 00 ff 00 00 00 00 00 00 00 00 01 00 00
  5542 ms  64 B  05 07 00 e1 26 86 09 40 00 71 00 00 ff 00 00 00 00 00 00 00 00 00 ff 00 00 00 00 00 00 00 00 00 ff 00 00 00 00 00 00 00 00 00 ff 00 00 00 00 00 00 00 00 00 ff 00 00 00 00 00 00 00 00 01 00 00
  5548 ms  64 B  05 07 00 e9 26 81 09 40 00 71 00 00 ff 00 00 00 00 00 00 00 00 00 ff 00 00 00 00 00 00 00 00 00 ff 00 00 00 00 00 00 00 00 00 ff 00 00 00 00 00 00 00 00 00 ff 00 00 00 00 00 00 00 00 01 00 00
  5549 ms  64 B  05 07 00 f2 26 7e 09 40 00 71 00 00 ff 00 00 00 00 00 00 00 00 00 ff 00 00 00 00 00 00 00 00 00 ff 00 00 00 00 00 00 00 00 00 ff 00 00 00 00 00 00 00 00 00 ff 00 00 00 00 00 00 00 00 01 00 00
  5550 ms  64 B  05 07 00 fd 26 7a 09 40 00 71 00 00 ff 00 00 00 00 00 00 00 00 00 ff 00 00 00 00 00 00 00 00 00 ff 00 00 00 00 00 00 00 00 00 ff 00 00 00 00 00 00 00 00 00 ff 00 00 00 00 00 00 00 00 01 00 00
  5556 ms  64 B  05 07 00 08 27 74 09 40 00 71 00 00 ff 00 00 00 00 00 00 00 00 00 ff 00 00 00 00 00 00 00 00 00 ff 00 00 00 00 00 00 00 00 00 ff 00 00 00 00 00 00 00 00 00 ff 00 00 00 00 00 00 00 00 01 00 00
  5557 ms  64 B  05 07 00 14 27 6b 09 40 00 71 00 00 ff 00 00 00 00 00 00 00 00 00 ff 00 00 00 00 00 00 00 00 00 ff 00 00 00 00 00 00 00 00 00 ff 00 00 00 00 00 00 00 00 00 ff 00 00 00 00 00 00 00 00 01 00 00
  5558 ms  64 B  05 07 00 21 27 61 09 40 00 71 00 00 ff 00 00 00 00 00 00 00 00 00 ff 00 00 00 00 00 00 00 00 00 ff 00 00 00 00 00 00 00 00 00 ff 00 00 00 00 00 00 00 00 00 ff 00 00 00 00 00 00 00 00 01 00 00
  5564 ms  64 B  05 07 00 2f 27 59 09 40 00 71 00 00 ff 00 00 00 00 00 00 00 00 00 ff 00 00 00 00 00 00 00 00 00 ff 00 00 00 00 00 00 00 00 00 ff 00 00 00 00 00 00 00 00 00 ff 00 00 00 00 00 00 00 00 01 00 00
  5565 ms  64 B  05 07 00 40 27 51 09 40 00 71 00 00 ff 00 00 00 00 00 00 00 00 00 ff 00 00 00 00 00 00 00 00 00 ff 00 00 00 00 00 00 00 00 00 ff 00 00 00 00 00 00 00 00 00 ff 00 00 00 00 00 00 00 00 01 00 00
  5566 ms  64 B  05 07 00 52 27 48 09 40 00 71 00 00 ff 00 00 00 00 00 00 00 00 00 ff 00 00 00 00 00 00 00 00 00 ff 00 00 00 00 00 00 00 00 00 ff 00 00 00 00 00 00 00 00 00 ff 00 00 00 00 00 00 00 00 01 00 00
  5572 ms  64 B  05 07 00 61 27 3e 09 40 00 71 00 00 ff 00 00 00 00 00 00 00 00 00 ff 00 00 00 00 00 00 00 00 00 ff 00 00 00 00 00 00 00 00 00 ff 00 00 00 00 00 00 00 00 00 ff 00 00 00 00 00 00 00 00 01 00 00
  5573 ms  64 B  05 07 00 6f 27 31 09 40 00 71 00 00 ff 00 00 00 00 00 00 00 00 00 ff 00 00 00 00 00 00 00 00 00 ff 00 00 00 00 00 00 00 00 00 ff 00 00 00 00 00 00 00 00 00 ff 00 00 00 00 00 00 00 00 01 00 00
  5574 ms  64 B  05 07 00 7c 27 22 09 40 00 71 00 00 ff 00 00 00 00 00 00 00 00 00 ff 00 00 00 00 00 00 00 00 00 ff 00 00 00 00 00 00 00 00 00 ff 00 00 00 00 00 00 00 00 00 ff 00 00 00 00 00 00 00 00 01 00 00
  5580 ms  64 B  05 07 00 8b 27 18 09 40 00 71 00 00 ff 00 00 00 00 00 00 00 00 00 ff 00 00 00 00 00 00 00 00 00 ff 00 00 00 00 00 00 00 00 00 ff 00 00 00 00 00 00 00 00 00 ff 00 00 00 00 00 00 00 00 01 00 00
  5581 ms  64 B  05 07 00 9b 27 10 09 40 00 71 00 00 ff 00 00 00 00 00 00 00 00 00 ff 00 00 00 00 00 00 00 00 00 ff 00 00 00 00 00 00 00 00 00 ff 00 00 00 00 00 00 00 00 00 ff 00 00 00 00 00 00 00 00 01 00 00
  5582 ms  64 B  05 07 00 ad 27 09 09 40 00 71 00 00 ff 00 00 00 00 00 00 00 00 00 ff 00 00 00 00 00 00 00 00 00 ff 00 00 00 00 00 00 00 00 00 ff 00 00 00 00 00 00 00 00 00 ff 00 00 00 00 00 00 00 00 01 00 00
  5588 ms  64 B  05 07 00 bb 27 01 09 40 00 71 00 00 ff 00 00 00 00 00 00 00 00 00 ff 00 00 00 00 00 00 00 00 00 ff 00 00 00 00 00 00 00 00 00 ff 00 00 00 00 00 00 00 00 00 ff 00 00 00 00 00 00 00 00 01 00 00
  5589 ms  64 B  05 07 00 c9 27 f9 08 40 00 71 00 00 ff 00 00 00 00 00 00 00 00 00 ff 00 00 00 00 00 00 00 00 00 ff 00 00 00 00 00 00 00 00 00 ff 00 00 00 00 00 00 00 00 00 ff 00 00 00 00 00 00 00 00 01 00 00
  5590 ms  64 B  05 07 00 d6 27 f0 08 40 00 71 00 00 ff 00 00 00 00 00 00 00 00 00 ff 00 00 00 00 00 00 00 00 00 ff 00 00 00 00 00 00 00 00 00 ff 00 00 00 00 00 00 00 00 00 ff 00 00 00 00 00 00 00 00 01 00 00
  5596 ms  64 B  05 07 00 e3 27 e8 08 40 00 71 00 00 ff 00 00 00 00 00 00 00 00 00 ff 00 00 00 00 00 00 00 00 00 ff 00 00 00 00 00 00 00 00 00 ff 00 00 00 00 00 00 00 00 00 ff 00 00 00 00 00 00 00 00 01 00 00
  5597 ms  64 B  05 07 00 ef 27 e0 08 40 00 71 00 00 ff 00 00 00 00 00 00 00 00 00 ff 00 00 00 00 00 00 00 00 00 ff 00 00 00 00 00 00 00 00 00 ff 00 00 00 00 00 00 00 00 00 ff 00 00 00 00 00 00 00 00 01 00 00
  5598 ms  64 B  05 07 00 fa 27 d7 08 40 00 71 00 00 ff 00 00 00 00 00 00 00 00 00 ff 00 00 00 00 00 00 00 00 00 ff 00 00 00 00 00 00 00 00 00 ff 00 00 00 00 00 00 00 00 00 ff 00 00 00 00 00 00 00 00 01 00 00
  5604 ms  64 B  05 07 00 04 28 cf 08 40 00 71 00 00 ff 00 00 00 00 00 00 00 00 00 ff 00 00 00 00 00 00 00 00 00 ff 00 00 00 00 00 00 00 00 00 ff 00 00 00 00 00 00 00 00 00 ff 00 00 00 00 00 00 00 00 01 00 00
  5605 ms  64 B  05 07 00 0d 28 c7 08 40 00 71 00 00 ff 00 00 00 00 00 00 00 00 00 ff 00 00 00 00 00 00 00 00 00 ff 00 00 00 00 00 00 00 00 00 ff 00 00 00 00 00 00 00 00 00 ff 00 00 00 00 00 00 00 00 01 00 00
  5606 ms  64 B  05 07 00 16 28 be 08 40 00 71 00 00 ff 00 00 00 00 00 00 00 00 00 ff 00 00 00 00 00 00 00 00 00 ff 00 00 00 00 00 00 00 00 00 ff 00 00 00 00 00 00 00 00 00 ff 00 00 00 00 00 00 00 00 01 00 00
  5611 ms  64 B  05 07 00 1f 28 b8 08 40 00 71 00 00 ff 00 00 00 00 00 00 00 00 00 ff 00 00 00 00 00 00 00 00 00 ff 00 00 00 00 00 00 00 00 00 ff 00 00 00 00 00 00 00 00 00 ff 00 00 00 00 00 00 00 00 01 00 00
  5612 ms  64 B  05 07 00 28 28 b5 08 40 00 71 00 00 ff 00 00 00 00 00 00 00 00 00 ff 00 00 00 00 00 00 00 00 00 ff 00 00 00 00 00 00 00 00 00 ff 00 00 00 00 00 00 00 00 00 ff 00 00 00 00 00 00 00 00 01 00 00
  5613 ms  64 B  05 07 00 32 28 b2 08 40 00 71 00 00 ff 00 00 00 00 00 00 00 00 00 ff 00 00 00 00 00 00 00 00 00 ff 00 00 00 00 00 00 00 00 00 ff 00 00 00 00 00 00 00 00 00 ff 00 00 00 00 00 00 00 00 01 00 00
  5619 ms  64 B  05 07 00 38 28 b0 08 40 00 71 00 00 ff 00 00 00 00 00 00 00 00 00 ff 00 00 00 00 00 00 00 00 00 ff 00 00 00 00 00 00 00 00 00 ff 00 00 00 00 00 00 00 00 00 ff 00 00 00 00 00 00 00 00 01 00 00
  5620 ms  64 B  05 07 00 3d 28 b0 08 40 00 71 00 00 ff 00 00 00 00 00 00 00 00 00 ff 00 00 00 00 00 00 00 00 00 ff 00 00 00 00 00 00 00 00 00 ff 00 00 00 00 00 00 00 00 00 ff 00 00 00 00 00 00 00 00 01 00 00
  5621 ms  64 B  05 07 00 40 28 b2 08 40 00 71 00 00 ff 00 00 00 00 00 00 00 00 00 ff 00 00 00 00 00 00 00 00 00 ff 00 00 00 00 00 00 00 00 00 ff 00 00 00 00 00 00 00 00 00 ff 00 00 00 00 00 00 00 00 01 00 00
  5627 ms  64 B  05 07 00 44 28 af 08 40 00 71 00 00 ff 00 00 00 00 00 00 00 00 00 ff 00 00 00 00 00 00 00 00 00 ff 00 00 00 00 00 00 00 00 00 ff 00 00 00 00 00 00 00 00 00 ff 00 00 00 00 00 00 00 00 01 00 00
  5628 ms  64 B  05 07 00 49 28 aa 08 40 00 71 00 00 ff 00 00 00 00 00 00 00 00 00 ff 00 00 00 00 00 00 00 00 00 ff 00 00 00 00 00 00 00 00 00 ff 00 00 00 00 00 00 00 00 00 ff 00 00 00 00 00 00 00 00 01 00 00
  5629 ms  64 B  05 07 00 4e 28 a4 08 40 00 71 00 00 ff 00 00 00 00 00 00 00 00 00 ff 00 00 00 00 00 00 00 00 00 ff 00 00 00 00 00 00 00 00 00 ff 00 00 00 00 00 00 00 00 00 ff 00 00 00 00 00 00 00 00 01 00 00
  5635 ms  64 B  05 07 00 52 28 9e 08 40 00 71 00 00 ff 00 00 00 00 00 00 00 00 00 ff 00 00 00 00 00 00 00 00 00 ff 00 00 00 00 00 00 00 00 00 ff 00 00 00 00 00 00 00 00 00 ff 00 00 00 00 00 00 00 00 01 00 00
  5636 ms  64 B  05 07 00 57 28 95 08 40 00 71 00 00 ff 00 00 00 00 00 00 00 00 00 ff 00 00 00 00 00 00 00 00 00 ff 00 00 00 00 00 00 00 00 00 ff 00 00 00 00 00 00 00 00 00 ff 00 00 00 00 00 00 00 00 01 00 00
  5637 ms  64 B  05 07 00 5c 28 8b 08 40 00 71 00 00 ff 00 00 00 00 00 00 00 00 00 ff 00 00 00 00 00 00 00 00 00 ff 00 00 00 00 00 00 00 00 00 ff 00 00 00 00 00 00 00 00 00 ff 00 00 00 00 00 00 00 00 01 00 00
  5643 ms  64 B  05 07 00 60 28 85 08 40 00 71 00 00 ff 00 00 00 00 00 00 00 00 00 ff 00 00 00 00 00 00 00 00 00 ff 00 00 00 00 00 00 00 00 00 ff 00 00 00 00 00 00 00 00 00 ff 00 00 00 00 00 00 00 00 01 00 00
  5644 ms  64 B  05 07 00 65 28 82 08 40 00 71 00 00 ff 00 00 00 00 00 00 00 00 00 ff 00 00 00 00 00 00 00 00 00 ff 00 00 00 00 00 00 00 00 00 ff 00 00 00 00 00 00 00 00 00 ff 00 00 00 00 00 00 00 00 01 00 00
  5645 ms  64 B  05 07 00 6a 28 7f 08 40 00 71 00 00 ff 00 00 00 00 00 00 00 00 00 ff 00 00 00 00 00 00 00 00 00 ff 00 00 00 00 00 00 00 00 00 ff 00 00 00 00 00 00 00 00 00 ff 00 00 00 00 00 00 00 00 01 00 00
  5651 ms  64 B  05 07 00 6e 28 7c 08 40 00 71 00 00 ff 00 00 00 00 00 00 00 00 00 ff 00 00 00 00 00 00 00 00 00 ff 00 00 00 00 00 00 00 00 00 ff 00 00 00 00 00 00 00 00 00 ff 00 00 00 00 00 00 00 00 01 00 00
  5652 ms  64 B  05 07 00 73 28 77 08 40 00 71 00 00 ff 00 00 00 00 00 00 00 00 00 ff 00 00 00 00 00 00 00 00 00 ff 00 00 00 00 00 00 00 00 00 ff 00 00 00 00 00 00 00 00 00 ff 00 00 00 00 00 00 00 00 01 00 00
  5653 ms  64 B  05 07 00 78 28 72 08 40 00 71 00 00 ff 00 00 00 00 00 00 00 00 00 ff 00 00 00 00 00 00 00 00 00 ff 00 00 00 00 00 00 00 00 00 ff 00 00 00 00 00 00 00 00 00 ff 00 00 00 00 00 00 00 00 01 00 00
  5659 ms  64 B  05 07 00 7c 28 6d 08 40 00 71 00 00 ff 00 00 00 00 00 00 00 00 00 ff 00 00 00 00 00 00 00 00 00 ff 00 00 00 00 00 00 00 00 00 ff 00 00 00 00 00 00 00 00 00 ff 00 00 00 00 00 00 00 00 01 00 00
  5660 ms  64 B  05 07 00 81 28 6a 08 40 00 71 00 00 ff 00 00 00 00 00 00 00 00 00 ff 00 00 00 00 00 00 00 00 00 ff 00 00 00 00 00 00 00 00 00 ff 00 00 00 00 00 00 00 00 00 ff 00 00 00 00 00 00 00 00 01 00 00
  5661 ms  64 B  05 07 00 86 28 66 08 40 00 71 00 00 ff 00 00 00 00 00 00 00 00 00 ff 00 00 00 00 00 00 00 00 00 ff 00 00 00 00 00 00 00 00 00 ff 00 00 00 00 00 00 00 00 00 ff 00 00 00 00 00 00 00 00 01 00 00
  5667 ms  64 B  05 07 00 8a 28 62 08 40 00 71 00 00 ff 00 00 00 00 00 00 00 00 00 ff 00 00 00 00 00 00 00 00 00 ff 00 00 00 00 00 00 00 00 00 ff 00 00 00 00 00 00 00 00 00 ff 00 00 00 00 00 00 00 00 01 00 00
  5668 ms  64 B  05 07 00 8f 28 5e 08 40 00 71 00 00 ff 00 00 00 00 00 00 00 00 00 ff 00 00 00 00 00 00 00 00 00 ff 00 00 00 00 00 00 00 00 00 ff 00 00 00 00 00 00 00 00 00 ff 00 00 00 00 00 00 00 00 01 00 00
  5669 ms  64 B  05 07 00 94 28 5a 08 40 00 71 00 00 ff 00 00 00 00 00 00 00 00 00 ff 00 00 00 00 00 00 00 00 00 ff 00 00 00 00 00 00 00 00 00 ff 00 00 00 00 00 00 00 00 00 ff 00 00 00 00 00 00 00 00 01 00 00
  5675 ms  64 B  05 07 00 98 28 58 08 40 00 71 00 00 ff 00 00 00 00 00 00 00 00 00 ff 00 00 00 00 00 00 00 00 00 ff 00 00 00 00 00 00 00 00 00 ff 00 00 00 00 00 00 00 00 00 ff 00 00 00 00 00 00 00 00 01 00 00
  5676 ms  64 B  05 07 00 9d 28 58 08 40 00 71 00 00 ff 00 00 00 00 00 00 00 00 00 ff 00 00 00 00 00 00 00 00 00 ff 00 00 00 00 00 00 00 00 00 ff 00 00 00 00 00 00 00 00 00 ff 00 00 00 00 00 00 00 00 01 00 00
  5677 ms  64 B  05 07 00 a2 28 5a 08 40 00 71 00 00 ff 00 00 00 00 00 00 00 00 00 ff 00 00 00 00 00 00 00 00 00 ff 00 00 00 00 00 00 00 00 00 ff 00 00 00 00 00 00 00 00 00 ff 00 00 00 00 00 00 00 00 01 00 00
  5683 ms  64 B  05 07 00 a6 28 57 08 40 00 71 00 00 ff 00 00 00 00 00 00 00 00 00 ff 00 00 00 00 00 00 00 00 00 ff 00 00 00 00 00 00 00 00 00 ff 00 00 00 00 00 00 00 00 00 ff 00 00 00 00 00 00 00 00 01 00 00
  5684 ms  64 B  05 07 00 ab 28 52 08 40 00 71 00 00 ff 00 00 00 00 00 00 00 00 00 ff 00 00 00 00 00 00 00 00 00 ff 00 00 00 00 00 00 00 00 00 ff 00 00 00 00 00 00 00 00 00 ff 00 00 00 00 00 00 00 00 01 00 00
  5685 ms  64 B  05 07 00 b0 28 4d 08 40 00 71 00 00 ff 00 00 00 00 00 00 00 00 00 ff 00 00 00 00 00 00 00 00 00 ff 00 00 00 00 00 00 00 00 00 ff 00 00 00 00 00 00 00 00 00 ff 00 00 00 00 00 00 00 00 01 00 00
  5691 ms  64 B  05 07 00 b3 28 4b 08 40 00 71 00 00 ff 00 00 00 00 00 00 00 00 00 ff 00 00 00 00 00 00 00 00 00 ff 00 00 00 00 00 00 00 00 00 ff 00 00 00 00 00 00 00 00 00 ff 00 00 00 00 00 00 00 00 01 00 00
  5692 ms  64 B  05 07 00 b6 28 4c 08 40 00 71 00 00 ff 00 00 00 00 00 00 00 00 00 ff 00 00 00 00 00 00 00 00 00 ff 00 00 00 00 00 00 00 00 00 ff 00 00 00 00 00 00 00 00 00 ff 00 00 00 00 00 00 00 00 01 00 00
  5693 ms  64 B  05 07 00 b7 28 4d 08 40 00 71 00 00 ff 00 00 00 00 00 00 00 00 00 ff 00 00 00 00 00 00 00 00 00 ff 00 00 00 00 00 00 00 00 00 ff 00 00 00 00 00 00 00 00 00 ff 00 00 00 00 00 00 00 00 01 00 00
  5699 ms  64 B  05 07 00 b9 28 4d 08 40 00 71 00 00 ff 00 00 00 00 00 00 00 00 00 ff 00 00 00 00 00 00 00 00 00 ff 00 00 00 00 00 00 00 00 00 ff 00 00 00 00 00 00 00 00 00 ff 00 00 00 00 00 00 00 00 01 00 00
  5700 ms  64 B  05 07 00 bb 28 4d 08 40 00 71 00 00 ff 00 00 00 00 00 00 00 00 00 ff 00 00 00 00 00 00 00 00 00 ff 00 00 00 00 00 00 00 00 00 ff 00 00 00 00 00 00 00 00 00 ff 00 00 00 00 00 00 00 00 01 00 00
  5701 ms  64 B  05 07 00 be 28 4d 08 40 00 71 00 00 ff 00 00 00 00 00 00 00 00 00 ff 00 00 00 00 00 00 00 00 00 ff 00 00 00 00 00 00 00 00 00 ff 00 00 00 00 00 00 00 00 00 ff 00 00 00 00 00 00 00 00 01 00 00
  5707 ms  64 B  05 07 00 bf 28 4b 08 40 00 71 00 00 ff 00 00 00 00 00 00 00 00 00 ff 00 00 00 00 00 00 00 00 00 ff 00 00 00 00 00 00 00 00 00 ff 00 00 00 00 00 00 00 00 00 ff 00 00 00 00 00 00 00 00 01 00 00
  5708 ms  64 B  05 07 00 bf 28 47 08 40 00 71 00 00 ff 00 00 00 00 00 00 00 00 00 ff 00 00 00 00 00 00 00 00 00 ff 00 00 00 00 00 00 00 00 00 ff 00 00 00 00 00 00 00 00 00 ff 00 00 00 00 00 00 00 00 01 00 00
  5709 ms  64 B  05 07 00 be 28 41 08 40 00 71 00 00 ff 00 00 00 00 00 00 00 00 00 ff 00 00 00 00 00 00 00 00 00 ff 00 00 00 00 00 00 00 00 00 ff 00 00 00 00 00 00 00 00 00 ff 00 00 00 00 00 00 00 00 01 00 00
  5715 ms  64 B  05 07 00 c0 28 3f 08 40 00 71 00 00 ff 00 00 00 00 00 00 00 00 00 ff 00 00 00 00 00 00 00 00 00 ff 00 00 00 00 00 00 00 00 00 ff 00 00 00 00 00 00 00 00 00 ff 00 00 00 00 00 00 00 00 01 00 00
  5716 ms  64 B  05 07 00 c3 28 3f 08 40 00 71 00 00 ff 00 00 00 00 00 00 00 00 00 ff 00 00 00 00 00 00 00 00 00 ff 00 00 00 00 00 00 00 00 00 ff 00 00 00 00 00 00 00 00 00 ff 00 00 00 00 00 00 00 00 01 00 00
  5717 ms  64 B  05 07 00 c6 28 41 08 40 00 71 00 00 ff 00 00 00 00 00 00 00 00 00 ff 00 00 00 00 00 00 00 00 00 ff 00 00 00 00 00 00 00 00 00 ff 00 00 00 00 00 00 00 00 00 ff 00 00 00 00 00 00 00 00 01 00 00
  5723 ms  64 B  05 07 00 c7 28 41 08 40 00 71 00 00 ff 00 00 00 00 00 00 00 00 00 ff 00 00 00 00 00 00 00 00 00 ff 00 00 00 00 00 00 00 00 00 ff 00 00 00 00 00 00 00 00 00 ff 00 00 00 00 00 00 00 00 01 00 00
           … repeated 1×
  5725 ms  64 B  05 07 00 c6 28 41 08 40 00 71 00 00 ff 00 00 00 00 00 00 00 00 00 ff 00 00 00 00 00 00 00 00 00 ff 00 00 00 00 00 00 00 00 00 ff 00 00 00 00 00 00 00 00 00 ff 00 00 00 00 00 00 00 00 01 00 00
           … repeated 3×
  5738 ms  64 B  05 07 00 c6 28 43 08 40 00 71 00 00 ff 00 00 00 00 00 00 00 00 00 ff 00 00 00 00 00 00 00 00 00 ff 00 00 00 00 00 00 00 00 00 ff 00 00 00 00 00 00 00 00 00 ff 00 00 00 00 00 00 00 00 01 00 00
  5739 ms  64 B  05 07 00 c6 28 47 08 40 00 71 00 00 ff 00 00 00 00 00 00 00 00 00 ff 00 00 00 00 00 00 00 00 00 ff 00 00 00 00 00 00 00 00 00 ff 00 00 00 00 00 00 00 00 00 ff 00 00 00 00 00 00 00 00 01 00 00
  5740 ms  64 B  05 07 00 c6 28 4d 08 40 00 71 00 00 ff 00 00 00 00 00 00 00 00 00 ff 00 00 00 00 00 00 00 00 00 ff 00 00 00 00 00 00 00 00 00 ff 00 00 00 00 00 00 00 00 00 ff 00 00 00 00 00 00 00 00 01 00 00
  5746 ms  64 B  05 07 00 c6 28 4f 08 40 00 71 00 00 ff 00 00 00 00 00 00 00 00 00 ff 00 00 00 00 00 00 00 00 00 ff 00 00 00 00 00 00 00 00 00 ff 00 00 00 00 00 00 00 00 00 ff 00 00 00 00 00 00 00 00 01 00 00
           … repeated 1×
  5748 ms  64 B  05 07 00 c6 28 4d 08 40 00 71 00 00 ff 00 00 00 00 00 00 00 00 00 ff 00 00 00 00 00 00 00 00 00 ff 00 00 00 00 00 00 00 00 00 ff 00 00 00 00 00 00 00 00 00 ff 00 00 00 00 00 00 00 00 01 00 00
           … repeated 9×
  5778 ms  64 B  05 07 00 c4 28 4d 08 40 00 71 00 00 ff 00 00 00 00 00 00 00 00 00 ff 00 00 00 00 00 00 00 00 00 ff 00 00 00 00 00 00 00 00 00 ff 00 00 00 00 00 00 00 00 00 ff 00 00 00 00 00 00 00 00 01 00 00
  5779 ms  64 B  05 07 00 c1 28 4d 08 40 00 71 00 00 ff 00 00 00 00 00 00 00 00 00 ff 00 00 00 00 00 00 00 00 00 ff 00 00 00 00 00 00 00 00 00 ff 00 00 00 00 00 00 00 00 00 ff 00 00 00 00 00 00 00 00 01 00 00
  5780 ms  64 B  05 07 00 be 28 4d 08 40 00 71 00 00 ff 00 00 00 00 00 00 00 00 00 ff 00 00 00 00 00 00 00 00 00 ff 00 00 00 00 00 00 00 00 00 ff 00 00 00 00 00 00 00 00 00 ff 00 00 00 00 00 00 00 00 01 00 00
  5786 ms  64 B  05 07 00 bd 28 4d 08 40 00 71 00 00 ff 00 00 00 00 00 00 00 00 00 ff 00 00 00 00 00 00 00 00 00 ff 00 00 00 00 00 00 00 00 00 ff 00 00 00 00 00 00 00 00 00 ff 00 00 00 00 00 00 00 00 01 00 00
           … repeated 1×
  5788 ms  64 B  05 07 00 be 28 4d 08 40 00 71 00 00 ff 00 00 00 00 00 00 00 00 00 ff 00 00 00 00 00 00 00 00 00 ff 00 00 00 00 00 00 00 00 00 ff 00 00 00 00 00 00 00 00 00 ff 00 00 00 00 00 00 00 00 01 00 00
           … repeated 12×
  5830 ms  64 B  05 07 00 bc 28 4d 08 40 00 71 00 00 ff 00 00 00 00 00 00 00 00 00 ff 00 00 00 00 00 00 00 00 00 ff 00 00 00 00 00 00 00 00 00 ff 00 00 00 00 00 00 00 00 00 ff 00 00 00 00 00 00 00 00 01 00 00
  5831 ms  64 B  05 07 00 ba 28 4d 08 40 00 71 00 00 ff 00 00 00 00 00 00 00 00 00 ff 00 00 00 00 00 00 00 00 00 ff 00 00 00 00 00 00 00 00 00 ff 00 00 00 00 00 00 00 00 00 ff 00 00 00 00 00 00 00 00 01 00 00
  5832 ms  64 B  05 07 00 b7 28 4d 08 40 00 71 00 00 ff 00 00 00 00 00 00 00 00 00 ff 00 00 00 00 00 00 00 00 00 ff 00 00 00 00 00 00 00 00 00 ff 00 00 00 00 00 00 00 00 00 ff 00 00 00 00 00 00 00 00 01 00 00
  5839 ms  64 B  05 07 00 b6 28 4d 08 40 00 71 00 00 ff 00 00 00 00 00 00 00 00 00 ff 00 00 00 00 00 00 00 00 00 ff 00 00 00 00 00 00 00 00 00 ff 00 00 00 00 00 00 00 00 00 ff 00 00 00 00 00 00 00 00 01 00 00
           … repeated 1×
  5841 ms  64 B  05 07 00 b7 28 4d 08 40 00 71 00 00 ff 00 00 00 00 00 00 00 00 00 ff 00 00 00 00 00 00 00 00 00 ff 00 00 00 00 00 00 00 00 00 ff 00 00 00 00 00 00 00 00 00 ff 00 00 00 00 00 00 00 00 01 00 00
           … repeated 3×
  5857 ms  64 B  05 07 00 b5 28 4d 08 40 00 71 00 00 ff 00 00 00 00 00 00 00 00 00 ff 00 00 00 00 00 00 00 00 00 ff 00 00 00 00 00 00 00 00 00 ff 00 00 00 00 00 00 00 00 00 ff 00 00 00 00 00 00 00 00 01 00 00
  5858 ms  64 B  05 07 00 b3 28 4d 08 40 00 71 00 00 ff 00 00 00 00 00 00 00 00 00 ff 00 00 00 00 00 00 00 00 00 ff 00 00 00 00 00 00 00 00 00 ff 00 00 00 00 00 00 00 00 00 ff 00 00 00 00 00 00 00 00 01 00 00
  5859 ms  64 B  05 07 00 b0 28 4d 08 40 00 71 00 00 ff 00 00 00 00 00 00 00 00 00 ff 00 00 00 00 00 00 00 00 00 ff 00 00 00 00 00 00 00 00 00 ff 00 00 00 00 00 00 00 00 00 ff 00 00 00 00 00 00 00 00 01 00 00
  5866 ms  64 B  05 07 00 af 28 4d 08 40 00 71 00 00 ff 00 00 00 00 00 00 00 00 00 ff 00 00 00 00 00 00 00 00 00 ff 00 00 00 00 00 00 00 00 00 ff 00 00 00 00 00 00 00 00 00 ff 00 00 00 00 00 00 00 00 01 00 00
           … repeated 1×
  5868 ms  64 B  05 07 00 b0 28 4d 08 40 00 71 00 00 ff 00 00 00 00 00 00 00 00 00 ff 00 00 00 00 00 00 00 00 00 ff 00 00 00 00 00 00 00 00 00 ff 00 00 00 00 00 00 00 00 00 ff 00 00 00 00 00 00 00 00 01 00 00
           … repeated 3×
  5885 ms  64 B  05 07 00 ae 28 4d 08 40 00 71 00 00 ff 00 00 00 00 00 00 00 00 00 ff 00 00 00 00 00 00 00 00 00 ff 00 00 00 00 00 00 00 00 00 ff 00 00 00 00 00 00 00 00 00 ff 00 00 00 00 00 00 00 00 01 00 00
  5886 ms  64 B  05 07 00 ac 28 4d 08 40 00 71 00 00 ff 00 00 00 00 00 00 00 00 00 ff 00 00 00 00 00 00 00 00 00 ff 00 00 00 00 00 00 00 00 00 ff 00 00 00 00 00 00 00 00 00 ff 00 00 00 00 00 00 00 00 01 00 00
  5887 ms  64 B  05 07 00 a9 28 4d 08 40 00 71 00 00 ff 00 00 00 00 00 00 00 00 00 ff 00 00 00 00 00 00 00 00 00 ff 00 00 00 00 00 00 00 00 00 ff 00 00 00 00 00 00 00 00 00 ff 00 00 00 00 00 00 00 00 01 00 00
  5893 ms  64 B  05 07 00 a8 28 4d 08 40 00 71 00 00 ff 00 00 00 00 00 00 00 00 00 ff 00 00 00 00 00 00 00 00 00 ff 00 00 00 00 00 00 00 00 00 ff 00 00 00 00 00 00 00 00 00 ff 00 00 00 00 00 00 00 00 01 00 00
           … repeated 1×
  5895 ms  64 B  05 07 00 a9 28 4d 08 40 00 71 00 00 ff 00 00 00 00 00 00 00 00 00 ff 00 00 00 00 00 00 00 00 00 ff 00 00 00 00 00 00 00 00 00 ff 00 00 00 00 00 00 00 00 00 ff 00 00 00 00 00 00 00 00 01 00 00
  5902 ms  64 B  05 07 00 a7 28 4d 08 40 00 71 00 00 ff 00 00 00 00 00 00 00 00 00 ff 00 00 00 00 00 00 00 00 00 ff 00 00 00 00 00 00 00 00 00 ff 00 00 00 00 00 00 00 00 00 ff 00 00 00 00 00 00 00 00 01 00 00
  5903 ms  64 B  05 07 00 a5 28 4d 08 40 00 71 00 00 ff 00 00 00 00 00 00 00 00 00 ff 00 00 00 00 00 00 00 00 00 ff 00 00 00 00 00 00 00 00 00 ff 00 00 00 00 00 00 00 00 00 ff 00 00 00 00 00 00 00 00 01 00 00
  5904 ms  64 B  05 07 00 a2 28 4d 08 40 00 71 00 00 ff 00 00 00 00 00 00 00 00 00 ff 00 00 00 00 00 00 00 00 00 ff 00 00 00 00 00 00 00 00 00 ff 00 00 00 00 00 00 00 00 00 ff 00 00 00 00 00 00 00 00 01 00 00
  5912 ms  64 B  05 07 00 a1 28 4d 08 40 00 71 00 00 ff 00 00 00 00 00 00 00 00 00 ff 00 00 00 00 00 00 00 00 00 ff 00 00 00 00 00 00 00 00 00 ff 00 00 00 00 00 00 00 00 00 ff 00 00 00 00 00 00 00 00 01 00 00
           … repeated 1×
  5914 ms  64 B  05 07 00 a2 28 4d 08 40 00 71 00 00 ff 00 00 00 00 00 00 00 00 00 ff 00 00 00 00 00 00 00 00 00 ff 00 00 00 00 00 00 00 00 00 ff 00 00 00 00 00 00 00 00 00 ff 00 00 00 00 00 00 00 00 01 00 00
  5921 ms  64 B  05 07 00 a0 28 4d 08 40 00 71 00 00 ff 00 00 00 00 00 00 00 00 00 ff 00 00 00 00 00 00 00 00 00 ff 00 00 00 00 00 00 00 00 00 ff 00 00 00 00 00 00 00 00 00 ff 00 00 00 00 00 00 00 00 01 00 00
  5922 ms  64 B  05 07 00 9e 28 4d 08 40 00 71 00 00 ff 00 00 00 00 00 00 00 00 00 ff 00 00 00 00 00 00 00 00 00 ff 00 00 00 00 00 00 00 00 00 ff 00 00 00 00 00 00 00 00 00 ff 00 00 00 00 00 00 00 00 01 00 00
  5923 ms  64 B  05 07 00 9b 28 4d 08 40 00 71 00 00 ff 00 00 00 00 00 00 00 00 00 ff 00 00 00 00 00 00 00 00 00 ff 00 00 00 00 00 00 00 00 00 ff 00 00 00 00 00 00 00 00 00 ff 00 00 00 00 00 00 00 00 01 00 00
  5931 ms  64 B  05 07 00 9a 28 4d 08 40 00 71 00 00 ff 00 00 00 00 00 00 00 00 00 ff 00 00 00 00 00 00 00 00 00 ff 00 00 00 00 00 00 00 00 00 ff 00 00 00 00 00 00 00 00 00 ff 00 00 00 00 00 00 00 00 01 00 00
           … repeated 1×
  5933 ms  64 B  05 07 00 9b 28 4d 08 40 00 71 00 00 ff 00 00 00 00 00 00 00 00 00 ff 00 00 00 00 00 00 00 00 00 ff 00 00 00 00 00 00 00 00 00 ff 00 00 00 00 00 00 00 00 00 ff 00 00 00 00 00 00 00 00 01 00 00
  5941 ms  64 B  05 07 00 99 28 4d 08 40 00 71 00 00 ff 00 00 00 00 00 00 00 00 00 ff 00 00 00 00 00 00 00 00 00 ff 00 00 00 00 00 00 00 00 00 ff 00 00 00 00 00 00 00 00 00 ff 00 00 00 00 00 00 00 00 01 00 00
  5942 ms  64 B  05 07 00 97 28 4d 08 40 00 71 00 00 ff 00 00 00 00 00 00 00 00 00 ff 00 00 00 00 00 00 00 00 00 ff 00 00 00 00 00 00 00 00 00 ff 00 00 00 00 00 00 00 00 00 ff 00 00 00 00 00 00 00 00 01 00 00
  5943 ms  64 B  05 07 00 94 28 4d 08 40 00 71 00 00 ff 00 00 00 00 00 00 00 00 00 ff 00 00 00 00 00 00 00 00 00 ff 00 00 00 00 00 00 00 00 00 ff 00 00 00 00 00 00 00 00 00 ff 00 00 00 00 00 00 00 00 01 00 00
  5950 ms  64 B  05 07 00 93 28 4d 08 40 00 71 00 00 ff 00 00 00 00 00 00 00 00 00 ff 00 00 00 00 00 00 00 00 00 ff 00 00 00 00 00 00 00 00 00 ff 00 00 00 00 00 00 00 00 00 ff 00 00 00 00 00 00 00 00 01 00 00
           … repeated 1×
  5952 ms  64 B  05 07 00 94 28 4d 08 40 00 71 00 00 ff 00 00 00 00 00 00 00 00 00 ff 00 00 00 00 00 00 00 00 00 ff 00 00 00 00 00 00 00 00 00 ff 00 00 00 00 00 00 00 00 00 ff 00 00 00 00 00 00 00 00 01 00 00
  5960 ms  64 B  05 07 00 94 28 50 08 40 00 71 00 00 ff 00 00 00 00 00 00 00 00 00 ff 00 00 00 00 00 00 00 00 00 ff 00 00 00 00 00 00 00 00 00 ff 00 00 00 00 00 00 00 00 00 ff 00 00 00 00 00 00 00 00 01 00 00
  5961 ms  64 B  05 07 00 94 28 55 08 40 00 71 00 00 ff 00 00 00 00 00 00 00 00 00 ff 00 00 00 00 00 00 00 00 00 ff 00 00 00 00 00 00 00 00 00 ff 00 00 00 00 00 00 00 00 00 ff 00 00 00 00 00 00 00 00 01 00 00
  5962 ms  64 B  05 07 00 94 28 5a 08 40 00 71 00 00 ff 00 00 00 00 00 00 00 00 00 ff 00 00 00 00 00 00 00 00 00 ff 00 00 00 00 00 00 00 00 00 ff 00 00 00 00 00 00 00 00 00 ff 00 00 00 00 00 00 00 00 01 00 00
  5969 ms  64 B  05 07 00 92 28 5c 08 40 00 71 00 00 ff 00 00 00 00 00 00 00 00 00 ff 00 00 00 00 00 00 00 00 00 ff 00 00 00 00 00 00 00 00 00 ff 00 00 00 00 00 00 00 00 00 ff 00 00 00 00 00 00 00 00 01 00 00
  5970 ms  64 B  05 07 00 90 28 5b 08 40 00 71 00 00 ff 00 00 00 00 00 00 00 00 00 ff 00 00 00 00 00 00 00 00 00 ff 00 00 00 00 00 00 00 00 00 ff 00 00 00 00 00 00 00 00 00 ff 00 00 00 00 00 00 00 00 01 00 00
  5971 ms  64 B  05 07 00 8d 28 5a 08 40 00 71 00 00 ff 00 00 00 00 00 00 00 00 00 ff 00 00 00 00 00 00 00 00 00 ff 00 00 00 00 00 00 00 00 00 ff 00 00 00 00 00 00 00 00 00 ff 00 00 00 00 00 00 00 00 01 00 00
  5979 ms  64 B  05 07 00 8c 28 5a 08 40 00 71 00 00 ff 00 00 00 00 00 00 00 00 00 ff 00 00 00 00 00 00 00 00 00 ff 00 00 00 00 00 00 00 00 00 ff 00 00 00 00 00 00 00 00 00 ff 00 00 00 00 00 00 00 00 01 00 00
           … repeated 1×
  5981 ms  64 B  05 07 00 8d 28 5a 08 40 00 71 00 00 ff 00 00 00 00 00 00 00 00 00 ff 00 00 00 00 00 00 00 00 00 ff 00 00 00 00 00 00 00 00 00 ff 00 00 00 00 00 00 00 00 00 ff 00 00 00 00 00 00 00 00 01 00 00
           … repeated 27×
  6077 ms  64 B  05 07 00 8b 28 5a 08 40 00 71 00 00 ff 00 00 00 00 00 00 00 00 00 ff 00 00 00 00 00 00 00 00 00 ff 00 00 00 00 00 00 00 00 00 ff 00 00 00 00 00 00 00 00 00 ff 00 00 00 00 00 00 00 00 01 00 00
  6077 ms  64 B  05 07 00 89 28 5a 08 40 00 71 00 00 ff 00 00 00 00 00 00 00 00 00 ff 00 00 00 00 00 00 00 00 00 ff 00 00 00 00 00 00 00 00 00 ff 00 00 00 00 00 00 00 00 00 ff 00 00 00 00 00 00 00 00 01 00 00
  6078 ms  64 B  05 07 00 86 28 5a 08 40 00 71 00 00 ff 00 00 00 00 00 00 00 00 00 ff 00 00 00 00 00 00 00 00 00 ff 00 00 00 00 00 00 00 00 00 ff 00 00 00 00 00 00 00 00 00 ff 00 00 00 00 00 00 00 00 01 00 00
  6085 ms  64 B  05 07 00 85 28 5a 08 40 00 71 00 00 ff 00 00 00 00 00 00 00 00 00 ff 00 00 00 00 00 00 00 00 00 ff 00 00 00 00 00 00 00 00 00 ff 00 00 00 00 00 00 00 00 00 ff 00 00 00 00 00 00 00 00 01 00 00
           … repeated 1×
  6087 ms  64 B  05 07 00 86 28 5a 08 40 00 71 00 00 ff 00 00 00 00 00 00 00 00 00 ff 00 00 00 00 00 00 00 00 00 ff 00 00 00 00 00 00 00 00 00 ff 00 00 00 00 00 00 00 00 00 ff 00 00 00 00 00 00 00 00 01 00 00
           … repeated 51×
  6253 ms  64 B  05 07 00 84 28 5a 08 40 00 71 00 00 ff 00 00 00 00 00 00 00 00 00 ff 00 00 00 00 00 00 00 00 00 ff 00 00 00 00 00 00 00 00 00 ff 00 00 00 00 00 00 00 00 00 ff 00 00 00 00 00 00 00 00 01 00 00
  6254 ms  64 B  05 07 00 82 28 5a 08 40 00 71 00 00 ff 00 00 00 00 00 00 00 00 00 ff 00 00 00 00 00 00 00 00 00 ff 00 00 00 00 00 00 00 00 00 ff 00 00 00 00 00 00 00 00 00 ff 00 00 00 00 00 00 00 00 01 00 00
  6255 ms  64 B  05 07 00 7f 28 5a 08 40 00 71 00 00 ff 00 00 00 00 00 00 00 00 00 ff 00 00 00 00 00 00 00 00 00 ff 00 00 00 00 00 00 00 00 00 ff 00 00 00 00 00 00 00 00 00 ff 00 00 00 00 00 00 00 00 01 00 00
  6262 ms  64 B  05 07 00 7e 28 5a 08 40 00 71 00 00 ff 00 00 00 00 00 00 00 00 00 ff 00 00 00 00 00 00 00 00 00 ff 00 00 00 00 00 00 00 00 00 ff 00 00 00 00 00 00 00 00 00 ff 00 00 00 00 00 00 00 00 01 00 00
           … repeated 1×
  6264 ms  64 B  05 07 00 7f 28 5a 08 40 00 71 00 00 ff 00 00 00 00 00 00 00 00 00 ff 00 00 00 00 00 00 00 00 00 ff 00 00 00 00 00 00 00 00 00 ff 00 00 00 00 00 00 00 00 00 ff 00 00 00 00 00 00 00 00 01 00 00
           … repeated 9×
  6301 ms  64 B  05 07 00 7d 28 5a 08 40 00 71 00 00 ff 00 00 00 00 00 00 00 00 00 ff 00 00 00 00 00 00 00 00 00 ff 00 00 00 00 00 00 00 00 00 ff 00 00 00 00 00 00 00 00 00 ff 00 00 00 00 00 00 00 00 01 00 00
  6301 ms  64 B  05 07 00 7b 28 5a 08 40 00 71 00 00 ff 00 00 00 00 00 00 00 00 00 ff 00 00 00 00 00 00 00 00 00 ff 00 00 00 00 00 00 00 00 00 ff 00 00 00 00 00 00 00 00 00 ff 00 00 00 00 00 00 00 00 01 00 00
  6302 ms  64 B  05 07 00 78 28 5a 08 40 00 71 00 00 ff 00 00 00 00 00 00 00 00 00 ff 00 00 00 00 00 00 00 00 00 ff 00 00 00 00 00 00 00 00 00 ff 00 00 00 00 00 00 00 00 00 ff 00 00 00 00 00 00 00 00 01 00 00
  6309 ms  64 B  05 07 00 77 28 5a 08 40 00 71 00 00 ff 00 00 00 00 00 00 00 00 00 ff 00 00 00 00 00 00 00 00 00 ff 00 00 00 00 00 00 00 00 00 ff 00 00 00 00 00 00 00 00 00 ff 00 00 00 00 00 00 00 00 01 00 00
           … repeated 1×
  6311 ms  64 B  05 07 00 78 28 5a 08 40 00 71 00 00 ff 00 00 00 00 00 00 00 00 00 ff 00 00 00 00 00 00 00 00 00 ff 00 00 00 00 00 00 00 00 00 ff 00 00 00 00 00 00 00 00 00 ff 00 00 00 00 00 00 00 00 01 00 00
           … repeated 6×
  6341 ms  64 B  05 07 00 76 28 5a 08 40 00 71 00 00 ff 00 00 00 00 00 00 00 00 00 ff 00 00 00 00 00 00 00 00 00 ff 00 00 00 00 00 00 00 00 00 ff 00 00 00 00 00 00 00 00 00 ff 00 00 00 00 00 00 00 00 01 00 00
  6341 ms  64 B  05 07 00 74 28 5a 08 40 00 71 00 00 ff 00 00 00 00 00 00 00 00 00 ff 00 00 00 00 00 00 00 00 00 ff 00 00 00 00 00 00 00 00 00 ff 00 00 00 00 00 00 00 00 00 ff 00 00 00 00 00 00 00 00 01 00 00
  6342 ms  64 B  05 07 00 71 28 5a 08 40 00 71 00 00 ff 00 00 00 00 00 00 00 00 00 ff 00 00 00 00 00 00 00 00 00 ff 00 00 00 00 00 00 00 00 00 ff 00 00 00 00 00 00 00 00 00 ff 00 00 00 00 00 00 00 00 01 00 00
  6349 ms  64 B  05 07 00 70 28 5a 08 40 00 71 00 00 ff 00 00 00 00 00 00 00 00 00 ff 00 00 00 00 00 00 00 00 00 ff 00 00 00 00 00 00 00 00 00 ff 00 00 00 00 00 00 00 00 00 ff 00 00 00 00 00 00 00 00 01 00 00
           … repeated 1×
  6351 ms  64 B  05 07 00 71 28 5a 08 40 00 71 00 00 ff 00 00 00 00 00 00 00 00 00 ff 00 00 00 00 00 00 00 00 00 ff 00 00 00 00 00 00 00 00 00 ff 00 00 00 00 00 00 00 00 00 ff 00 00 00 00 00 00 00 00 01 00 00
           … repeated 9×
  6388 ms  64 B  05 07 00 6f 28 5c 08 40 00 71 00 00 ff 00 00 00 00 00 00 00 00 00 ff 00 00 00 00 00 00 00 00 00 ff 00 00 00 00 00 00 00 00 00 ff 00 00 00 00 00 00 00 00 00 ff 00 00 00 00 00 00 00 00 01 00 00
  6389 ms  64 B  05 07 00 6d 28 60 08 40 00 71 00 00 ff 00 00 00 00 00 00 00 00 00 ff 00 00 00 00 00 00 00 00 00 ff 00 00 00 00 00 00 00 00 00 ff 00 00 00 00 00 00 00 00 00 ff 00 00 00 00 00 00 00 00 01 00 00
  6390 ms  64 B  05 07 00 6a 28 66 08 40 00 71 00 00 ff 00 00 00 00 00 00 00 00 00 ff 00 00 00 00 00 00 00 00 00 ff 00 00 00 00 00 00 00 00 00 ff 00 00 00 00 00 00 00 00 00 ff 00 00 00 00 00 00 00 00 01 00 00
  6397 ms  64 B  05 07 00 69 28 68 08 40 00 71 00 00 ff 00 00 00 00 00 00 00 00 00 ff 00 00 00 00 00 00 00 00 00 ff 00 00 00 00 00 00 00 00 00 ff 00 00 00 00 00 00 00 00 00 ff 00 00 00 00 00 00 00 00 01 00 00
           … repeated 1×
  6399 ms  64 B  05 07 00 6a 28 66 08 40 00 71 00 00 ff 00 00 00 00 00 00 00 00 00 ff 00 00 00 00 00 00 00 00 00 ff 00 00 00 00 00 00 00 00 00 ff 00 00 00 00 00 00 00 00 00 ff 00 00 00 00 00 00 00 00 01 00 00
           … repeated 6×
  6427 ms  64 B  05 07 00 68 28 66 08 40 00 71 00 00 ff 00 00 00 00 00 00 00 00 00 ff 00 00 00 00 00 00 00 00 00 ff 00 00 00 00 00 00 00 00 00 ff 00 00 00 00 00 00 00 00 00 ff 00 00 00 00 00 00 00 00 01 00 00
  6428 ms  64 B  05 07 00 66 28 66 08 40 00 71 00 00 ff 00 00 00 00 00 00 00 00 00 ff 00 00 00 00 00 00 00 00 00 ff 00 00 00 00 00 00 00 00 00 ff 00 00 00 00 00 00 00 00 00 ff 00 00 00 00 00 00 00 00 01 00 00
  6429 ms  64 B  05 07 00 63 28 66 08 40 00 71 00 00 ff 00 00 00 00 00 00 00 00 00 ff 00 00 00 00 00 00 00 00 00 ff 00 00 00 00 00 00 00 00 00 ff 00 00 00 00 00 00 00 00 00 ff 00 00 00 00 00 00 00 00 01 00 00
  6437 ms  64 B  05 07 00 62 28 66 08 40 00 71 00 00 ff 00 00 00 00 00 00 00 00 00 ff 00 00 00 00 00 00 00 00 00 ff 00 00 00 00 00 00 00 00 00 ff 00 00 00 00 00 00 00 00 00 ff 00 00 00 00 00 00 00 00 01 00 00
           … repeated 1×
  6438 ms  64 B  05 07 00 63 28 66 08 40 00 71 00 00 ff 00 00 00 00 00 00 00 00 00 ff 00 00 00 00 00 00 00 00 00 ff 00 00 00 00 00 00 00 00 00 ff 00 00 00 00 00 00 00 00 00 ff 00 00 00 00 00 00 00 00 01 00 00
           … repeated 3×
  6455 ms  64 B  05 07 00 65 28 66 08 40 00 71 00 00 ff 00 00 00 00 00 00 00 00 00 ff 00 00 00 00 00 00 00 00 00 ff 00 00 00 00 00 00 00 00 00 ff 00 00 00 00 00 00 00 00 00 ff 00 00 00 00 00 00 00 00 01 00 00
  6456 ms  64 B  05 07 00 67 28 66 08 40 00 71 00 00 ff 00 00 00 00 00 00 00 00 00 ff 00 00 00 00 00 00 00 00 00 ff 00 00 00 00 00 00 00 00 00 ff 00 00 00 00 00 00 00 00 00 ff 00 00 00 00 00 00 00 00 01 00 00
  6457 ms  64 B  05 07 00 6a 28 66 08 40 00 71 00 00 ff 00 00 00 00 00 00 00 00 00 ff 00 00 00 00 00 00 00 00 00 ff 00 00 00 00 00 00 00 00 00 ff 00 00 00 00 00 00 00 00 00 ff 00 00 00 00 00 00 00 00 01 00 00
  6465 ms  64 B  05 07 00 6b 28 66 08 40 00 71 00 00 ff 00 00 00 00 00 00 00 00 00 ff 00 00 00 00 00 00 00 00 00 ff 00 00 00 00 00 00 00 00 00 ff 00 00 00 00 00 00 00 00 00 ff 00 00 00 00 00 00 00 00 01 00 00
           … repeated 1×
  6467 ms  64 B  05 07 00 6a 28 66 08 40 00 71 00 00 ff 00 00 00 00 00 00 00 00 00 ff 00 00 00 00 00 00 00 00 00 ff 00 00 00 00 00 00 00 00 00 ff 00 00 00 00 00 00 00 00 00 ff 00 00 00 00 00 00 00 00 01 00 00
           … repeated 18×
  6532 ms  64 B  05 07 00 68 28 66 08 40 00 71 00 00 ff 00 00 00 00 00 00 00 00 00 ff 00 00 00 00 00 00 00 00 00 ff 00 00 00 00 00 00 00 00 00 ff 00 00 00 00 00 00 00 00 00 ff 00 00 00 00 00 00 00 00 01 00 00
  6533 ms  64 B  05 07 00 66 28 66 08 40 00 71 00 00 ff 00 00 00 00 00 00 00 00 00 ff 00 00 00 00 00 00 00 00 00 ff 00 00 00 00 00 00 00 00 00 ff 00 00 00 00 00 00 00 00 00 ff 00 00 00 00 00 00 00 00 01 00 00
  6534 ms  64 B  05 07 00 63 28 66 08 40 00 71 00 00 ff 00 00 00 00 00 00 00 00 00 ff 00 00 00 00 00 00 00 00 00 ff 00 00 00 00 00 00 00 00 00 ff 00 00 00 00 00 00 00 00 00 ff 00 00 00 00 00 00 00 00 01 00 00
  6542 ms  64 B  05 07 00 62 28 66 08 40 00 71 00 00 ff 00 00 00 00 00 00 00 00 00 ff 00 00 00 00 00 00 00 00 00 ff 00 00 00 00 00 00 00 00 00 ff 00 00 00 00 00 00 00 00 00 ff 00 00 00 00 00 00 00 00 01 00 00
           … repeated 1×
  6544 ms  64 B  05 07 00 63 28 66 08 40 00 71 00 00 ff 00 00 00 00 00 00 00 00 00 ff 00 00 00 00 00 00 00 00 00 ff 00 00 00 00 00 00 00 00 00 ff 00 00 00 00 00 00 00 00 00 ff 00 00 00 00 00 00 00 00 01 00 00
           … repeated 15×
  6601 ms  64 B  05 07 00 61 28 66 08 40 00 71 00 00 ff 00 00 00 00 00 00 00 00 00 ff 00 00 00 00 00 00 00 00 00 ff 00 00 00 00 00 00 00 00 00 ff 00 00 00 00 00 00 00 00 00 ff 00 00 00 00 00 00 00 00 01 00 00
  6602 ms  64 B  05 07 00 5f 28 66 08 40 00 71 00 00 ff 00 00 00 00 00 00 00 00 00 ff 00 00 00 00 00 00 00 00 00 ff 00 00 00 00 00 00 00 00 00 ff 00 00 00 00 00 00 00 00 00 ff 00 00 00 00 00 00 00 00 01 00 00
  6603 ms  64 B  05 07 00 5c 28 66 08 40 00 71 00 00 ff 00 00 00 00 00 00 00 00 00 ff 00 00 00 00 00 00 00 00 00 ff 00 00 00 00 00 00 00 00 00 ff 00 00 00 00 00 00 00 00 00 ff 00 00 00 00 00 00 00 00 01 00 00
  6611 ms  64 B  05 07 00 5b 28 66 08 40 00 71 00 00 ff 00 00 00 00 00 00 00 00 00 ff 00 00 00 00 00 00 00 00 00 ff 00 00 00 00 00 00 00 00 00 ff 00 00 00 00 00 00 00 00 00 ff 00 00 00 00 00 00 00 00 01 00 00
           … repeated 1×
  6613 ms  64 B  05 07 00 5c 28 66 08 40 00 71 00 00 ff 00 00 00 00 00 00 00 00 00 ff 00 00 00 00 00 00 00 00 00 ff 00 00 00 00 00 00 00 00 00 ff 00 00 00 00 00 00 00 00 00 ff 00 00 00 00 00 00 00 00 01 00 00
           … repeated 48×
  6767 ms  64 B  05 07 00 5a 28 66 08 40 00 71 00 00 ff 00 00 00 00 00 00 00 00 00 ff 00 00 00 00 00 00 00 00 00 ff 00 00 00 00 00 00 00 00 00 ff 00 00 00 00 00 00 00 00 00 ff 00 00 00 00 00 00 00 00 01 00 00
  6768 ms  64 B  05 07 00 58 28 66 08 40 00 71 00 00 ff 00 00 00 00 00 00 00 00 00 ff 00 00 00 00 00 00 00 00 00 ff 00 00 00 00 00 00 00 00 00 ff 00 00 00 00 00 00 00 00 00 ff 00 00 00 00 00 00 00 00 01 00 00
  6769 ms  64 B  05 07 00 55 28 66 08 40 00 71 00 00 ff 00 00 00 00 00 00 00 00 00 ff 00 00 00 00 00 00 00 00 00 ff 00 00 00 00 00 00 00 00 00 ff 00 00 00 00 00 00 00 00 00 ff 00 00 00 00 00 00 00 00 01 00 00
  6775 ms  64 B  05 07 00 54 28 66 08 40 00 71 00 00 ff 00 00 00 00 00 00 00 00 00 ff 00 00 00 00 00 00 00 00 00 ff 00 00 00 00 00 00 00 00 00 ff 00 00 00 00 00 00 00 00 00 ff 00 00 00 00 00 00 00 00 01 00 00
           … repeated 1×
  6777 ms  64 B  05 07 00 55 28 66 08 40 00 71 00 00 ff 00 00 00 00 00 00 00 00 00 ff 00 00 00 00 00 00 00 00 00 ff 00 00 00 00 00 00 00 00 00 ff 00 00 00 00 00 00 00 00 00 ff 00 00 00 00 00 00 00 00 01 00 00
           … repeated 6×
  6796 ms  64 B  05 07 00 53 28 64 08 40 00 71 00 00 ff 00 00 00 00 00 00 00 00 00 ff 00 00 00 00 00 00 00 00 00 ff 00 00 00 00 00 00 00 00 00 ff 00 00 00 00 00 00 00 00 00 ff 00 00 00 00 00 00 00 00 01 00 00
  6797 ms  64 B  05 07 00 51 28 60 08 40 00 71 00 00 ff 00 00 00 00 00 00 00 00 00 ff 00 00 00 00 00 00 00 00 00 ff 00 00 00 00 00 00 00 00 00 ff 00 00 00 00 00 00 00 00 00 ff 00 00 00 00 00 00 00 00 01 00 00
  6798 ms  64 B  05 07 00 4e 28 5a 08 40 00 71 00 00 ff 00 00 00 00 00 00 00 00 00 ff 00 00 00 00 00 00 00 00 00 ff 00 00 00 00 00 00 00 00 00 ff 00 00 00 00 00 00 00 00 00 ff 00 00 00 00 00 00 00 00 01 00 00
  6803 ms  64 B  05 07 00 4d 28 58 08 40 00 71 00 00 ff 00 00 00 00 00 00 00 00 00 ff 00 00 00 00 00 00 00 00 00 ff 00 00 00 00 00 00 00 00 00 ff 00 00 00 00 00 00 00 00 00 ff 00 00 00 00 00 00 00 00 01 00 00
           … repeated 1×
  6805 ms  64 B  05 07 00 4e 28 5a 08 40 00 71 00 00 ff 00 00 00 00 00 00 00 00 00 ff 00 00 00 00 00 00 00 00 00 ff 00 00 00 00 00 00 00 00 00 ff 00 00 00 00 00 00 00 00 00 ff 00 00 00 00 00 00 00 00 01 00 00
  6811 ms  64 B  05 07 00 4e 28 5c 08 40 00 71 00 00 ff 00 00 00 00 00 00 00 00 00 ff 00 00 00 00 00 00 00 00 00 ff 00 00 00 00 00 00 00 00 00 ff 00 00 00 00 00 00 00 00 00 ff 00 00 00 00 00 00 00 00 01 00 00
  6812 ms  64 B  05 07 00 4e 28 60 08 40 00 71 00 00 ff 00 00 00 00 00 00 00 00 00 ff 00 00 00 00 00 00 00 00 00 ff 00 00 00 00 00 00 00 00 00 ff 00 00 00 00 00 00 00 00 00 ff 00 00 00 00 00 00 00 00 01 00 00
  6813 ms  64 B  05 07 00 4e 28 66 08 40 00 71 00 00 ff 00 00 00 00 00 00 00 00 00 ff 00 00 00 00 00 00 00 00 00 ff 00 00 00 00 00 00 00 00 00 ff 00 00 00 00 00 00 00 00 00 ff 00 00 00 00 00 00 00 00 01 00 00
  6820 ms  64 B  05 07 00 4e 28 6a 08 40 00 71 00 00 ff 00 00 00 00 00 00 00 00 00 ff 00 00 00 00 00 00 00 00 00 ff 00 00 00 00 00 00 00 00 00 ff 00 00 00 00 00 00 00 00 00 ff 00 00 00 00 00 00 00 00 01 00 00
  6821 ms  64 B  05 07 00 4e 28 6e 08 40 00 71 00 00 ff 00 00 00 00 00 00 00 00 00 ff 00 00 00 00 00 00 00 00 00 ff 00 00 00 00 00 00 00 00 00 ff 00 00 00 00 00 00 00 00 00 ff 00 00 00 00 00 00 00 00 01 00 00
  6822 ms  64 B  05 07 00 4e 28 72 08 40 00 71 00 00 ff 00 00 00 00 00 00 00 00 00 ff 00 00 00 00 00 00 00 00 00 ff 00 00 00 00 00 00 00 00 00 ff 00 00 00 00 00 00 00 00 00 ff 00 00 00 00 00 00 00 00 01 00 00
  6830 ms  64 B  05 07 00 50 28 82 08 40 00 71 00 00 ff 00 00 00 00 00 00 00 00 00 ff 00 00 00 00 00 00 00 00 00 ff 00 00 00 00 00 00 00 00 00 ff 00 00 00 00 00 00 00 00 00 ff 00 00 00 00 00 00 00 00 01 00 00
  6831 ms  64 B  05 07 00 52 28 97 08 40 00 71 00 00 ff 00 00 00 00 00 00 00 00 00 ff 00 00 00 00 00 00 00 00 00 ff 00 00 00 00 00 00 00 00 00 ff 00 00 00 00 00 00 00 00 00 ff 00 00 00 00 00 00 00 00 01 00 00
  6832 ms  64 B  05 07 00 55 28 b2 08 40 00 71 00 00 ff 00 00 00 00 00 00 00 00 00 ff 00 00 00 00 00 00 00 00 00 ff 00 00 00 00 00 00 00 00 00 ff 00 00 00 00 00 00 00 00 00 ff 00 00 00 00 00 00 00 00 01 00 00
  6836 ms  64 B  05 07 00 56 28 ba 08 40 00 71 00 00 ff 00 00 00 00 00 00 00 00 00 ff 00 00 00 00 00 00 00 00 00 ff 00 00 00 00 00 00 00 00 00 ff 00 00 00 00 00 00 00 00 00 ff 00 00 00 00 00 00 00 00 01 00 00
           … repeated 1×
  6838 ms  64 B  05 07 00 55 28 b2 08 40 00 71 00 00 ff 00 00 00 00 00 00 00 00 00 ff 00 00 00 00 00 00 00 00 00 ff 00 00 00 00 00 00 00 00 00 ff 00 00 00 00 00 00 00 00 00 ff 00 00 00 00 00 00 00 00 01 00 00
           … repeated 3×
  6850 ms  64 B  05 04 00 55 28 b2 08 40 00 71 00 00 ff 00 00 00 00 00 00 00 00 00 ff 00 00 00 00 00 00 00 00 00 ff 00 00 00 00 00 00 00 00 00 ff 00 00 00 00 00 00 00 00 00 ff 00 00 00 00 00 00 00 00 01 00 00
  8129 ms  64 B  05 04 00 07 24 3f 1f 40 00 71 00 00 ff 00 00 00 00 00 00 00 00 00 ff 00 00 00 00 00 00 00 00 00 ff 00 00 00 00 00 00 00 00 00 ff 00 00 00 00 00 00 00 00 00 ff 00 00 00 00 00 00 00 00 01 00 00
  8129 ms  64 B  05 07 00 07 24 3f 1f 40 00 71 00 00 ff 00 00 00 00 00 00 00 00 00 ff 00 00 00 00 00 00 00 00 00 ff 00 00 00 00 00 00 00 00 00 ff 00 00 00 00 00 00 00 00 00 ff 00 00 00 00 00 00 00 00 01 00 00
  8137 ms  64 B  05 07 00 07 24 3f 1f 40 00 71 00 04 03 94 28 07 1e 40 00 71 00 00 ff 00 00 00 00 00 00 00 00 00 ff 00 00 00 00 00 00 00 00 00 ff 00 00 00 00 00 00 00 00 00 ff 00 00 00 00 00 00 00 00 02 00 00
  8138 ms  64 B  05 07 00 07 24 3f 1f 40 00 71 00 07 03 94 28 07 1e 40 00 71 00 00 ff 00 00 00 00 00 00 00 00 00 ff 00 00 00 00 00 00 00 00 00 ff 00 00 00 00 00 00 00 00 00 ff 00 00 00 00 00 00 00 00 02 00 00
           … repeated 101×
  8425 ms  64 B  05 07 00 d8 23 0a 1f 40 00 71 00 07 03 94 28 07 1e 40 00 71 00 00 ff 00 00 00 00 00 00 00 00 00 ff 00 00 00 00 00 00 00 00 00 ff 00 00 00 00 00 00 00 00 00 ff 00 00 00 00 00 00 00 00 02 00 00
  8426 ms  64 B  05 07 00 91 23 bb 1e 40 00 71 00 07 03 94 28 07 1e 40 00 71 00 00 ff 00 00 00 00 00 00 00 00 00 ff 00 00 00 00 00 00 00 00 00 ff 00 00 00 00 00 00 00 00 00 ff 00 00 00 00 00 00 00 00 02 00 00
  8427 ms  64 B  05 07 00 34 23 51 1e 40 00 71 00 07 03 94 28 07 1e 40 00 71 00 00 ff 00 00 00 00 00 00 00 00 00 ff 00 00 00 00 00 00 00 00 00 ff 00 00 00 00 00 00 00 00 00 ff 00 00 00 00 00 00 00 00 02 00 00
  8433 ms  64 B  05 07 00 1c 23 36 1e 40 00 71 00 07 03 94 28 07 1e 40 00 71 00 00 ff 00 00 00 00 00 00 00 00 00 ff 00 00 00 00 00 00 00 00 00 ff 00 00 00 00 00 00 00 00 00 ff 00 00 00 00 00 00 00 00 02 00 00
  8434 ms  64 B  05 07 00 1d 23 36 1e 40 00 71 00 07 03 94 28 07 1e 40 00 71 00 00 ff 00 00 00 00 00 00 00 00 00 ff 00 00 00 00 00 00 00 00 00 ff 00 00 00 00 00 00 00 00 00 ff 00 00 00 00 00 00 00 00 02 00 00
  8435 ms  64 B  05 07 00 34 23 51 1e 40 00 71 00 07 03 94 28 07 1e 40 00 71 00 00 ff 00 00 00 00 00 00 00 00 00 ff 00 00 00 00 00 00 00 00 00 ff 00 00 00 00 00 00 00 00 00 ff 00 00 00 00 00 00 00 00 02 00 00
  8440 ms  64 B  05 07 00 34 23 51 1e 40 00 71 00 07 03 7e 28 cd 1d 40 00 71 00 00 ff 00 00 00 00 00 00 00 00 00 ff 00 00 00 00 00 00 00 00 00 ff 00 00 00 00 00 00 00 00 00 ff 00 00 00 00 00 00 00 00 02 00 00
  8441 ms  64 B  05 07 00 34 23 51 1e 40 00 71 00 07 03 5d 28 75 1d 40 00 71 00 00 ff 00 00 00 00 00 00 00 00 00 ff 00 00 00 00 00 00 00 00 00 ff 00 00 00 00 00 00 00 00 00 ff 00 00 00 00 00 00 00 00 02 00 00
  8442 ms  64 B  05 07 00 34 23 51 1e 40 00 71 00 07 03 31 28 ff 1c 40 00 71 00 00 ff 00 00 00 00 00 00 00 00 00 ff 00 00 00 00 00 00 00 00 00 ff 00 00 00 00 00 00 00 00 00 ff 00 00 00 00 00 00 00 00 02 00 00
  8448 ms  64 B  05 07 00 34 23 51 1e 40 00 71 00 07 03 26 28 e1 1c 40 00 71 00 00 ff 00 00 00 00 00 00 00 00 00 ff 00 00 00 00 00 00 00 00 00 ff 00 00 00 00 00 00 00 00 00 ff 00 00 00 00 00 00 00 00 02 00 00
           … repeated 1×
  8450 ms  64 B  05 07 00 34 23 51 1e 40 00 71 00 07 03 31 28 ff 1c 40 00 71 00 00 ff 00 00 00 00 00 00 00 00 00 ff 00 00 00 00 00 00 00 00 00 ff 00 00 00 00 00 00 00 00 00 ff 00 00 00 00 00 00 00 00 02 00 00
           … repeated 3×
  8468 ms  64 B  05 07 00 34 23 51 1e 40 00 71 00 07 03 31 28 fc 1c 40 00 71 00 00 ff 00 00 00 00 00 00 00 00 00 ff 00 00 00 00 00 00 00 00 00 ff 00 00 00 00 00 00 00 00 00 ff 00 00 00 00 00 00 00 00 02 00 00
  8468 ms  64 B  05 07 00 34 23 51 1e 40 00 71 00 07 03 31 28 f7 1c 40 00 71 00 00 ff 00 00 00 00 00 00 00 00 00 ff 00 00 00 00 00 00 00 00 00 ff 00 00 00 00 00 00 00 00 00 ff 00 00 00 00 00 00 00 00 02 00 00
  8469 ms  64 B  05 07 00 34 23 51 1e 40 00 71 00 07 03 31 28 f2 1c 40 00 71 00 00 ff 00 00 00 00 00 00 00 00 00 ff 00 00 00 00 00 00 00 00 00 ff 00 00 00 00 00 00 00 00 00 ff 00 00 00 00 00 00 00 00 02 00 00
  8477 ms  64 B  05 07 00 36 23 51 1e 40 00 71 00 07 03 31 28 f0 1c 40 00 71 00 00 ff 00 00 00 00 00 00 00 00 00 ff 00 00 00 00 00 00 00 00 00 ff 00 00 00 00 00 00 00 00 00 ff 00 00 00 00 00 00 00 00 02 00 00
  8478 ms  64 B  05 07 00 38 23 51 1e 40 00 71 00 07 03 31 28 f1 1c 40 00 71 00 00 ff 00 00 00 00 00 00 00 00 00 ff 00 00 00 00 00 00 00 00 00 ff 00 00 00 00 00 00 00 00 00 ff 00 00 00 00 00 00 00 00 02 00 00
  8479 ms  64 B  05 07 00 3b 23 51 1e 40 00 71 00 07 03 31 28 f2 1c 40 00 71 00 00 ff 00 00 00 00 00 00 00 00 00 ff 00 00 00 00 00 00 00 00 00 ff 00 00 00 00 00 00 00 00 00 ff 00 00 00 00 00 00 00 00 02 00 00
  8486 ms  64 B  05 07 00 3c 23 51 1e 40 00 71 00 07 03 31 28 f2 1c 40 00 71 00 00 ff 00 00 00 00 00 00 00 00 00 ff 00 00 00 00 00 00 00 00 00 ff 00 00 00 00 00 00 00 00 00 ff 00 00 00 00 00 00 00 00 02 00 00
           … repeated 1×
  8488 ms  64 B  05 07 00 3b 23 51 1e 40 00 71 00 07 03 31 28 f2 1c 40 00 71 00 00 ff 00 00 00 00 00 00 00 00 00 ff 00 00 00 00 00 00 00 00 00 ff 00 00 00 00 00 00 00 00 00 ff 00 00 00 00 00 00 00 00 02 00 00
           … repeated 12×
  8533 ms  64 B  05 07 00 3b 23 53 1e 40 00 71 00 07 03 31 28 f5 1c 40 00 71 00 00 ff 00 00 00 00 00 00 00 00 00 ff 00 00 00 00 00 00 00 00 00 ff 00 00 00 00 00 00 00 00 00 ff 00 00 00 00 00 00 00 00 02 00 00
  8534 ms  64 B  05 07 00 3b 23 57 1e 40 00 71 00 07 03 31 28 fa 1c 40 00 71 00 00 ff 00 00 00 00 00 00 00 00 00 ff 00 00 00 00 00 00 00 00 00 ff 00 00 00 00 00 00 00 00 00 ff 00 00 00 00 00 00 00 00 02 00 00
  8535 ms  64 B  05 07 00 3b 23 5d 1e 40 00 71 00 07 03 31 28 ff 1c 40 00 71 00 00 ff 00 00 00 00 00 00 00 00 00 ff 00 00 00 00 00 00 00 00 00 ff 00 00 00 00 00 00 00 00 00 ff 00 00 00 00 00 00 00 00 02 00 00
  8542 ms  64 B  05 07 00 3b 23 5f 1e 40 00 71 00 07 03 31 28 01 1d 40 00 71 00 00 ff 00 00 00 00 00 00 00 00 00 ff 00 00 00 00 00 00 00 00 00 ff 00 00 00 00 00 00 00 00 00 ff 00 00 00 00 00 00 00 00 02 00 00
  8543 ms  64 B  05 07 00 3b 23 5f 1e 40 00 71 00 07 03 31 28 00 1d 40 00 71 00 00 ff 00 00 00 00 00 00 00 00 00 ff 00 00 00 00 00 00 00 00 00 ff 00 00 00 00 00 00 00 00 00 ff 00 00 00 00 00 00 00 00 02 00 00
  8544 ms  64 B  05 07 00 3b 23 5d 1e 40 00 71 00 07 03 31 28 ff 1c 40 00 71 00 00 ff 00 00 00 00 00 00 00 00 00 ff 00 00 00 00 00 00 00 00 00 ff 00 00 00 00 00 00 00 00 00 ff 00 00 00 00 00 00 00 00 02 00 00
  8552 ms  64 B  05 07 00 3b 23 5d 1e 40 00 71 00 07 03 2f 28 01 1d 40 00 71 00 00 ff 00 00 00 00 00 00 00 00 00 ff 00 00 00 00 00 00 00 00 00 ff 00 00 00 00 00 00 00 00 00 ff 00 00 00 00 00 00 00 00 02 00 00
  8553 ms  64 B  05 07 00 3b 23 5d 1e 40 00 71 00 07 03 2d 28 05 1d 40 00 71 00 00 ff 00 00 00 00 00 00 00 00 00 ff 00 00 00 00 00 00 00 00 00 ff 00 00 00 00 00 00 00 00 00 ff 00 00 00 00 00 00 00 00 02 00 00
  8554 ms  64 B  05 07 00 3b 23 5d 1e 40 00 71 00 07 03 2a 28 0b 1d 40 00 71 00 00 ff 00 00 00 00 00 00 00 00 00 ff 00 00 00 00 00 00 00 00 00 ff 00 00 00 00 00 00 00 00 00 ff 00 00 00 00 00 00 00 00 02 00 00
  8561 ms  64 B  05 07 00 3b 23 5d 1e 40 00 71 00 07 03 29 28 0d 1d 40 00 71 00 00 ff 00 00 00 00 00 00 00 00 00 ff 00 00 00 00 00 00 00 00 00 ff 00 00 00 00 00 00 00 00 00 ff 00 00 00 00 00 00 00 00 02 00 00
           … repeated 1×
  8562 ms  64 B  05 07 00 3b 23 5d 1e 40 00 71 00 07 03 2a 28 0b 1d 40 00 71 00 00 ff 00 00 00 00 00 00 00 00 00 ff 00 00 00 00 00 00 00 00 00 ff 00 00 00 00 00 00 00 00 00 ff 00 00 00 00 00 00 00 00 02 00 00
  8569 ms  64 B  05 07 00 39 23 5d 1e 40 00 71 00 07 03 2a 28 0e 1d 40 00 71 00 00 ff 00 00 00 00 00 00 00 00 00 ff 00 00 00 00 00 00 00 00 00 ff 00 00 00 00 00 00 00 00 00 ff 00 00 00 00 00 00 00 00 02 00 00
  8570 ms  64 B  05 07 00 37 23 5d 1e 40 00 71 00 07 03 2a 28 13 1d 40 00 71 00 00 ff 00 00 00 00 00 00 00 00 00 ff 00 00 00 00 00 00 00 00 00 ff 00 00 00 00 00 00 00 00 00 ff 00 00 00 00 00 00 00 00 02 00 00
  8571 ms  64 B  05 07 00 34 23 5d 1e 40 00 71 00 07 03 2a 28 19 1d 40 00 71 00 00 ff 00 00 00 00 00 00 00 00 00 ff 00 00 00 00 00 00 00 00 00 ff 00 00 00 00 00 00 00 00 00 ff 00 00 00 00 00 00 00 00 02 00 00
  8579 ms  64 B  05 07 00 33 23 5d 1e 40 00 71 00 07 03 2a 28 1b 1d 40 00 71 00 00 ff 00 00 00 00 00 00 00 00 00 ff 00 00 00 00 00 00 00 00 00 ff 00 00 00 00 00 00 00 00 00 ff 00 00 00 00 00 00 00 00 02 00 00
           … repeated 1×
  8581 ms  64 B  05 07 00 34 23 5d 1e 40 00 71 00 07 03 2a 28 19 1d 40 00 71 00 00 ff 00 00 00 00 00 00 00 00 00 ff 00 00 00 00 00 00 00 00 00 ff 00 00 00 00 00 00 00 00 00 ff 00 00 00 00 00 00 00 00 02 00 00
  8588 ms  64 B  05 07 00 34 23 5d 1e 40 00 71 00 07 03 28 28 19 1d 40 00 71 00 00 ff 00 00 00 00 00 00 00 00 00 ff 00 00 00 00 00 00 00 00 00 ff 00 00 00 00 00 00 00 00 00 ff 00 00 00 00 00 00 00 00 02 00 00
  8589 ms  64 B  05 07 00 34 23 5d 1e 40 00 71 00 07 03 26 28 19 1d 40 00 71 00 00 ff 00 00 00 00 00 00 00 00 00 ff 00 00 00 00 00 00 00 00 00 ff 00 00 00 00 00 00 00 00 00 ff 00 00 00 00 00 00 00 00 02 00 00
  8590 ms  64 B  05 07 00 34 23 5d 1e 40 00 71 00 07 03 23 28 19 1d 40 00 71 00 00 ff 00 00 00 00 00 00 00 00 00 ff 00 00 00 00 00 00 00 00 00 ff 00 00 00 00 00 00 00 00 00 ff 00 00 00 00 00 00 00 00 02 00 00
  8597 ms  64 B  05 07 00 34 23 5d 1e 40 00 71 00 07 03 22 28 19 1d 40 00 71 00 00 ff 00 00 00 00 00 00 00 00 00 ff 00 00 00 00 00 00 00 00 00 ff 00 00 00 00 00 00 00 00 00 ff 00 00 00 00 00 00 00 00 02 00 00
           … repeated 1×
  8599 ms  64 B  05 07 00 34 23 5d 1e 40 00 71 00 07 03 23 28 19 1d 40 00 71 00 00 ff 00 00 00 00 00 00 00 00 00 ff 00 00 00 00 00 00 00 00 00 ff 00 00 00 00 00 00 00 00 00 ff 00 00 00 00 00 00 00 00 02 00 00
           … repeated 9×
  8636 ms  64 B  05 07 00 34 23 5d 1e 40 00 71 00 07 03 23 28 1b 1d 40 00 71 00 00 ff 00 00 00 00 00 00 00 00 00 ff 00 00 00 00 00 00 00 00 00 ff 00 00 00 00 00 00 00 00 00 ff 00 00 00 00 00 00 00 00 02 00 00
  8637 ms  64 B  05 07 00 34 23 5d 1e 40 00 71 00 07 03 23 28 1f 1d 40 00 71 00 00 ff 00 00 00 00 00 00 00 00 00 ff 00 00 00 00 00 00 00 00 00 ff 00 00 00 00 00 00 00 00 00 ff 00 00 00 00 00 00 00 00 02 00 00
  8638 ms  64 B  05 07 00 34 23 5d 1e 40 00 71 00 07 03 23 28 25 1d 40 00 71 00 00 ff 00 00 00 00 00 00 00 00 00 ff 00 00 00 00 00 00 00 00 00 ff 00 00 00 00 00 00 00 00 00 ff 00 00 00 00 00 00 00 00 02 00 00
  8646 ms  64 B  05 07 00 36 23 5b 1e 40 00 71 00 07 03 23 28 27 1d 40 00 71 00 00 ff 00 00 00 00 00 00 00 00 00 ff 00 00 00 00 00 00 00 00 00 ff 00 00 00 00 00 00 00 00 00 ff 00 00 00 00 00 00 00 00 02 00 00
  8647 ms  64 B  05 07 00 38 23 57 1e 40 00 71 00 07 03 23 28 27 1d 40 00 71 00 00 ff 00 00 00 00 00 00 00 00 00 ff 00 00 00 00 00 00 00 00 00 ff 00 00 00 00 00 00 00 00 00 ff 00 00 00 00 00 00 00 00 02 00 00
  8648 ms  64 B  05 07 00 3b 23 51 1e 40 00 71 00 07 03 23 28 25 1d 40 00 71 00 00 ff 00 00 00 00 00 00 00 00 00 ff 00 00 00 00 00 00 00 00 00 ff 00 00 00 00 00 00 00 00 00 ff 00 00 00 00 00 00 00 00 02 00 00
  8656 ms  64 B  05 07 00 3c 23 4f 1e 40 00 71 00 07 03 23 28 25 1d 40 00 71 00 00 ff 00 00 00 00 00 00 00 00 00 ff 00 00 00 00 00 00 00 00 00 ff 00 00 00 00 00 00 00 00 00 ff 00 00 00 00 00 00 00 00 02 00 00
           … repeated 1×
  8658 ms  64 B  05 07 00 3b 23 51 1e 40 00 71 00 07 03 23 28 25 1d 40 00 71 00 00 ff 00 00 00 00 00 00 00 00 00 ff 00 00 00 00 00 00 00 00 00 ff 00 00 00 00 00 00 00 00 00 ff 00 00 00 00 00 00 00 00 02 00 00
  8667 ms  64 B  05 07 00 3b 23 51 1e 40 00 71 00 07 03 23 28 23 1d 40 00 71 00 00 ff 00 00 00 00 00 00 00 00 00 ff 00 00 00 00 00 00 00 00 00 ff 00 00 00 00 00 00 00 00 00 ff 00 00 00 00 00 00 00 00 02 00 00
  8668 ms  64 B  05 07 00 3b 23 51 1e 40 00 71 00 07 03 23 28 1f 1d 40 00 71 00 00 ff 00 00 00 00 00 00 00 00 00 ff 00 00 00 00 00 00 00 00 00 ff 00 00 00 00 00 00 00 00 00 ff 00 00 00 00 00 00 00 00 02 00 00
  8669 ms  64 B  05 07 00 3b 23 51 1e 40 00 71 00 07 03 23 28 19 1d 40 00 71 00 00 ff 00 00 00 00 00 00 00 00 00 ff 00 00 00 00 00 00 00 00 00 ff 00 00 00 00 00 00 00 00 00 ff 00 00 00 00 00 00 00 00 02 00 00
  8676 ms  64 B  05 07 00 3b 23 51 1e 40 00 71 00 07 03 23 28 17 1d 40 00 71 00 00 ff 00 00 00 00 00 00 00 00 00 ff 00 00 00 00 00 00 00 00 00 ff 00 00 00 00 00 00 00 00 00 ff 00 00 00 00 00 00 00 00 02 00 00
           … repeated 1×
  8678 ms  64 B  05 07 00 3b 23 51 1e 40 00 71 00 07 03 23 28 19 1d 40 00 71 00 00 ff 00 00 00 00 00 00 00 00 00 ff 00 00 00 00 00 00 00 00 00 ff 00 00 00 00 00 00 00 00 00 ff 00 00 00 00 00 00 00 00 02 00 00
           … repeated 15×
  8735 ms  64 B  05 07 00 3b 23 51 1e 40 00 71 00 07 03 25 28 19 1d 40 00 71 00 00 ff 00 00 00 00 00 00 00 00 00 ff 00 00 00 00 00 00 00 00 00 ff 00 00 00 00 00 00 00 00 00 ff 00 00 00 00 00 00 00 00 02 00 00
  8736 ms  64 B  05 07 00 3b 23 51 1e 40 00 71 00 07 03 27 28 19 1d 40 00 71 00 00 ff 00 00 00 00 00 00 00 00 00 ff 00 00 00 00 00 00 00 00 00 ff 00 00 00 00 00 00 00 00 00 ff 00 00 00 00 00 00 00 00 02 00 00
  8737 ms  64 B  05 07 00 3b 23 51 1e 40 00 71 00 07 03 2a 28 19 1d 40 00 71 00 00 ff 00 00 00 00 00 00 00 00 00 ff 00 00 00 00 00 00 00 00 00 ff 00 00 00 00 00 00 00 00 00 ff 00 00 00 00 00 00 00 00 02 00 00
  8746 ms  64 B  05 07 00 39 23 53 1e 40 00 71 00 07 03 2b 28 19 1d 40 00 71 00 00 ff 00 00 00 00 00 00 00 00 00 ff 00 00 00 00 00 00 00 00 00 ff 00 00 00 00 00 00 00 00 00 ff 00 00 00 00 00 00 00 00 02 00 00
  8746 ms  64 B  05 07 00 37 23 57 1e 40 00 71 00 07 03 2b 28 19 1d 40 00 71 00 00 ff 00 00 00 00 00 00 00 00 00 ff 00 00 00 00 00 00 00 00 00 ff 00 00 00 00 00 00 00 00 00 ff 00 00 00 00 00 00 00 00 02 00 00
  8747 ms  64 B  05 07 00 34 23 5d 1e 40 00 71 00 07 03 2a 28 19 1d 40 00 71 00 00 ff 00 00 00 00 00 00 00 00 00 ff 00 00 00 00 00 00 00 00 00 ff 00 00 00 00 00 00 00 00 00 ff 00 00 00 00 00 00 00 00 02 00 00
  8754 ms  64 B  05 07 00 33 23 5f 1e 40 00 71 00 07 03 2a 28 19 1d 40 00 71 00 00 ff 00 00 00 00 00 00 00 00 00 ff 00 00 00 00 00 00 00 00 00 ff 00 00 00 00 00 00 00 00 00 ff 00 00 00 00 00 00 00 00 02 00 00
           … repeated 1×
  8756 ms  64 B  05 07 00 34 23 5d 1e 40 00 71 00 07 03 2a 28 19 1d 40 00 71 00 00 ff 00 00 00 00 00 00 00 00 00 ff 00 00 00 00 00 00 00 00 00 ff 00 00 00 00 00 00 00 00 00 ff 00 00 00 00 00 00 00 00 02 00 00
           … repeated 3×
  8773 ms  64 B  05 07 00 36 23 5b 1e 40 00 71 00 07 03 2a 28 19 1d 40 00 71 00 00 ff 00 00 00 00 00 00 00 00 00 ff 00 00 00 00 00 00 00 00 00 ff 00 00 00 00 00 00 00 00 00 ff 00 00 00 00 00 00 00 00 02 00 00
  8774 ms  64 B  05 07 00 38 23 57 1e 40 00 71 00 07 03 2a 28 19 1d 40 00 71 00 00 ff 00 00 00 00 00 00 00 00 00 ff 00 00 00 00 00 00 00 00 00 ff 00 00 00 00 00 00 00 00 00 ff 00 00 00 00 00 00 00 00 02 00 00
  8775 ms  64 B  05 07 00 3b 23 51 1e 40 00 71 00 07 03 2a 28 19 1d 40 00 71 00 00 ff 00 00 00 00 00 00 00 00 00 ff 00 00 00 00 00 00 00 00 00 ff 00 00 00 00 00 00 00 00 00 ff 00 00 00 00 00 00 00 00 02 00 00
  8783 ms  64 B  05 07 00 3c 23 4f 1e 40 00 71 00 07 03 2a 28 19 1d 40 00 71 00 00 ff 00 00 00 00 00 00 00 00 00 ff 00 00 00 00 00 00 00 00 00 ff 00 00 00 00 00 00 00 00 00 ff 00 00 00 00 00 00 00 00 02 00 00
           … repeated 1×
  8785 ms  64 B  05 07 00 3b 23 51 1e 40 00 71 00 07 03 2a 28 19 1d 40 00 71 00 00 ff 00 00 00 00 00 00 00 00 00 ff 00 00 00 00 00 00 00 00 00 ff 00 00 00 00 00 00 00 00 00 ff 00 00 00 00 00 00 00 00 02 00 00
           … repeated 18×
  8855 ms  64 B  05 07 00 3d 23 51 1e 40 00 71 00 07 03 2a 28 19 1d 40 00 71 00 00 ff 00 00 00 00 00 00 00 00 00 ff 00 00 00 00 00 00 00 00 00 ff 00 00 00 00 00 00 00 00 00 ff 00 00 00 00 00 00 00 00 02 00 00
  8856 ms  64 B  05 07 00 3f 23 51 1e 40 00 71 00 07 03 2a 28 19 1d 40 00 71 00 00 ff 00 00 00 00 00 00 00 00 00 ff 00 00 00 00 00 00 00 00 00 ff 00 00 00 00 00 00 00 00 00 ff 00 00 00 00 00 00 00 00 02 00 00
  8857 ms  64 B  05 07 00 42 23 51 1e 40 00 71 00 07 03 2a 28 19 1d 40 00 71 00 00 ff 00 00 00 00 00 00 00 00 00 ff 00 00 00 00 00 00 00 00 00 ff 00 00 00 00 00 00 00 00 00 ff 00 00 00 00 00 00 00 00 02 00 00
  8869 ms  64 B  05 07 00 43 23 51 1e 40 00 71 00 07 03 2a 28 19 1d 40 00 71 00 00 ff 00 00 00 00 00 00 00 00 00 ff 00 00 00 00 00 00 00 00 00 ff 00 00 00 00 00 00 00 00 00 ff 00 00 00 00 00 00 00 00 02 00 00
           … repeated 1×
  8871 ms  64 B  05 07 00 42 23 51 1e 40 00 71 00 07 03 2a 28 19 1d 40 00 71 00 00 ff 00 00 00 00 00 00 00 00 00 ff 00 00 00 00 00 00 00 00 00 ff 00 00 00 00 00 00 00 00 00 ff 00 00 00 00 00 00 00 00 02 00 00
  8880 ms  64 B  05 07 00 42 23 51 1e 40 00 71 00 07 03 28 28 19 1d 40 00 71 00 00 ff 00 00 00 00 00 00 00 00 00 ff 00 00 00 00 00 00 00 00 00 ff 00 00 00 00 00 00 00 00 00 ff 00 00 00 00 00 00 00 00 02 00 00
  8881 ms  64 B  05 07 00 42 23 51 1e 40 00 71 00 07 03 26 28 19 1d 40 00 71 00 00 ff 00 00 00 00 00 00 00 00 00 ff 00 00 00 00 00 00 00 00 00 ff 00 00 00 00 00 00 00 00 00 ff 00 00 00 00 00 00 00 00 02 00 00
  8882 ms  64 B  05 07 00 42 23 51 1e 40 00 71 00 07 03 23 28 19 1d 40 00 71 00 00 ff 00 00 00 00 00 00 00 00 00 ff 00 00 00 00 00 00 00 00 00 ff 00 00 00 00 00 00 00 00 00 ff 00 00 00 00 00 00 00 00 02 00 00
  8893 ms  64 B  05 07 00 42 23 51 1e 40 00 71 00 07 03 22 28 1b 1d 40 00 71 00 00 ff 00 00 00 00 00 00 00 00 00 ff 00 00 00 00 00 00 00 00 00 ff 00 00 00 00 00 00 00 00 00 ff 00 00 00 00 00 00 00 00 02 00 00
  8894 ms  64 B  05 07 00 42 23 51 1e 40 00 71 00 07 03 22 28 1f 1d 40 00 71 00 00 ff 00 00 00 00 00 00 00 00 00 ff 00 00 00 00 00 00 00 00 00 ff 00 00 00 00 00 00 00 00 00 ff 00 00 00 00 00 00 00 00 02 00 00
  8895 ms  64 B  05 07 00 42 23 51 1e 40 00 71 00 07 03 23 28 25 1d 40 00 71 00 00 ff 00 00 00 00 00 00 00 00 00 ff 00 00 00 00 00 00 00 00 00 ff 00 00 00 00 00 00 00 00 00 ff 00 00 00 00 00 00 00 00 02 00 00
  8905 ms  64 B  05 07 00 42 23 51 1e 40 00 71 00 07 03 23 28 28 1d 40 00 71 00 00 ff 00 00 00 00 00 00 00 00 00 ff 00 00 00 00 00 00 00 00 00 ff 00 00 00 00 00 00 00 00 00 ff 00 00 00 00 00 00 00 00 02 00 00
  8906 ms  64 B  05 07 00 42 23 51 1e 40 00 71 00 07 03 23 28 2d 1d 40 00 71 00 00 ff 00 00 00 00 00 00 00 00 00 ff 00 00 00 00 00 00 00 00 00 ff 00 00 00 00 00 00 00 00 00 ff 00 00 00 00 00 00 00 00 02 00 00
  8907 ms  64 B  05 07 00 42 23 51 1e 40 00 71 00 07 03 23 28 32 1d 40 00 71 00 00 ff 00 00 00 00 00 00 00 00 00 ff 00 00 00 00 00 00 00 00 00 ff 00 00 00 00 00 00 00 00 00 ff 00 00 00 00 00 00 00 00 02 00 00
  8918 ms  64 B  05 07 00 42 23 51 1e 40 00 71 00 07 03 23 28 34 1d 40 00 71 00 00 ff 00 00 00 00 00 00 00 00 00 ff 00 00 00 00 00 00 00 00 00 ff 00 00 00 00 00 00 00 00 00 ff 00 00 00 00 00 00 00 00 02 00 00
  8919 ms  64 B  05 07 00 42 23 51 1e 40 00 71 00 07 03 23 28 33 1d 40 00 71 00 00 ff 00 00 00 00 00 00 00 00 00 ff 00 00 00 00 00 00 00 00 00 ff 00 00 00 00 00 00 00 00 00 ff 00 00 00 00 00 00 00 00 02 00 00
  8920 ms  64 B  05 07 00 42 23 51 1e 40 00 71 00 07 03 23 28 32 1d 40 00 71 00 00 ff 00 00 00 00 00 00 00 00 00 ff 00 00 00 00 00 00 00 00 00 ff 00 00 00 00 00 00 00 00 00 ff 00 00 00 00 00 00 00 00 02 00 00
  8932 ms  64 B  05 07 00 42 23 51 1e 40 00 71 00 07 03 23 28 34 1d 40 00 71 00 00 ff 00 00 00 00 00 00 00 00 00 ff 00 00 00 00 00 00 00 00 00 ff 00 00 00 00 00 00 00 00 00 ff 00 00 00 00 00 00 00 00 02 00 00
  8933 ms  64 B  05 07 00 42 23 51 1e 40 00 71 00 07 03 23 28 38 1d 40 00 71 00 00 ff 00 00 00 00 00 00 00 00 00 ff 00 00 00 00 00 00 00 00 00 ff 00 00 00 00 00 00 00 00 00 ff 00 00 00 00 00 00 00 00 02 00 00
  8934 ms  64 B  05 07 00 42 23 51 1e 40 00 71 00 07 03 23 28 3e 1d 40 00 71 00 00 ff 00 00 00 00 00 00 00 00 00 ff 00 00 00 00 00 00 00 00 00 ff 00 00 00 00 00 00 00 00 00 ff 00 00 00 00 00 00 00 00 02 00 00
  8944 ms  64 B  05 07 00 42 23 53 1e 40 00 71 00 07 03 23 28 42 1d 40 00 71 00 00 ff 00 00 00 00 00 00 00 00 00 ff 00 00 00 00 00 00 00 00 00 ff 00 00 00 00 00 00 00 00 00 ff 00 00 00 00 00 00 00 00 02 00 00
  8945 ms  64 B  05 07 00 42 23 57 1e 40 00 71 00 07 03 23 28 46 1d 40 00 71 00 00 ff 00 00 00 00 00 00 00 00 00 ff 00 00 00 00 00 00 00 00 00 ff 00 00 00 00 00 00 00 00 00 ff 00 00 00 00 00 00 00 00 02 00 00
  8946 ms  64 B  05 07 00 42 23 5d 1e 40 00 71 00 07 03 23 28 4a 1d 40 00 71 00 00 ff 00 00 00 00 00 00 00 00 00 ff 00 00 00 00 00 00 00 00 00 ff 00 00 00 00 00 00 00 00 00 ff 00 00 00 00 00 00 00 00 02 00 00
  8957 ms  64 B  05 07 00 42 23 5c 1e 40 00 71 00 07 03 23 28 4c 1d 40 00 71 00 00 ff 00 00 00 00 00 00 00 00 00 ff 00 00 00 00 00 00 00 00 00 ff 00 00 00 00 00 00 00 00 00 ff 00 00 00 00 00 00 00 00 02 00 00
  8958 ms  64 B  05 07 00 42 23 58 1e 40 00 71 00 07 03 23 28 4c 1d 40 00 71 00 00 ff 00 00 00 00 00 00 00 00 00 ff 00 00 00 00 00 00 00 00 00 ff 00 00 00 00 00 00 00 00 00 ff 00 00 00 00 00 00 00 00 02 00 00
  8959 ms  64 B  05 07 00 42 23 51 1e 40 00 71 00 07 03 23 28 4a 1d 40 00 71 00 00 ff 00 00 00 00 00 00 00 00 00 ff 00 00 00 00 00 00 00 00 00 ff 00 00 00 00 00 00 00 00 00 ff 00 00 00 00 00 00 00 00 02 00 00
  8970 ms  64 B  05 07 00 42 23 4f 1e 40 00 71 00 07 03 21 28 4d 1d 40 00 71 00 00 ff 00 00 00 00 00 00 00 00 00 ff 00 00 00 00 00 00 00 00 00 ff 00 00 00 00 00 00 00 00 00 ff 00 00 00 00 00 00 00 00 02 00 00
  8971 ms  64 B  05 07 00 42 23 4f 1e 40 00 71 00 07 03 1f 28 52 1d 40 00 71 00 00 ff 00 00 00 00 00 00 00 00 00 ff 00 00 00 00 00 00 00 00 00 ff 00 00 00 00 00 00 00 00 00 ff 00 00 00 00 00 00 00 00 02 00 00
  8972 ms  64 B  05 07 00 42 23 51 1e 40 00 71 00 07 03 1c 28 57 1d 40 00 71 00 00 ff 00 00 00 00 00 00 00 00 00 ff 00 00 00 00 00 00 00 00 00 ff 00 00 00 00 00 00 00 00 00 ff 00 00 00 00 00 00 00 00 02 00 00
  8982 ms  64 B  05 07 00 42 23 51 1e 40 00 71 00 07 03 1b 28 59 1d 40 00 71 00 00 ff 00 00 00 00 00 00 00 00 00 ff 00 00 00 00 00 00 00 00 00 ff 00 00 00 00 00 00 00 00 00 ff 00 00 00 00 00 00 00 00 02 00 00
  8983 ms  64 B  05 07 00 42 23 51 1e 40 00 71 00 07 03 1b 28 58 1d 40 00 71 00 00 ff 00 00 00 00 00 00 00 00 00 ff 00 00 00 00 00 00 00 00 00 ff 00 00 00 00 00 00 00 00 00 ff 00 00 00 00 00 00 00 00 02 00 00
  8984 ms  64 B  05 07 00 42 23 51 1e 40 00 71 00 07 03 1c 28 57 1d 40 00 71 00 00 ff 00 00 00 00 00 00 00 00 00 ff 00 00 00 00 00 00 00 00 00 ff 00 00 00 00 00 00 00 00 00 ff 00 00 00 00 00 00 00 00 02 00 00
  8997 ms  64 B  05 07 00 42 23 57 1e 40 00 71 00 07 03 1c 28 57 1d 40 00 71 00 00 ff 00 00 00 00 00 00 00 00 00 ff 00 00 00 00 00 00 00 00 00 ff 00 00 00 00 00 00 00 00 00 ff 00 00 00 00 00 00 00 00 02 00 00
  8997 ms  64 B  05 07 00 42 23 5f 1e 40 00 71 00 07 03 1c 28 57 1d 40 00 71 00 00 ff 00 00 00 00 00 00 00 00 00 ff 00 00 00 00 00 00 00 00 00 ff 00 00 00 00 00 00 00 00 00 ff 00 00 00 00 00 00 00 00 02 00 00
  8998 ms  64 B  05 07 00 42 23 6a 1e 40 00 71 00 07 03 1c 28 57 1d 40 00 71 00 00 ff 00 00 00 00 00 00 00 00 00 ff 00 00 00 00 00 00 00 00 00 ff 00 00 00 00 00 00 00 00 00 ff 00 00 00 00 00 00 00 00 02 00 00
  9009 ms  64 B  05 07 00 40 23 71 1e 40 00 71 00 07 03 1e 28 54 1d 40 00 71 00 00 ff 00 00 00 00 00 00 00 00 00 ff 00 00 00 00 00 00 00 00 00 ff 00 00 00 00 00 00 00 00 00 ff 00 00 00 00 00 00 00 00 02 00 00
  9010 ms  64 B  05 07 00 3e 23 7a 1e 40 00 71 00 07 03 20 28 4f 1d 40 00 71 00 00 ff 00 00 00 00 00 00 00 00 00 ff 00 00 00 00 00 00 00 00 00 ff 00 00 00 00 00 00 00 00 00 ff 00 00 00 00 00 00 00 00 02 00 00
  9011 ms  64 B  05 07 00 3b 23 84 1e 40 00 71 00 07 03 23 28 4a 1d 40 00 71 00 00 ff 00 00 00 00 00 00 00 00 00 ff 00 00 00 00 00 00 00 00 00 ff 00 00 00 00 00 00 00 00 00 ff 00 00 00 00 00 00 00 00 02 00 00
  9023 ms  64 B  05 07 00 39 23 8d 1e 40 00 71 00 07 03 24 28 45 1d 40 00 71 00 00 ff 00 00 00 00 00 00 00 00 00 ff 00 00 00 00 00 00 00 00 00 ff 00 00 00 00 00 00 00 00 00 ff 00 00 00 00 00 00 00 00 02 00 00
  9024 ms  64 B  05 07 00 37 23 95 1e 40 00 71 00 07 03 24 28 42 1d 40 00 71 00 00 ff 00 00 00 00 00 00 00 00 00 ff 00 00 00 00 00 00 00 00 00 ff 00 00 00 00 00 00 00 00 00 ff 00 00 00 00 00 00 00 00 02 00 00
  9025 ms  64 B  05 07 00 34 23 9d 1e 40 00 71 00 07 03 23 28 3e 1d 40 00 71 00 00 ff 00 00 00 00 00 00 00 00 00 ff 00 00 00 00 00 00 00 00 00 ff 00 00 00 00 00 00 00 00 00 ff 00 00 00 00 00 00 00 00 02 00 00
  9038 ms  64 B  05 07 00 33 23 a0 1e 40 00 71 00 07 03 23 28 3c 1d 40 00 71 00 00 ff 00 00 00 00 00 00 00 00 00 ff 00 00 00 00 00 00 00 00 00 ff 00 00 00 00 00 00 00 00 00 ff 00 00 00 00 00 00 00 00 02 00 00
           … repeated 1×
  9039 ms  64 B  05 07 00 34 23 9d 1e 40 00 71 00 07 03 23 28 3e 1d 40 00 71 00 00 ff 00 00 00 00 00 00 00 00 00 ff 00 00 00 00 00 00 00 00 00 ff 00 00 00 00 00 00 00 00 00 ff 00 00 00 00 00 00 00 00 02 00 00
           … repeated 3×
  9065 ms  64 B  05 07 00 34 23 9a 1e 40 00 71 00 07 03 23 28 3e 1d 40 00 71 00 00 ff 00 00 00 00 00 00 00 00 00 ff 00 00 00 00 00 00 00 00 00 ff 00 00 00 00 00 00 00 00 00 ff 00 00 00 00 00 00 00 00 02 00 00
  9065 ms  64 B  05 07 00 34 23 95 1e 40 00 71 00 07 03 23 28 3e 1d 40 00 71 00 00 ff 00 00 00 00 00 00 00 00 00 ff 00 00 00 00 00 00 00 00 00 ff 00 00 00 00 00 00 00 00 00 ff 00 00 00 00 00 00 00 00 02 00 00
  9066 ms  64 B  05 07 00 34 23 90 1e 40 00 71 00 07 03 23 28 3e 1d 40 00 71 00 00 ff 00 00 00 00 00 00 00 00 00 ff 00 00 00 00 00 00 00 00 00 ff 00 00 00 00 00 00 00 00 00 ff 00 00 00 00 00 00 00 00 02 00 00
  9077 ms  64 B  05 07 00 34 23 8b 1e 40 00 71 00 07 03 23 28 3e 1d 40 00 71 00 00 ff 00 00 00 00 00 00 00 00 00 ff 00 00 00 00 00 00 00 00 00 ff 00 00 00 00 00 00 00 00 00 ff 00 00 00 00 00 00 00 00 02 00 00
  9078 ms  64 B  05 07 00 34 23 88 1e 40 00 71 00 07 03 23 28 3e 1d 40 00 71 00 00 ff 00 00 00 00 00 00 00 00 00 ff 00 00 00 00 00 00 00 00 00 ff 00 00 00 00 00 00 00 00 00 ff 00 00 00 00 00 00 00 00 02 00 00
  9079 ms  64 B  05 07 00 34 23 84 1e 40 00 71 00 07 03 23 28 3e 1d 40 00 71 00 00 ff 00 00 00 00 00 00 00 00 00 ff 00 00 00 00 00 00 00 00 00 ff 00 00 00 00 00 00 00 00 00 ff 00 00 00 00 00 00 00 00 02 00 00
  9092 ms  64 B  05 07 00 34 23 81 1e 40 00 71 00 07 03 23 28 3e 1d 40 00 71 00 00 ff 00 00 00 00 00 00 00 00 00 ff 00 00 00 00 00 00 00 00 00 ff 00 00 00 00 00 00 00 00 00 ff 00 00 00 00 00 00 00 00 02 00 00
  9093 ms  64 B  05 07 00 34 23 7c 1e 40 00 71 00 07 03 23 28 3e 1d 40 00 71 00 00 ff 00 00 00 00 00 00 00 00 00 ff 00 00 00 00 00 00 00 00 00 ff 00 00 00 00 00 00 00 00 00 ff 00 00 00 00 00 00 00 00 02 00 00
  9094 ms  64 B  05 07 00 34 23 76 1e 40 00 71 00 07 03 23 28 3e 1d 40 00 71 00 00 ff 00 00 00 00 00 00 00 00 00 ff 00 00 00 00 00 00 00 00 00 ff 00 00 00 00 00 00 00 00 00 ff 00 00 00 00 00 00 00 00 02 00 00
  9106 ms  64 B  05 07 00 34 23 71 1e 40 00 71 00 07 03 23 28 40 1d 40 00 71 00 00 ff 00 00 00 00 00 00 00 00 00 ff 00 00 00 00 00 00 00 00 00 ff 00 00 00 00 00 00 00 00 00 ff 00 00 00 00 00 00 00 00 02 00 00
  9107 ms  64 B  05 07 00 34 23 6d 1e 40 00 71 00 07 03 23 28 44 1d 40 00 71 00 00 ff 00 00 00 00 00 00 00 00 00 ff 00 00 00 00 00 00 00 00 00 ff 00 00 00 00 00 00 00 00 00 ff 00 00 00 00 00 00 00 00 02 00 00
  9108 ms  64 B  05 07 00 34 23 6a 1e 40 00 71 00 07 03 23 28 4a 1d 40 00 71 00 00 ff 00 00 00 00 00 00 00 00 00 ff 00 00 00 00 00 00 00 00 00 ff 00 00 00 00 00 00 00 00 00 ff 00 00 00 00 00 00 00 00 02 00 00
  9120 ms  64 B  05 07 00 34 23 68 1e 40 00 71 00 07 03 23 28 4c 1d 40 00 71 00 00 ff 00 00 00 00 00 00 00 00 00 ff 00 00 00 00 00 00 00 00 00 ff 00 00 00 00 00 00 00 00 00 ff 00 00 00 00 00 00 00 00 02 00 00
           … repeated 1×
  9122 ms  64 B  05 07 00 34 23 6a 1e 40 00 71 00 07 03 23 28 4a 1d 40 00 71 00 00 ff 00 00 00 00 00 00 00 00 00 ff 00 00 00 00 00 00 00 00 00 ff 00 00 00 00 00 00 00 00 00 ff 00 00 00 00 00 00 00 00 02 00 00
  9135 ms  64 B  05 07 00 34 23 67 1e 40 00 71 00 07 03 23 28 4a 1d 40 00 71 00 00 ff 00 00 00 00 00 00 00 00 00 ff 00 00 00 00 00 00 00 00 00 ff 00 00 00 00 00 00 00 00 00 ff 00 00 00 00 00 00 00 00 02 00 00
  9136 ms  64 B  05 07 00 34 23 62 1e 40 00 71 00 07 03 23 28 4a 1d 40 00 71 00 00 ff 00 00 00 00 00 00 00 00 00 ff 00 00 00 00 00 00 00 00 00 ff 00 00 00 00 00 00 00 00 00 ff 00 00 00 00 00 00 00 00 02 00 00
  9137 ms  64 B  05 07 00 34 23 5d 1e 40 00 71 00 07 03 23 28 4a 1d 40 00 71 00 00 ff 00 00 00 00 00 00 00 00 00 ff 00 00 00 00 00 00 00 00 00 ff 00 00 00 00 00 00 00 00 00 ff 00 00 00 00 00 00 00 00 02 00 00
  9148 ms  64 B  05 07 00 34 23 5b 1e 40 00 71 00 07 03 23 28 4a 1d 40 00 71 00 00 ff 00 00 00 00 00 00 00 00 00 ff 00 00 00 00 00 00 00 00 00 ff 00 00 00 00 00 00 00 00 00 ff 00 00 00 00 00 00 00 00 02 00 00
  9149 ms  64 B  05 07 00 34 23 5c 1e 40 00 71 00 07 03 23 28 4a 1d 40 00 71 00 00 ff 00 00 00 00 00 00 00 00 00 ff 00 00 00 00 00 00 00 00 00 ff 00 00 00 00 00 00 00 00 00 ff 00 00 00 00 00 00 00 00 02 00 00
  9150 ms  64 B  05 07 00 34 23 5d 1e 40 00 71 00 07 03 23 28 4a 1d 40 00 71 00 00 ff 00 00 00 00 00 00 00 00 00 ff 00 00 00 00 00 00 00 00 00 ff 00 00 00 00 00 00 00 00 00 ff 00 00 00 00 00 00 00 00 02 00 00
           … repeated 3×
  9177 ms  64 B  05 07 00 36 23 5b 1e 40 00 71 00 07 03 23 28 4a 1d 40 00 71 00 00 ff 00 00 00 00 00 00 00 00 00 ff 00 00 00 00 00 00 00 00 00 ff 00 00 00 00 00 00 00 00 00 ff 00 00 00 00 00 00 00 00 02 00 00
  9177 ms  64 B  05 07 00 38 23 57 1e 40 00 71 00 07 03 23 28 4a 1d 40 00 71 00 00 ff 00 00 00 00 00 00 00 00 00 ff 00 00 00 00 00 00 00 00 00 ff 00 00 00 00 00 00 00 00 00 ff 00 00 00 00 00 00 00 00 02 00 00
  9178 ms  64 B  05 07 00 3b 23 51 1e 40 00 71 00 07 03 23 28 4a 1d 40 00 71 00 00 ff 00 00 00 00 00 00 00 00 00 ff 00 00 00 00 00 00 00 00 00 ff 00 00 00 00 00 00 00 00 00 ff 00 00 00 00 00 00 00 00 02 00 00
  9191 ms  64 B  05 07 00 3c 23 4f 1e 40 00 71 00 07 03 23 28 4a 1d 40 00 71 00 00 ff 00 00 00 00 00 00 00 00 00 ff 00 00 00 00 00 00 00 00 00 ff 00 00 00 00 00 00 00 00 00 ff 00 00 00 00 00 00 00 00 02 00 00
           … repeated 1×
  9193 ms  64 B  05 07 00 3b 23 51 1e 40 00 71 00 07 03 23 28 4a 1d 40 00 71 00 00 ff 00 00 00 00 00 00 00 00 00 ff 00 00 00 00 00 00 00 00 00 ff 00 00 00 00 00 00 00 00 00 ff 00 00 00 00 00 00 00 00 02 00 00
           … repeated 21×
  9302 ms  64 B  05 07 00 3b 23 51 1e 40 00 71 00 07 03 21 28 4a 1d 40 00 71 00 00 ff 00 00 00 00 00 00 00 00 00 ff 00 00 00 00 00 00 00 00 00 ff 00 00 00 00 00 00 00 00 00 ff 00 00 00 00 00 00 00 00 02 00 00
  9303 ms  64 B  05 07 00 3b 23 51 1e 40 00 71 00 07 03 1f 28 4a 1d 40 00 71 00 00 ff 00 00 00 00 00 00 00 00 00 ff 00 00 00 00 00 00 00 00 00 ff 00 00 00 00 00 00 00 00 00 ff 00 00 00 00 00 00 00 00 02 00 00
  9304 ms  64 B  05 07 00 3b 23 51 1e 40 00 71 00 07 03 1c 28 4a 1d 40 00 71 00 00 ff 00 00 00 00 00 00 00 00 00 ff 00 00 00 00 00 00 00 00 00 ff 00 00 00 00 00 00 00 00 00 ff 00 00 00 00 00 00 00 00 02 00 00
  9315 ms  64 B  05 07 00 3b 23 51 1e 40 00 71 00 07 03 1b 28 4a 1d 40 00 71 00 00 ff 00 00 00 00 00 00 00 00 00 ff 00 00 00 00 00 00 00 00 00 ff 00 00 00 00 00 00 00 00 00 ff 00 00 00 00 00 00 00 00 02 00 00
           … repeated 1×
  9317 ms  64 B  05 07 00 3b 23 51 1e 40 00 71 00 07 03 1c 28 4a 1d 40 00 71 00 00 ff 00 00 00 00 00 00 00 00 00 ff 00 00 00 00 00 00 00 00 00 ff 00 00 00 00 00 00 00 00 00 ff 00 00 00 00 00 00 00 00 02 00 00
           … repeated 9×
  9374 ms  64 B  05 07 00 3b 23 51 1e 40 00 71 00 07 03 1c 28 4d 1d 40 00 71 00 00 ff 00 00 00 00 00 00 00 00 00 ff 00 00 00 00 00 00 00 00 00 ff 00 00 00 00 00 00 00 00 00 ff 00 00 00 00 00 00 00 00 02 00 00
  9374 ms  64 B  05 07 00 3b 23 51 1e 40 00 71 00 07 03 1c 28 52 1d 40 00 71 00 00 ff 00 00 00 00 00 00 00 00 00 ff 00 00 00 00 00 00 00 00 00 ff 00 00 00 00 00 00 00 00 00 ff 00 00 00 00 00 00 00 00 02 00 00
  9375 ms  64 B  05 07 00 3b 23 51 1e 40 00 71 00 07 03 1c 28 57 1d 40 00 71 00 00 ff 00 00 00 00 00 00 00 00 00 ff 00 00 00 00 00 00 00 00 00 ff 00 00 00 00 00 00 00 00 00 ff 00 00 00 00 00 00 00 00 02 00 00
  9389 ms  64 B  05 07 00 3b 23 51 1e 40 00 71 00 07 03 1c 28 59 1d 40 00 71 00 00 ff 00 00 00 00 00 00 00 00 00 ff 00 00 00 00 00 00 00 00 00 ff 00 00 00 00 00 00 00 00 00 ff 00 00 00 00 00 00 00 00 02 00 00
  9390 ms  64 B  05 07 00 3b 23 51 1e 40 00 71 00 07 03 1c 28 58 1d 40 00 71 00 00 ff 00 00 00 00 00 00 00 00 00 ff 00 00 00 00 00 00 00 00 00 ff 00 00 00 00 00 00 00 00 00 ff 00 00 00 00 00 00 00 00 02 00 00
  9391 ms  64 B  05 07 00 3b 23 51 1e 40 00 71 00 07 03 1c 28 57 1d 40 00 71 00 00 ff 00 00 00 00 00 00 00 00 00 ff 00 00 00 00 00 00 00 00 00 ff 00 00 00 00 00 00 00 00 00 ff 00 00 00 00 00 00 00 00 02 00 00
           … repeated 12×
  9461 ms  64 B  05 07 00 3b 23 53 1e 40 00 71 00 07 03 1e 28 54 1d 40 00 71 00 00 ff 00 00 00 00 00 00 00 00 00 ff 00 00 00 00 00 00 00 00 00 ff 00 00 00 00 00 00 00 00 00 ff 00 00 00 00 00 00 00 00 02 00 00
  9461 ms  64 B  05 07 00 3b 23 57 1e 40 00 71 00 07 03 20 28 4f 1d 40 00 71 00 00 ff 00 00 00 00 00 00 00 00 00 ff 00 00 00 00 00 00 00 00 00 ff 00 00 00 00 00 00 00 00 00 ff 00 00 00 00 00 00 00 00 02 00 00
  9463 ms  64 B  05 07 00 3b 23 5d 1e 40 00 71 00 07 03 23 28 4a 1d 40 00 71 00 00 ff 00 00 00 00 00 00 00 00 00 ff 00 00 00 00 00 00 00 00 00 ff 00 00 00 00 00 00 00 00 00 ff 00 00 00 00 00 00 00 00 02 00 00
  9474 ms  64 B  05 07 00 3b 23 60 1e 40 00 71 00 07 03 24 28 48 1d 40 00 71 00 00 ff 00 00 00 00 00 00 00 00 00 ff 00 00 00 00 00 00 00 00 00 ff 00 00 00 00 00 00 00 00 00 ff 00 00 00 00 00 00 00 00 02 00 00
  9474 ms  64 B  05 07 00 3b 23 65 1e 40 00 71 00 07 03 24 28 49 1d 40 00 71 00 00 ff 00 00 00 00 00 00 00 00 00 ff 00 00 00 00 00 00 00 00 00 ff 00 00 00 00 00 00 00 00 00 ff 00 00 00 00 00 00 00 00 02 00 00
  9476 ms  64 B  05 07 00 3b 23 6a 1e 40 00 71 00 07 03 23 28 4a 1d 40 00 71 00 00 ff 00 00 00 00 00 00 00 00 00 ff 00 00 00 00 00 00 00 00 00 ff 00 00 00 00 00 00 00 00 00 ff 00 00 00 00 00 00 00 00 02 00 00
  9489 ms  64 B  05 07 00 3b 23 6f 1e 40 00 71 00 07 03 23 28 4a 1d 40 00 71 00 00 ff 00 00 00 00 00 00 00 00 00 ff 00 00 00 00 00 00 00 00 00 ff 00 00 00 00 00 00 00 00 00 ff 00 00 00 00 00 00 00 00 02 00 00
  9489 ms  64 B  05 07 00 3b 23 72 1e 40 00 71 00 07 03 23 28 4a 1d 40 00 71 00 00 ff 00 00 00 00 00 00 00 00 00 ff 00 00 00 00 00 00 00 00 00 ff 00 00 00 00 00 00 00 00 00 ff 00 00 00 00 00 00 00 00 02 00 00
  9491 ms  64 B  05 07 00 3b 23 76 1e 40 00 71 00 07 03 23 28 4a 1d 40 00 71 00 00 ff 00 00 00 00 00 00 00 00 00 ff 00 00 00 00 00 00 00 00 00 ff 00 00 00 00 00 00 00 00 00 ff 00 00 00 00 00 00 00 00 02 00 00
  9502 ms  64 B  05 07 00 3b 23 79 1e 40 00 71 00 07 03 23 28 48 1d 40 00 71 00 00 ff 00 00 00 00 00 00 00 00 00 ff 00 00 00 00 00 00 00 00 00 ff 00 00 00 00 00 00 00 00 00 ff 00 00 00 00 00 00 00 00 02 00 00
  9503 ms  64 B  05 07 00 3b 23 7e 1e 40 00 71 00 07 03 23 28 44 1d 40 00 71 00 00 ff 00 00 00 00 00 00 00 00 00 ff 00 00 00 00 00 00 00 00 00 ff 00 00 00 00 00 00 00 00 00 ff 00 00 00 00 00 00 00 00 02 00 00
  9504 ms  64 B  05 07 00 3b 23 84 1e 40 00 71 00 07 03 23 28 3e 1d 40 00 71 00 00 ff 00 00 00 00 00 00 00 00 00 ff 00 00 00 00 00 00 00 00 00 ff 00 00 00 00 00 00 00 00 00 ff 00 00 00 00 00 00 00 00 02 00 00
  9516 ms  64 B  05 07 00 39 23 89 1e 40 00 71 00 07 03 23 28 3c 1d 40 00 71 00 00 ff 00 00 00 00 00 00 00 00 00 ff 00 00 00 00 00 00 00 00 00 ff 00 00 00 00 00 00 00 00 00 ff 00 00 00 00 00 00 00 00 02 00 00
  9517 ms  64 B  05 07 00 37 23 8d 1e 40 00 71 00 07 03 23 28 3c 1d 40 00 71 00 00 ff 00 00 00 00 00 00 00 00 00 ff 00 00 00 00 00 00 00 00 00 ff 00 00 00 00 00 00 00 00 00 ff 00 00 00 00 00 00 00 00 02 00 00
  9518 ms  64 B  05 07 00 34 23 90 1e 40 00 71 00 07 03 23 28 3e 1d 40 00 71 00 00 ff 00 00 00 00 00 00 00 00 00 ff 00 00 00 00 00 00 00 00 00 ff 00 00 00 00 00 00 00 00 00 ff 00 00 00 00 00 00 00 00 02 00 00
  9529 ms  64 B  05 07 00 33 23 92 1e 40 00 71 00 07 03 23 28 3e 1d 40 00 71 00 00 ff 00 00 00 00 00 00 00 00 00 ff 00 00 00 00 00 00 00 00 00 ff 00 00 00 00 00 00 00 00 00 ff 00 00 00 00 00 00 00 00 02 00 00
           … repeated 1×
  9531 ms  64 B  05 07 00 34 23 90 1e 40 00 71 00 07 03 23 28 3e 1d 40 00 71 00 00 ff 00 00 00 00 00 00 00 00 00 ff 00 00 00 00 00 00 00 00 00 ff 00 00 00 00 00 00 00 00 00 ff 00 00 00 00 00 00 00 00 02 00 00
  9543 ms  64 B  05 07 00 34 23 93 1e 40 00 71 00 07 03 23 28 3c 1d 40 00 71 00 00 ff 00 00 00 00 00 00 00 00 00 ff 00 00 00 00 00 00 00 00 00 ff 00 00 00 00 00 00 00 00 00 ff 00 00 00 00 00 00 00 00 02 00 00
  9543 ms  64 B  05 07 00 34 23 98 1e 40 00 71 00 07 03 23 28 38 1d 40 00 71 00 00 ff 00 00 00 00 00 00 00 00 00 ff 00 00 00 00 00 00 00 00 00 ff 00 00 00 00 00 00 00 00 00 ff 00 00 00 00 00 00 00 00 02 00 00
  9544 ms  64 B  05 07 00 34 23 9d 1e 40 00 71 00 07 03 23 28 32 1d 40 00 71 00 00 ff 00 00 00 00 00 00 00 00 00 ff 00 00 00 00 00 00 00 00 00 ff 00 00 00 00 00 00 00 00 00 ff 00 00 00 00 00 00 00 00 02 00 00
  9555 ms  64 B  05 07 00 34 23 a2 1e 40 00 71 00 07 03 23 28 30 1d 40 00 71 00 00 ff 00 00 00 00 00 00 00 00 00 ff 00 00 00 00 00 00 00 00 00 ff 00 00 00 00 00 00 00 00 00 ff 00 00 00 00 00 00 00 00 02 00 00
  9555 ms  64 B  05 07 00 34 23 a5 1e 40 00 71 00 07 03 23 28 30 1d 40 00 71 00 00 ff 00 00 00 00 00 00 00 00 00 ff 00 00 00 00 00 00 00 00 00 ff 00 00 00 00 00 00 00 00 00 ff 00 00 00 00 00 00 00 00 02 00 00
  9556 ms  64 B  05 07 00 34 23 a9 1e 40 00 71 00 07 03 23 28 32 1d 40 00 71 00 00 ff 00 00 00 00 00 00 00 00 00 ff 00 00 00 00 00 00 00 00 00 ff 00 00 00 00 00 00 00 00 00 ff 00 00 00 00 00 00 00 00 02 00 00
  9568 ms  64 B  05 07 00 34 23 ab 1e 40 00 71 00 07 03 23 28 32 1d 40 00 71 00 00 ff 00 00 00 00 00 00 00 00 00 ff 00 00 00 00 00 00 00 00 00 ff 00 00 00 00 00 00 00 00 00 ff 00 00 00 00 00 00 00 00 02 00 00
           … repeated 1×
  9569 ms  64 B  05 07 00 34 23 a9 1e 40 00 71 00 07 03 23 28 32 1d 40 00 71 00 00 ff 00 00 00 00 00 00 00 00 00 ff 00 00 00 00 00 00 00 00 00 ff 00 00 00 00 00 00 00 00 00 ff 00 00 00 00 00 00 00 00 02 00 00
  9580 ms  64 B  05 07 00 34 23 a9 1e 40 00 71 00 07 03 25 28 32 1d 40 00 71 00 00 ff 00 00 00 00 00 00 00 00 00 ff 00 00 00 00 00 00 00 00 00 ff 00 00 00 00 00 00 00 00 00 ff 00 00 00 00 00 00 00 00 02 00 00
  9581 ms  64 B  05 07 00 34 23 a9 1e 40 00 71 00 07 03 27 28 32 1d 40 00 71 00 00 ff 00 00 00 00 00 00 00 00 00 ff 00 00 00 00 00 00 00 00 00 ff 00 00 00 00 00 00 00 00 00 ff 00 00 00 00 00 00 00 00 02 00 00
  9582 ms  64 B  05 07 00 34 23 a9 1e 40 00 71 00 07 03 2a 28 32 1d 40 00 71 00 00 ff 00 00 00 00 00 00 00 00 00 ff 00 00 00 00 00 00 00 00 00 ff 00 00 00 00 00 00 00 00 00 ff 00 00 00 00 00 00 00 00 02 00 00
  9594 ms  64 B  05 07 00 34 23 ac 1e 40 00 71 00 07 03 2b 28 32 1d 40 00 71 00 00 ff 00 00 00 00 00 00 00 00 00 ff 00 00 00 00 00 00 00 00 00 ff 00 00 00 00 00 00 00 00 00 ff 00 00 00 00 00 00 00 00 02 00 00
  9594 ms  64 B  05 07 00 34 23 b1 1e 40 00 71 00 07 03 2b 28 32 1d 40 00 71 00 00 ff 00 00 00 00 00 00 00 00 00 ff 00 00 00 00 00 00 00 00 00 ff 00 00 00 00 00 00 00 00 00 ff 00 00 00 00 00 00 00 00 02 00 00
  9596 ms  64 B  05 07 00 34 23 b6 1e 40 00 71 00 07 03 2a 28 32 1d 40 00 71 00 00 ff 00 00 00 00 00 00 00 00 00 ff 00 00 00 00 00 00 00 00 00 ff 00 00 00 00 00 00 00 00 00 ff 00 00 00 00 00 00 00 00 02 00 00
  9606 ms  64 B  05 07 00 34 23 b8 1e 40 00 71 00 07 03 2a 28 32 1d 40 00 71 00 00 ff 00 00 00 00 00 00 00 00 00 ff 00 00 00 00 00 00 00 00 00 ff 00 00 00 00 00 00 00 00 00 ff 00 00 00 00 00 00 00 00 02 00 00
  9607 ms  64 B  05 07 00 34 23 b7 1e 40 00 71 00 07 03 2a 28 32 1d 40 00 71 00 00 ff 00 00 00 00 00 00 00 00 00 ff 00 00 00 00 00 00 00 00 00 ff 00 00 00 00 00 00 00 00 00 ff 00 00 00 00 00 00 00 00 02 00 00
  9608 ms  64 B  05 07 00 34 23 b6 1e 40 00 71 00 07 03 2a 28 32 1d 40 00 71 00 00 ff 00 00 00 00 00 00 00 00 00 ff 00 00 00 00 00 00 00 00 00 ff 00 00 00 00 00 00 00 00 00 ff 00 00 00 00 00 00 00 00 02 00 00
  9619 ms  64 B  05 07 00 34 23 b8 1e 40 00 71 00 07 03 2a 28 32 1d 40 00 71 00 00 ff 00 00 00 00 00 00 00 00 00 ff 00 00 00 00 00 00 00 00 00 ff 00 00 00 00 00 00 00 00 00 ff 00 00 00 00 00 00 00 00 02 00 00
  9620 ms  64 B  05 07 00 34 23 bc 1e 40 00 71 00 07 03 2a 28 32 1d 40 00 71 00 00 ff 00 00 00 00 00 00 00 00 00 ff 00 00 00 00 00 00 00 00 00 ff 00 00 00 00 00 00 00 00 00 ff 00 00 00 00 00 00 00 00 02 00 00
  9621 ms  64 B  05 07 00 34 23 c2 1e 40 00 71 00 07 03 2a 28 32 1d 40 00 71 00 00 ff 00 00 00 00 00 00 00 00 00 ff 00 00 00 00 00 00 00 00 00 ff 00 00 00 00 00 00 00 00 00 ff 00 00 00 00 00 00 00 00 02 00 00
  9630 ms  64 B  05 07 00 34 23 c4 1e 40 00 71 00 07 03 2a 28 32 1d 40 00 71 00 00 ff 00 00 00 00 00 00 00 00 00 ff 00 00 00 00 00 00 00 00 00 ff 00 00 00 00 00 00 00 00 00 ff 00 00 00 00 00 00 00 00 02 00 00
           … repeated 1×
  9632 ms  64 B  05 07 00 34 23 c2 1e 40 00 71 00 07 03 2a 28 32 1d 40 00 71 00 00 ff 00 00 00 00 00 00 00 00 00 ff 00 00 00 00 00 00 00 00 00 ff 00 00 00 00 00 00 00 00 00 ff 00 00 00 00 00 00 00 00 02 00 00
  9644 ms  64 B  05 07 00 34 23 c2 1e 40 00 71 00 07 03 2a 28 2f 1d 40 00 71 00 00 ff 00 00 00 00 00 00 00 00 00 ff 00 00 00 00 00 00 00 00 00 ff 00 00 00 00 00 00 00 00 00 ff 00 00 00 00 00 00 00 00 02 00 00
  9644 ms  64 B  05 07 00 34 23 c2 1e 40 00 71 00 07 03 2a 28 2a 1d 40 00 71 00 00 ff 00 00 00 00 00 00 00 00 00 ff 00 00 00 00 00 00 00 00 00 ff 00 00 00 00 00 00 00 00 00 ff 00 00 00 00 00 00 00 00 02 00 00
  9646 ms  64 B  05 07 00 34 23 c2 1e 40 00 71 00 07 03 2a 28 25 1d 40 00 71 00 00 ff 00 00 00 00 00 00 00 00 00 ff 00 00 00 00 00 00 00 00 00 ff 00 00 00 00 00 00 00 00 00 ff 00 00 00 00 00 00 00 00 02 00 00
  9656 ms  64 B  05 07 00 34 23 c2 1e 40 00 71 00 07 03 2a 28 23 1d 40 00 71 00 00 ff 00 00 00 00 00 00 00 00 00 ff 00 00 00 00 00 00 00 00 00 ff 00 00 00 00 00 00 00 00 00 ff 00 00 00 00 00 00 00 00 02 00 00
  9657 ms  64 B  05 07 00 34 23 c2 1e 40 00 71 00 07 03 2a 28 24 1d 40 00 71 00 00 ff 00 00 00 00 00 00 00 00 00 ff 00 00 00 00 00 00 00 00 00 ff 00 00 00 00 00 00 00 00 00 ff 00 00 00 00 00 00 00 00 02 00 00
  9658 ms  64 B  05 07 00 34 23 c2 1e 40 00 71 00 07 03 2a 28 25 1d 40 00 71 00 00 ff 00 00 00 00 00 00 00 00 00 ff 00 00 00 00 00 00 00 00 00 ff 00 00 00 00 00 00 00 00 00 ff 00 00 00 00 00 00 00 00 02 00 00
           … repeated 6×
  9697 ms  64 B  05 07 00 34 23 c4 1e 40 00 71 00 07 03 2a 28 25 1d 40 00 71 00 00 ff 00 00 00 00 00 00 00 00 00 ff 00 00 00 00 00 00 00 00 00 ff 00 00 00 00 00 00 00 00 00 ff 00 00 00 00 00 00 00 00 02 00 00
  9697 ms  64 B  05 07 00 34 23 c8 1e 40 00 71 00 07 03 2a 28 25 1d 40 00 71 00 00 ff 00 00 00 00 00 00 00 00 00 ff 00 00 00 00 00 00 00 00 00 ff 00 00 00 00 00 00 00 00 00 ff 00 00 00 00 00 00 00 00 02 00 00
  9699 ms  64 B  05 07 00 34 23 ce 1e 40 00 71 00 07 03 2a 28 25 1d 40 00 71 00 00 ff 00 00 00 00 00 00 00 00 00 ff 00 00 00 00 00 00 00 00 00 ff 00 00 00 00 00 00 00 00 00 ff 00 00 00 00 00 00 00 00 02 00 00
  9710 ms  64 B  05 07 00 34 23 d0 1e 40 00 71 00 07 03 2a 28 25 1d 40 00 71 00 00 ff 00 00 00 00 00 00 00 00 00 ff 00 00 00 00 00 00 00 00 00 ff 00 00 00 00 00 00 00 00 00 ff 00 00 00 00 00 00 00 00 02 00 00
           … repeated 1×
  9712 ms  64 B  05 07 00 34 23 ce 1e 40 00 71 00 07 03 2a 28 25 1d 40 00 71 00 00 ff 00 00 00 00 00 00 00 00 00 ff 00 00 00 00 00 00 00 00 00 ff 00 00 00 00 00 00 00 00 00 ff 00 00 00 00 00 00 00 00 02 00 00
           … repeated 36×
  9883 ms  64 B  05 07 00 34 23 d1 1e 40 00 71 00 07 03 2a 28 25 1d 40 00 71 00 00 ff 00 00 00 00 00 00 00 00 00 ff 00 00 00 00 00 00 00 00 00 ff 00 00 00 00 00 00 00 00 00 ff 00 00 00 00 00 00 00 00 02 00 00
  9883 ms  64 B  05 07 00 34 23 d6 1e 40 00 71 00 07 03 2a 28 25 1d 40 00 71 00 00 ff 00 00 00 00 00 00 00 00 00 ff 00 00 00 00 00 00 00 00 00 ff 00 00 00 00 00 00 00 00 00 ff 00 00 00 00 00 00 00 00 02 00 00
  9884 ms  64 B  05 07 00 34 23 db 1e 40 00 71 00 07 03 2a 28 25 1d 40 00 71 00 00 ff 00 00 00 00 00 00 00 00 00 ff 00 00 00 00 00 00 00 00 00 ff 00 00 00 00 00 00 00 00 00 ff 00 00 00 00 00 00 00 00 02 00 00
  9891 ms  64 B  05 07 00 34 23 dd 1e 40 00 71 00 07 03 2a 28 25 1d 40 00 71 00 00 ff 00 00 00 00 00 00 00 00 00 ff 00 00 00 00 00 00 00 00 00 ff 00 00 00 00 00 00 00 00 00 ff 00 00 00 00 00 00 00 00 02 00 00
  9892 ms  64 B  05 07 00 34 23 dc 1e 40 00 71 00 07 03 2a 28 25 1d 40 00 71 00 00 ff 00 00 00 00 00 00 00 00 00 ff 00 00 00 00 00 00 00 00 00 ff 00 00 00 00 00 00 00 00 00 ff 00 00 00 00 00 00 00 00 02 00 00
  9893 ms  64 B  05 07 00 34 23 db 1e 40 00 71 00 07 03 2a 28 25 1d 40 00 71 00 00 ff 00 00 00 00 00 00 00 00 00 ff 00 00 00 00 00 00 00 00 00 ff 00 00 00 00 00 00 00 00 00 ff 00 00 00 00 00 00 00 00 02 00 00
           … repeated 3×
  9920 ms  64 B  05 07 00 34 23 d8 1e 40 00 71 00 07 03 2a 28 25 1d 40 00 71 00 00 ff 00 00 00 00 00 00 00 00 00 ff 00 00 00 00 00 00 00 00 00 ff 00 00 00 00 00 00 00 00 00 ff 00 00 00 00 00 00 00 00 02 00 00
  9920 ms  64 B  05 07 00 34 23 d3 1e 40 00 71 00 07 03 2a 28 25 1d 40 00 71 00 00 ff 00 00 00 00 00 00 00 00 00 ff 00 00 00 00 00 00 00 00 00 ff 00 00 00 00 00 00 00 00 00 ff 00 00 00 00 00 00 00 00 02 00 00
  9921 ms  64 B  05 07 00 34 23 ce 1e 40 00 71 00 07 03 2a 28 25 1d 40 00 71 00 00 ff 00 00 00 00 00 00 00 00 00 ff 00 00 00 00 00 00 00 00 00 ff 00 00 00 00 00 00 00 00 00 ff 00 00 00 00 00 00 00 00 02 00 00
  9926 ms  64 B  05 07 00 34 23 c9 1e 40 00 71 00 07 03 2a 28 25 1d 40 00 71 00 00 ff 00 00 00 00 00 00 00 00 00 ff 00 00 00 00 00 00 00 00 00 ff 00 00 00 00 00 00 00 00 00 ff 00 00 00 00 00 00 00 00 02 00 00
  9927 ms  64 B  05 07 00 34 23 c6 1e 40 00 71 00 07 03 2a 28 25 1d 40 00 71 00 00 ff 00 00 00 00 00 00 00 00 00 ff 00 00 00 00 00 00 00 00 00 ff 00 00 00 00 00 00 00 00 00 ff 00 00 00 00 00 00 00 00 02 00 00
  9928 ms  64 B  05 07 00 34 23 c2 1e 40 00 71 00 07 03 2a 28 25 1d 40 00 71 00 00 ff 00 00 00 00 00 00 00 00 00 ff 00 00 00 00 00 00 00 00 00 ff 00 00 00 00 00 00 00 00 00 ff 00 00 00 00 00 00 00 00 02 00 00
  9936 ms  64 B  05 07 00 34 23 be 1e 40 00 71 00 07 03 2a 28 25 1d 40 00 71 00 00 ff 00 00 00 00 00 00 00 00 00 ff 00 00 00 00 00 00 00 00 00 ff 00 00 00 00 00 00 00 00 00 ff 00 00 00 00 00 00 00 00 02 00 00
  9937 ms  64 B  05 07 00 34 23 ba 1e 40 00 71 00 07 03 2a 28 25 1d 40 00 71 00 00 ff 00 00 00 00 00 00 00 00 00 ff 00 00 00 00 00 00 00 00 00 ff 00 00 00 00 00 00 00 00 00 ff 00 00 00 00 00 00 00 00 02 00 00
  9938 ms  64 B  05 07 00 34 23 b6 1e 40 00 71 00 07 03 2a 28 25 1d 40 00 71 00 00 ff 00 00 00 00 00 00 00 00 00 ff 00 00 00 00 00 00 00 00 00 ff 00 00 00 00 00 00 00 00 00 ff 00 00 00 00 00 00 00 00 02 00 00
  9947 ms  64 B  05 07 00 34 23 b0 1e 40 00 71 00 07 03 2a 28 25 1d 40 00 71 00 00 ff 00 00 00 00 00 00 00 00 00 ff 00 00 00 00 00 00 00 00 00 ff 00 00 00 00 00 00 00 00 00 ff 00 00 00 00 00 00 00 00 02 00 00
  9947 ms  64 B  05 07 00 34 23 a7 1e 40 00 71 00 07 03 2a 28 25 1d 40 00 71 00 00 ff 00 00 00 00 00 00 00 00 00 ff 00 00 00 00 00 00 00 00 00 ff 00 00 00 00 00 00 00 00 00 ff 00 00 00 00 00 00 00 00 02 00 00
  9948 ms  64 B  05 07 00 34 23 9d 1e 40 00 71 00 07 03 2a 28 25 1d 40 00 71 00 00 ff 00 00 00 00 00 00 00 00 00 ff 00 00 00 00 00 00 00 00 00 ff 00 00 00 00 00 00 00 00 00 ff 00 00 00 00 00 00 00 00 02 00 00
  9956 ms  64 B  05 07 00 34 23 97 1e 40 00 71 00 07 03 28 28 25 1d 40 00 71 00 00 ff 00 00 00 00 00 00 00 00 00 ff 00 00 00 00 00 00 00 00 00 ff 00 00 00 00 00 00 00 00 00 ff 00 00 00 00 00 00 00 00 02 00 00
  9957 ms  64 B  05 07 00 34 23 93 1e 40 00 71 00 07 03 26 28 25 1d 40 00 71 00 00 ff 00 00 00 00 00 00 00 00 00 ff 00 00 00 00 00 00 00 00 00 ff 00 00 00 00 00 00 00 00 00 ff 00 00 00 00 00 00 00 00 02 00 00
  9958 ms  64 B  05 07 00 34 23 90 1e 40 00 71 00 07 03 23 28 25 1d 40 00 71 00 00 ff 00 00 00 00 00 00 00 00 00 ff 00 00 00 00 00 00 00 00 00 ff 00 00 00 00 00 00 00 00 00 ff 00 00 00 00 00 00 00 00 02 00 00
  9966 ms  64 B  05 07 00 34 23 8e 1e 40 00 71 00 07 03 22 28 25 1d 40 00 71 00 00 ff 00 00 00 00 00 00 00 00 00 ff 00 00 00 00 00 00 00 00 00 ff 00 00 00 00 00 00 00 00 00 ff 00 00 00 00 00 00 00 00 02 00 00
  9967 ms  64 B  05 07 00 34 23 8f 1e 40 00 71 00 07 03 22 28 25 1d 40 00 71 00 00 ff 00 00 00 00 00 00 00 00 00 ff 00 00 00 00 00 00 00 00 00 ff 00 00 00 00 00 00 00 00 00 ff 00 00 00 00 00 00 00 00 02 00 00
  9968 ms  64 B  05 07 00 34 23 90 1e 40 00 71 00 07 03 23 28 25 1d 40 00 71 00 00 ff 00 00 00 00 00 00 00 00 00 ff 00 00 00 00 00 00 00 00 00 ff 00 00 00 00 00 00 00 00 00 ff 00 00 00 00 00 00 00 00 02 00 00
  9974 ms  64 B  05 07 00 34 23 8e 1e 40 00 71 00 07 03 23 28 25 1d 40 00 71 00 00 ff 00 00 00 00 00 00 00 00 00 ff 00 00 00 00 00 00 00 00 00 ff 00 00 00 00 00 00 00 00 00 ff 00 00 00 00 00 00 00 00 02 00 00
  9975 ms  64 B  05 07 00 34 23 8a 1e 40 00 71 00 07 03 23 28 25 1d 40 00 71 00 00 ff 00 00 00 00 00 00 00 00 00 ff 00 00 00 00 00 00 00 00 00 ff 00 00 00 00 00 00 00 00 00 ff 00 00 00 00 00 00 00 00 02 00 00
  9976 ms  64 B  05 07 00 34 23 84 1e 40 00 71 00 07 03 23 28 25 1d 40 00 71 00 00 ff 00 00 00 00 00 00 00 00 00 ff 00 00 00 00 00 00 00 00 00 ff 00 00 00 00 00 00 00 00 00 ff 00 00 00 00 00 00 00 00 02 00 00
  9984 ms  64 B  05 07 00 34 23 81 1e 40 00 71 00 07 03 23 28 25 1d 40 00 71 00 00 ff 00 00 00 00 00 00 00 00 00 ff 00 00 00 00 00 00 00 00 00 ff 00 00 00 00 00 00 00 00 00 ff 00 00 00 00 00 00 00 00 02 00 00
  9984 ms  64 B  05 07 00 34 23 7c 1e 40 00 71 00 07 03 23 28 25 1d 40 00 71 00 00 ff 00 00 00 00 00 00 00 00 00 ff 00 00 00 00 00 00 00 00 00 ff 00 00 00 00 00 00 00 00 00 ff 00 00 00 00 00 00 00 00 02 00 00
  9985 ms  64 B  05 07 00 34 23 76 1e 40 00 71 00 07 03 23 28 25 1d 40 00 71 00 00 ff 00 00 00 00 00 00 00 00 00 ff 00 00 00 00 00 00 00 00 00 ff 00 00 00 00 00 00 00 00 00 ff 00 00 00 00 00 00 00 00 02 00 00
  9993 ms  64 B  05 07 00 34 23 71 1e 40 00 71 00 07 03 21 28 23 1d 40 00 71 00 00 ff 00 00 00 00 00 00 00 00 00 ff 00 00 00 00 00 00 00 00 00 ff 00 00 00 00 00 00 00 00 00 ff 00 00 00 00 00 00 00 00 02 00 00
  9994 ms  64 B  05 07 00 34 23 6d 1e 40 00 71 00 07 03 1f 28 1f 1d 40 00 71 00 00 ff 00 00 00 00 00 00 00 00 00 ff 00 00 00 00 00 00 00 00 00 ff 00 00 00 00 00 00 00 00 00 ff 00 00 00 00 00 00 00 00 02 00 00
  9996 ms  64 B  05 07 00 34 23 6a 1e 40 00 71 00 07 03 1c 28 19 1d 40 00 71 00 00 ff 00 00 00 00 00 00 00 00 00 ff 00 00 00 00 00 00 00 00 00 ff 00 00 00 00 00 00 00 00 00 ff 00 00 00 00 00 00 00 00 02 00 00
 10003 ms  64 B  05 07 00 34 23 67 1e 40 00 71 00 07 03 1a 28 17 1d 40 00 71 00 00 ff 00 00 00 00 00 00 00 00 00 ff 00 00 00 00 00 00 00 00 00 ff 00 00 00 00 00 00 00 00 00 ff 00 00 00 00 00 00 00 00 02 00 00
 10004 ms  64 B  05 07 00 34 23 62 1e 40 00 71 00 07 03 18 28 17 1d 40 00 71 00 00 ff 00 00 00 00 00 00 00 00 00 ff 00 00 00 00 00 00 00 00 00 ff 00 00 00 00 00 00 00 00 00 ff 00 00 00 00 00 00 00 00 02 00 00
 10005 ms  64 B  05 07 00 34 23 5d 1e 40 00 71 00 07 03 15 28 19 1d 40 00 71 00 00 ff 00 00 00 00 00 00 00 00 00 ff 00 00 00 00 00 00 00 00 00 ff 00 00 00 00 00 00 00 00 00 ff 00 00 00 00 00 00 00 00 02 00 00
 10012 ms  64 B  05 07 00 32 23 57 1e 40 00 71 00 07 03 12 28 16 1d 40 00 71 00 00 ff 00 00 00 00 00 00 00 00 00 ff 00 00 00 00 00 00 00 00 00 ff 00 00 00 00 00 00 00 00 00 ff 00 00 00 00 00 00 00 00 02 00 00
 10013 ms  64 B  05 07 00 30 23 4f 1e 40 00 71 00 07 03 0e 28 11 1d 40 00 71 00 00 ff 00 00 00 00 00 00 00 00 00 ff 00 00 00 00 00 00 00 00 00 ff 00 00 00 00 00 00 00 00 00 ff 00 00 00 00 00 00 00 00 02 00 00
 10014 ms  64 B  05 07 00 2d 23 44 1e 40 00 71 00 07 03 07 28 0b 1d 40 00 71 00 00 ff 00 00 00 00 00 00 00 00 00 ff 00 00 00 00 00 00 00 00 00 ff 00 00 00 00 00 00 00 00 00 ff 00 00 00 00 00 00 00 00 02 00 00
 10022 ms  64 B  05 07 00 2b 23 41 1e 40 00 71 00 07 03 05 28 05 1d 40 00 71 00 00 ff 00 00 00 00 00 00 00 00 00 ff 00 00 00 00 00 00 00 00 00 ff 00 00 00 00 00 00 00 00 00 ff 00 00 00 00 00 00 00 00 02 00 00
 10022 ms  64 B  05 07 00 29 23 41 1e 40 00 71 00 07 03 05 28 fc 1c 40 00 71 00 00 ff 00 00 00 00 00 00 00 00 00 ff 00 00 00 00 00 00 00 00 00 ff 00 00 00 00 00 00 00 00 00 ff 00 00 00 00 00 00 00 00 02 00 00
 10023 ms  64 B  05 07 00 26 23 44 1e 40 00 71 00 07 03 07 28 f2 1c 40 00 71 00 00 ff 00 00 00 00 00 00 00 00 00 ff 00 00 00 00 00 00 00 00 00 ff 00 00 00 00 00 00 00 00 00 ff 00 00 00 00 00 00 00 00 02 00 00
 10031 ms  64 B  05 07 00 23 23 44 1e 40 00 71 00 07 03 05 28 e8 1c 40 00 71 00 00 ff 00 00 00 00 00 00 00 00 00 ff 00 00 00 00 00 00 00 00 00 ff 00 00 00 00 00 00 00 00 00 ff 00 00 00 00 00 00 00 00 02 00 00
 10031 ms  64 B  05 07 00 1f 23 44 1e 40 00 71 00 07 03 03 28 dc 1c 40 00 71 00 00 ff 00 00 00 00 00 00 00 00 00 ff 00 00 00 00 00 00 00 00 00 ff 00 00 00 00 00 00 00 00 00 ff 00 00 00 00 00 00 00 00 02 00 00
 10032 ms  64 B  05 07 00 18 23 44 1e 40 00 71 00 07 03 00 28 cd 1c 40 00 71 00 00 ff 00 00 00 00 00 00 00 00 00 ff 00 00 00 00 00 00 00 00 00 ff 00 00 00 00 00 00 00 00 00 ff 00 00 00 00 00 00 00 00 02 00 00
 10040 ms  64 B  05 07 00 14 23 4a 1e 40 00 71 00 07 03 fe 27 be 1c 40 00 71 00 00 ff 00 00 00 00 00 00 00 00 00 ff 00 00 00 00 00 00 00 00 00 ff 00 00 00 00 00 00 00 00 00 ff 00 00 00 00 00 00 00 00 02 00 00
 10041 ms  64 B  05 07 00 0f 23 52 1e 40 00 71 00 07 03 fc 27 ad 1c 40 00 71 00 00 ff 00 00 00 00 00 00 00 00 00 ff 00 00 00 00 00 00 00 00 00 ff 00 00 00 00 00 00 00 00 00 ff 00 00 00 00 00 00 00 00 02 00 00
 10042 ms  64 B  05 07 00 0a 23 5d 1e 40 00 71 00 07 03 f9 27 9a 1c 40 00 71 00 00 ff 00 00 00 00 00 00 00 00 00 ff 00 00 00 00 00 00 00 00 00 ff 00 00 00 00 00 00 00 00 00 ff 00 00 00 00 00 00 00 00 02 00 00
 10049 ms  64 B  05 07 00 04 23 63 1e 40 00 71 00 07 03 f6 27 8c 1c 40 00 71 00 00 ff 00 00 00 00 00 00 00 00 00 ff 00 00 00 00 00 00 00 00 00 ff 00 00 00 00 00 00 00 00 00 ff 00 00 00 00 00 00 00 00 02 00 00
 10050 ms  64 B  05 07 00 fe 22 67 1e 40 00 71 00 07 03 f2 27 80 1c 40 00 71 00 00 ff 00 00 00 00 00 00 00 00 00 ff 00 00 00 00 00 00 00 00 00 ff 00 00 00 00 00 00 00 00 00 ff 00 00 00 00 00 00 00 00 02 00 00
 10051 ms  64 B  05 07 00 f5 22 6a 1e 40 00 71 00 07 03 eb 27 75 1c 40 00 71 00 00 ff 00 00 00 00 00 00 00 00 00 ff 00 00 00 00 00 00 00 00 00 ff 00 00 00 00 00 00 00 00 00 ff 00 00 00 00 00 00 00 00 02 00 00
 10058 ms  64 B  05 07 00 f0 22 66 1e 40 00 71 00 07 03 e5 27 6b 1c 40 00 71 00 00 ff 00 00 00 00 00 00 00 00 00 ff 00 00 00 00 00 00 00 00 00 ff 00 00 00 00 00 00 00 00 00 ff 00 00 00 00 00 00 00 00 02 00 00
 10058 ms  64 B  05 07 00 eb 22 5e 1e 40 00 71 00 07 03 df 27 63 1c 40 00 71 00 00 ff 00 00 00 00 00 00 00 00 00 ff 00 00 00 00 00 00 00 00 00 ff 00 00 00 00 00 00 00 00 00 ff 00 00 00 00 00 00 00 00 02 00 00
 10059 ms  64 B  05 07 00 e7 22 51 1e 40 00 71 00 07 03 d6 27 5c 1c 40 00 71 00 00 ff 00 00 00 00 00 00 00 00 00 ff 00 00 00 00 00 00 00 00 00 ff 00 00 00 00 00 00 00 00 00 ff 00 00 00 00 00 00 00 00 02 00 00
 10064 ms  64 B  05 07 00 e3 22 49 1e 40 00 71 00 07 03 cf 27 54 1c 40 00 71 00 00 ff 00 00 00 00 00 00 00 00 00 ff 00 00 00 00 00 00 00 00 00 ff 00 00 00 00 00 00 00 00 00 ff 00 00 00 00 00 00 00 00 02 00 00
 10065 ms  64 B  05 07 00 de 22 41 1e 40 00 71 00 07 03 c8 27 4c 1c 40 00 71 00 00 ff 00 00 00 00 00 00 00 00 00 ff 00 00 00 00 00 00 00 00 00 ff 00 00 00 00 00 00 00 00 00 ff 00 00 00 00 00 00 00 00 02 00 00
 10066 ms  64 B  05 07 00 d9 22 38 1e 40 00 71 00 07 03 c1 27 43 1c 40 00 71 00 00 ff 00 00 00 00 00 00 00 00 00 ff 00 00 00 00 00 00 00 00 00 ff 00 00 00 00 00 00 00 00 00 ff 00 00 00 00 00 00 00 00 02 00 00
 10073 ms  64 B  05 07 00 d3 22 2a 1e 40 00 71 00 07 03 ba 27 3c 1c 40 00 71 00 00 ff 00 00 00 00 00 00 00 00 00 ff 00 00 00 00 00 00 00 00 00 ff 00 00 00 00 00 00 00 00 00 ff 00 00 00 00 00 00 00 00 02 00 00
 10073 ms  64 B  05 07 00 cd 22 19 1e 40 00 71 00 07 03 b4 27 33 1c 40 00 71 00 00 ff 00 00 00 00 00 00 00 00 00 ff 00 00 00 00 00 00 00 00 00 ff 00 00 00 00 00 00 00 00 00 ff 00 00 00 00 00 00 00 00 02 00 00
 10074 ms  64 B  05 07 00 c4 22 05 1e 40 00 71 00 07 03 ad 27 29 1c 40 00 71 00 00 ff 00 00 00 00 00 00 00 00 00 ff 00 00 00 00 00 00 00 00 00 ff 00 00 00 00 00 00 00 00 00 ff 00 00 00 00 00 00 00 00 02 00 00
 10080 ms  64 B  05 07 00 bd 22 f4 1d 40 00 71 00 07 03 a8 27 23 1c 40 00 71 00 00 ff 00 00 00 00 00 00 00 00 00 ff 00 00 00 00 00 00 00 00 00 ff 00 00 00 00 00 00 00 00 00 ff 00 00 00 00 00 00 00 00 02 00 00
 10081 ms  64 B  05 07 00 b7 22 e4 1d 40 00 71 00 07 03 a3 27 1f 1c 40 00 71 00 00 ff 00 00 00 00 00 00 00 00 00 ff 00 00 00 00 00 00 00 00 00 ff 00 00 00 00 00 00 00 00 00 ff 00 00 00 00 00 00 00 00 02 00 00
 10082 ms  64 B  05 07 00 b0 22 d3 1d 40 00 71 00 07 03 9f 27 1d 1c 40 00 71 00 00 ff 00 00 00 00 00 00 00 00 00 ff 00 00 00 00 00 00 00 00 00 ff 00 00 00 00 00 00 00 00 00 ff 00 00 00 00 00 00 00 00 02 00 00
 10087 ms  64 B  05 07 00 ab 22 c5 1d 40 00 71 00 07 03 9b 27 1a 1c 40 00 71 00 00 ff 00 00 00 00 00 00 00 00 00 ff 00 00 00 00 00 00 00 00 00 ff 00 00 00 00 00 00 00 00 00 ff 00 00 00 00 00 00 00 00 02 00 00
 10088 ms  64 B  05 07 00 a6 22 b8 1d 40 00 71 00 07 03 96 27 15 1c 40 00 71 00 00 ff 00 00 00 00 00 00 00 00 00 ff 00 00 00 00 00 00 00 00 00 ff 00 00 00 00 00 00 00 00 00 ff 00 00 00 00 00 00 00 00 02 00 00
 10089 ms  64 B  05 07 00 a2 22 ad 1d 40 00 71 00 07 03 91 27 10 1c 40 00 71 00 00 ff 00 00 00 00 00 00 00 00 00 ff 00 00 00 00 00 00 00 00 00 ff 00 00 00 00 00 00 00 00 00 ff 00 00 00 00 00 00 00 00 02 00 00
 10095 ms  64 B  05 07 00 9f 22 a3 1d 40 00 71 00 07 03 8d 27 0b 1c 40 00 71 00 00 ff 00 00 00 00 00 00 00 00 00 ff 00 00 00 00 00 00 00 00 00 ff 00 00 00 00 00 00 00 00 00 ff 00 00 00 00 00 00 00 00 02 00 00
 10096 ms  64 B  05 07 00 9c 22 9b 1d 40 00 71 00 07 03 88 27 08 1c 40 00 71 00 00 ff 00 00 00 00 00 00 00 00 00 ff 00 00 00 00 00 00 00 00 00 ff 00 00 00 00 00 00 00 00 00 ff 00 00 00 00 00 00 00 00 02 00 00
 10097 ms  64 B  05 07 00 9b 22 94 1d 40 00 71 00 07 03 83 27 04 1c 40 00 71 00 00 ff 00 00 00 00 00 00 00 00 00 ff 00 00 00 00 00 00 00 00 00 ff 00 00 00 00 00 00 00 00 00 ff 00 00 00 00 00 00 00 00 02 00 00
 10103 ms  64 B  05 07 00 9a 22 87 1d 40 00 71 00 07 03 80 27 01 1c 40 00 71 00 00 ff 00 00 00 00 00 00 00 00 00 ff 00 00 00 00 00 00 00 00 00 ff 00 00 00 00 00 00 00 00 00 ff 00 00 00 00 00 00 00 00 02 00 00
 10104 ms  64 B  05 07 00 9a 22 77 1d 40 00 71 00 07 03 7d 27 fc 1b 40 00 71 00 00 ff 00 00 00 00 00 00 00 00 00 ff 00 00 00 00 00 00 00 00 00 ff 00 00 00 00 00 00 00 00 00 ff 00 00 00 00 00 00 00 00 02 00 00
 10105 ms  64 B  05 07 00 9b 22 62 1d 40 00 71 00 07 03 7c 27 f7 1b 40 00 71 00 00 ff 00 00 00 00 00 00 00 00 00 ff 00 00 00 00 00 00 00 00 00 ff 00 00 00 00 00 00 00 00 00 ff 00 00 00 00 00 00 00 00 02 00 00
 10111 ms  64 B  05 07 00 99 22 54 1d 40 00 71 00 07 03 7a 27 f2 1b 40 00 71 00 00 ff 00 00 00 00 00 00 00 00 00 ff 00 00 00 00 00 00 00 00 00 ff 00 00 00 00 00 00 00 00 00 ff 00 00 00 00 00 00 00 00 02 00 00
 10112 ms  64 B  05 07 00 97 22 48 1d 40 00 71 00 07 03 78 27 ef 1b 40 00 71 00 00 ff 00 00 00 00 00 00 00 00 00 ff 00 00 00 00 00 00 00 00 00 ff 00 00 00 00 00 00 00 00 00 ff 00 00 00 00 00 00 00 00 02 00 00
 10113 ms  64 B  05 07 00 94 22 3d 1d 40 00 71 00 07 03 75 27 eb 1b 40 00 71 00 00 ff 00 00 00 00 00 00 00 00 00 ff 00 00 00 00 00 00 00 00 00 ff 00 00 00 00 00 00 00 00 00 ff 00 00 00 00 00 00 00 00 02 00 00
 10120 ms  64 B  05 07 00 93 22 2b 1d 40 00 71 00 07 03 72 27 e9 1b 40 00 71 00 00 ff 00 00 00 00 00 00 00 00 00 ff 00 00 00 00 00 00 00 00 00 ff 00 00 00 00 00 00 00 00 00 ff 00 00 00 00 00 00 00 00 02 00 00
 10121 ms  64 B  05 07 00 93 22 16 1d 40 00 71 00 07 03 6e 27 e9 1b 40 00 71 00 00 ff 00 00 00 00 00 00 00 00 00 ff 00 00 00 00 00 00 00 00 00 ff 00 00 00 00 00 00 00 00 00 ff 00 00 00 00 00 00 00 00 02 00 00
 10122 ms  64 B  05 07 00 94 22 fe 1c 40 00 71 00 07 03 67 27 eb 1b 40 00 71 00 00 ff 00 00 00 00 00 00 00 00 00 ff 00 00 00 00 00 00 00 00 00 ff 00 00 00 00 00 00 00 00 00 ff 00 00 00 00 00 00 00 00 02 00 00
 10130 ms  64 B  05 07 00 94 22 ef 1c 40 00 71 00 07 03 64 27 e8 1b 40 00 71 00 00 ff 00 00 00 00 00 00 00 00 00 ff 00 00 00 00 00 00 00 00 00 ff 00 00 00 00 00 00 00 00 00 ff 00 00 00 00 00 00 00 00 02 00 00
 10130 ms  64 B  05 07 00 94 22 e2 1c 40 00 71 00 07 03 61 27 e3 1b 40 00 71 00 00 ff 00 00 00 00 00 00 00 00 00 ff 00 00 00 00 00 00 00 00 00 ff 00 00 00 00 00 00 00 00 00 ff 00 00 00 00 00 00 00 00 02 00 00
 10131 ms  64 B  05 07 00 94 22 d8 1c 40 00 71 00 07 03 5f 27 de 1b 40 00 71 00 00 ff 00 00 00 00 00 00 00 00 00 ff 00 00 00 00 00 00 00 00 00 ff 00 00 00 00 00 00 00 00 00 ff 00 00 00 00 00 00 00 00 02 00 00
 10140 ms  64 B  05 07 00 94 22 cc 1c 40 00 71 00 07 03 5c 27 d9 1b 40 00 71 00 00 ff 00 00 00 00 00 00 00 00 00 ff 00 00 00 00 00 00 00 00 00 ff 00 00 00 00 00 00 00 00 00 ff 00 00 00 00 00 00 00 00 02 00 00
 10141 ms  64 B  05 07 00 94 22 bf 1c 40 00 71 00 07 03 5a 27 d6 1b 40 00 71 00 00 ff 00 00 00 00 00 00 00 00 00 ff 00 00 00 00 00 00 00 00 00 ff 00 00 00 00 00 00 00 00 00 ff 00 00 00 00 00 00 00 00 02 00 00
 10142 ms  64 B  05 07 00 94 22 b2 1c 40 00 71 00 07 03 58 27 d2 1b 40 00 71 00 00 ff 00 00 00 00 00 00 00 00 00 ff 00 00 00 00 00 00 00 00 00 ff 00 00 00 00 00 00 00 00 00 ff 00 00 00 00 00 00 00 00 02 00 00
 10156 ms  64 B  05 07 00 92 22 a5 1c 40 00 71 00 07 03 56 27 d0 1b 40 00 71 00 00 ff 00 00 00 00 00 00 00 00 00 ff 00 00 00 00 00 00 00 00 00 ff 00 00 00 00 00 00 00 00 00 ff 00 00 00 00 00 00 00 00 02 00 00
 10157 ms  64 B  05 07 00 90 22 99 1c 40 00 71 00 07 03 54 27 d0 1b 40 00 71 00 00 ff 00 00 00 00 00 00 00 00 00 ff 00 00 00 00 00 00 00 00 00 ff 00 00 00 00 00 00 00 00 00 ff 00 00 00 00 00 00 00 00 02 00 00
 10158 ms  64 B  05 07 00 8d 22 8d 1c 40 00 71 00 07 03 51 27 d2 1b 40 00 71 00 00 ff 00 00 00 00 00 00 00 00 00 ff 00 00 00 00 00 00 00 00 00 ff 00 00 00 00 00 00 00 00 00 ff 00 00 00 00 00 00 00 00 02 00 00
 10167 ms  64 B  05 07 00 8a 22 83 1c 40 00 71 00 07 03 4f 27 cf 1b 40 00 71 00 00 ff 00 00 00 00 00 00 00 00 00 ff 00 00 00 00 00 00 00 00 00 ff 00 00 00 00 00 00 00 00 00 ff 00 00 00 00 00 00 00 00 02 00 00
 10168 ms  64 B  05 07 00 86 22 7b 1c 40 00 71 00 07 03 4d 27 ca 1b 40 00 71 00 00 ff 00 00 00 00 00 00 00 00 00 ff 00 00 00 00 00 00 00 00 00 ff 00 00 00 00 00 00 00 00 00 ff 00 00 00 00 00 00 00 00 02 00 00
 10169 ms  64 B  05 07 00 7f 22 74 1c 40 00 71 00 07 03 4a 27 c5 1b 40 00 71 00 00 ff 00 00 00 00 00 00 00 00 00 ff 00 00 00 00 00 00 00 00 00 ff 00 00 00 00 00 00 00 00 00 ff 00 00 00 00 00 00 00 00 02 00 00
 10177 ms  64 B  05 07 00 7b 22 69 1c 40 00 71 00 07 03 45 27 bc 1b 40 00 71 00 00 ff 00 00 00 00 00 00 00 00 00 ff 00 00 00 00 00 00 00 00 00 ff 00 00 00 00 00 00 00 00 00 ff 00 00 00 00 00 00 00 00 02 00 00
 10178 ms  64 B  05 07 00 76 22 5c 1c 40 00 71 00 07 03 3e 27 b0 1b 40 00 71 00 00 ff 00 00 00 00 00 00 00 00 00 ff 00 00 00 00 00 00 00 00 00 ff 00 00 00 00 00 00 00 00 00 ff 00 00 00 00 00 00 00 00 02 00 00
 10179 ms  64 B  05 07 00 71 22 4d 1c 40 00 71 00 07 03 35 27 9f 1b 40 00 71 00 00 ff 00 00 00 00 00 00 00 00 00 ff 00 00 00 00 00 00 00 00 00 ff 00 00 00 00 00 00 00 00 00 ff 00 00 00 00 00 00 00 00 02 00 00
 10188 ms  64 B  05 07 00 6d 22 40 1c 40 00 71 00 07 03 30 27 92 1b 40 00 71 00 00 ff 00 00 00 00 00 00 00 00 00 ff 00 00 00 00 00 00 00 00 00 ff 00 00 00 00 00 00 00 00 00 ff 00 00 00 00 00 00 00 00 02 00 00
 10189 ms  64 B  05 07 00 68 22 34 1c 40 00 71 00 07 03 2b 27 86 1b 40 00 71 00 00 ff 00 00 00 00 00 00 00 00 00 ff 00 00 00 00 00 00 00 00 00 ff 00 00 00 00 00 00 00 00 00 ff 00 00 00 00 00 00 00 00 02 00 00
 10190 ms  64 B  05 07 00 62 22 28 1c 40 00 71 00 07 03 27 27 7a 1b 40 00 71 00 00 ff 00 00 00 00 00 00 00 00 00 ff 00 00 00 00 00 00 00 00 00 ff 00 00 00 00 00 00 00 00 00 ff 00 00 00 00 00 00 00 00 02 00 00
 10199 ms  64 B  05 07 00 5d 22 1e 1c 40 00 71 00 07 03 21 27 6e 1b 40 00 71 00 00 ff 00 00 00 00 00 00 00 00 00 ff 00 00 00 00 00 00 00 00 00 ff 00 00 00 00 00 00 00 00 00 ff 00 00 00 00 00 00 00 00 02 00 00
 10200 ms  64 B  05 07 00 59 22 16 1c 40 00 71 00 07 03 1b 27 61 1b 40 00 71 00 00 ff 00 00 00 00 00 00 00 00 00 ff 00 00 00 00 00 00 00 00 00 ff 00 00 00 00 00 00 00 00 00 ff 00 00 00 00 00 00 00 00 02 00 00
 10201 ms  64 B  05 07 00 54 22 0f 1c 40 00 71 00 07 03 12 27 53 1b 40 00 71 00 00 ff 00 00 00 00 00 00 00 00 00 ff 00 00 00 00 00 00 00 00 00 ff 00 00 00 00 00 00 00 00 00 ff 00 00 00 00 00 00 00 00 02 00 00
 10217 ms  64 B  05 07 00 4e 22 01 1c 40 00 71 00 07 03 0b 27 49 1b 40 00 71 00 00 ff 00 00 00 00 00 00 00 00 00 ff 00 00 00 00 00 00 00 00 00 ff 00 00 00 00 00 00 00 00 00 ff 00 00 00 00 00 00 00 00 02 00 00
 10218 ms  64 B  05 07 00 48 22 f0 1b 40 00 71 00 07 03 04 27 41 1b 40 00 71 00 00 ff 00 00 00 00 00 00 00 00 00 ff 00 00 00 00 00 00 00 00 00 ff 00 00 00 00 00 00 00 00 00 ff 00 00 00 00 00 00 00 00 02 00 00
 10219 ms  64 B  05 07 00 3f 22 dc 1b 40 00 71 00 07 03 fd 26 3b 1b 40 00 71 00 00 ff 00 00 00 00 00 00 00 00 00 ff 00 00 00 00 00 00 00 00 00 ff 00 00 00 00 00 00 00 00 00 ff 00 00 00 00 00 00 00 00 02 00 00
 10232 ms  64 B  05 07 00 35 22 cd 1b 40 00 71 00 07 03 f3 26 1c 1b 40 00 71 00 00 ff 00 00 00 00 00 00 00 00 00 ff 00 00 00 00 00 00 00 00 00 ff 00 00 00 00 00 00 00 00 00 ff 00 00 00 00 00 00 00 00 02 00 00
 10233 ms  64 B  05 07 00 2a 22 c4 1b 40 00 71 00 07 03 e8 26 ef 1a 40 00 71 00 00 ff 00 00 00 00 00 00 00 00 00 ff 00 00 00 00 00 00 00 00 00 ff 00 00 00 00 00 00 00 00 00 ff 00 00 00 00 00 00 00 00 02 00 00
 10249 ms  64 B  05 07 00 20 22 c1 1b 40 00 71 00 07 03 de 26 ca 1a 40 00 71 00 00 ff 00 00 00 00 00 00 00 00 00 ff 00 00 00 00 00 00 00 00 00 ff 00 00 00 00 00 00 00 00 00 ff 00 00 00 00 00 00 00 00 02 00 00
 10249 ms  64 B  05 07 00 15 22 c4 1b 40 00 71 00 07 03 d3 26 a4 1a 40 00 71 00 00 ff 00 00 00 00 00 00 00 00 00 ff 00 00 00 00 00 00 00 00 00 ff 00 00 00 00 00 00 00 00 00 ff 00 00 00 00 00 00 00 00 02 00 00
 10265 ms  64 B  05 07 00 0b 22 bf 1b 40 00 71 00 07 03 c9 26 7f 1a 40 00 71 00 00 ff 00 00 00 00 00 00 00 00 00 ff 00 00 00 00 00 00 00 00 00 ff 00 00 00 00 00 00 00 00 00 ff 00 00 00 00 00 00 00 00 02 00 00
 10265 ms  64 B  05 07 00 00 22 b7 1b 40 00 71 00 07 03 be 26 59 1a 40 00 71 00 00 ff 00 00 00 00 00 00 00 00 00 ff 00 00 00 00 00 00 00 00 00 ff 00 00 00 00 00 00 00 00 00 ff 00 00 00 00 00 00 00 00 02 00 00
 10279 ms  64 B  05 07 00 f6 21 a3 1b 40 00 71 00 07 03 b6 26 34 1a 40 00 71 00 00 ff 00 00 00 00 00 00 00 00 00 ff 00 00 00 00 00 00 00 00 00 ff 00 00 00 00 00 00 00 00 00 ff 00 00 00 00 00 00 00 00 02 00 00
 10280 ms  64 B  05 07 00 eb 21 85 1b 40 00 71 00 07 03 b0 26 0d 1a 40 00 71 00 00 ff 00 00 00 00 00 00 00 00 00 ff 00 00 00 00 00 00 00 00 00 ff 00 00 00 00 00 00 00 00 00 ff 00 00 00 00 00 00 00 00 02 00 00
 10289 ms  64 B  05 07 00 e1 21 68 1b 40 00 71 00 07 03 a8 26 e8 19 40 00 71 00 00 ff 00 00 00 00 00 00 00 00 00 ff 00 00 00 00 00 00 00 00 00 ff 00 00 00 00 00 00 00 00 00 ff 00 00 00 00 00 00 00 00 02 00 00
 10289 ms  64 B  05 07 00 d6 21 46 1b 40 00 71 00 07 03 9b 26 c2 19 40 00 71 00 00 ff 00 00 00 00 00 00 00 00 00 ff 00 00 00 00 00 00 00 00 00 ff 00 00 00 00 00 00 00 00 00 ff 00 00 00 00 00 00 00 00 02 00 00
 10299 ms  64 B  05 07 00 cf 21 2c 1b 40 00 71 00 07 03 95 26 aa 19 40 00 71 00 00 ff 00 00 00 00 00 00 00 00 00 ff 00 00 00 00 00 00 00 00 00 ff 00 00 00 00 00 00 00 00 00 ff 00 00 00 00 00 00 00 00 02 00 00
 10301 ms  64 B  05 07 00 c8 21 0f 1b 40 00 71 00 07 03 8d 26 90 19 40 00 71 00 00 ff 00 00 00 00 00 00 00 00 00 ff 00 00 00 00 00 00 00 00 00 ff 00 00 00 00 00 00 00 00 00 ff 00 00 00 00 00 00 00 00 02 00 00
 10301 ms  64 B  05 07 00 c1 21 ee 1a 40 00 71 00 07 03 85 26 76 19 40 00 71 00 00 ff 00 00 00 00 00 00 00 00 00 ff 00 00 00 00 00 00 00 00 00 ff 00 00 00 00 00 00 00 00 00 ff 00 00 00 00 00 00 00 00 02 00 00
 10312 ms  64 B  05 07 00 bc 21 d7 1a 40 00 71 00 07 03 80 26 60 19 40 00 71 00 00 ff 00 00 00 00 00 00 00 00 00 ff 00 00 00 00 00 00 00 00 00 ff 00 00 00 00 00 00 00 00 00 ff 00 00 00 00 00 00 00 00 02 00 00
 10312 ms  64 B  05 07 00 b7 21 c2 1a 40 00 71 00 07 03 7b 26 4b 19 40 00 71 00 00 ff 00 00 00 00 00 00 00 00 00 ff 00 00 00 00 00 00 00 00 00 ff 00 00 00 00 00 00 00 00 00 ff 00 00 00 00 00 00 00 00 02 00 00
 10314 ms  64 B  05 07 00 b3 21 b0 1a 40 00 71 00 07 03 77 26 38 19 40 00 71 00 00 ff 00 00 00 00 00 00 00 00 00 ff 00 00 00 00 00 00 00 00 00 ff 00 00 00 00 00 00 00 00 00 ff 00 00 00 00 00 00 00 00 02 00 00
 10325 ms  64 B  05 07 00 af 21 96 1a 40 00 71 00 07 03 74 26 29 19 40 00 71 00 00 ff 00 00 00 00 00 00 00 00 00 ff 00 00 00 00 00 00 00 00 00 ff 00 00 00 00 00 00 00 00 00 ff 00 00 00 00 00 00 00 00 02 00 00
 10325 ms  64 B  05 07 00 aa 21 79 1a 40 00 71 00 07 03 71 26 1c 19 40 00 71 00 00 ff 00 00 00 00 00 00 00 00 00 ff 00 00 00 00 00 00 00 00 00 ff 00 00 00 00 00 00 00 00 00 ff 00 00 00 00 00 00 00 00 02 00 00
 10327 ms  64 B  05 07 00 a5 21 58 1a 40 00 71 00 07 03 70 26 12 19 40 00 71 00 00 ff 00 00 00 00 00 00 00 00 00 ff 00 00 00 00 00 00 00 00 00 ff 00 00 00 00 00 00 00 00 00 ff 00 00 00 00 00 00 00 00 02 00 00
 10338 ms  64 B  05 07 00 a1 21 42 1a 40 00 71 00 07 03 6d 26 fe 18 40 00 71 00 00 ff 00 00 00 00 00 00 00 00 00 ff 00 00 00 00 00 00 00 00 00 ff 00 00 00 00 00 00 00 00 00 ff 00 00 00 00 00 00 00 00 02 00 00
 10338 ms  64 B  05 07 00 9c 21 32 1a 40 00 71 00 07 03 69 26 e5 18 40 00 71 00 00 ff 00 00 00 00 00 00 00 00 00 ff 00 00 00 00 00 00 00 00 00 ff 00 00 00 00 00 00 00 00 00 ff 00 00 00 00 00 00 00 00 02 00 00
 10340 ms  64 B  05 07 00 97 21 25 1a 40 00 71 00 07 03 62 26 c7 18 40 00 71 00 00 ff 00 00 00 00 00 00 00 00 00 ff 00 00 00 00 00 00 00 00 00 ff 00 00 00 00 00 00 00 00 00 ff 00 00 00 00 00 00 00 00 02 00 00
 10354 ms  64 B  05 07 00 91 21 12 1a 40 00 71 00 07 03 5f 26 af 18 40 00 71 00 00 ff 00 00 00 00 00 00 00 00 00 ff 00 00 00 00 00 00 00 00 00 ff 00 00 00 00 00 00 00 00 00 ff 00 00 00 00 00 00 00 00 02 00 00
 10355 ms  64 B  05 07 00 8b 21 fd 19 40 00 71 00 07 03 5c 26 95 18 40 00 71 00 00 ff 00 00 00 00 00 00 00 00 00 ff 00 00 00 00 00 00 00 00 00 ff 00 00 00 00 00 00 00 00 00 ff 00 00 00 00 00 00 00 00 02 00 00
 10356 ms  64 B  05 07 00 82 21 e6 19 40 00 71 00 07 03 5b 26 7b 18 40 00 71 00 00 ff 00 00 00 00 00 00 00 00 00 ff 00 00 00 00 00 00 00 00 00 ff 00 00 00 00 00 00 00 00 00 ff 00 00 00 00 00 00 00 00 02 00 00
 10370 ms  64 B  05 07 00 7c 21 d1 19 40 00 71 00 04 02 9b 22 b0 1f 06 00 0a 00 07 03 58 26 61 18 40 00 71 00 00 ff 00 00 00 00 00 00 00 00 00 ff 00 00 00 00 00 00 00 00 00 ff 00 00 00 00 00 00 00 00 03 00 00
 10371 ms  64 B  05 07 00 77 21 bc 19 40 00 71 00 07 02 9b 22 b0 1f 06 00 0a 00 07 03 54 26 49 18 40 00 71 00 00 ff 00 00 00 00 00 00 00 00 00 ff 00 00 00 00 00 00 00 00 00 ff 00 00 00 00 00 00 00 00 03 00 00
 10372 ms  64 B  05 07 00 73 21 a7 19 40 00 71 00 07 02 9b 22 b0 1f 06 00 0a 00 07 03 4d 26 30 18 40 00 71 00 00 ff 00 00 00 00 00 00 00 00 00 ff 00 00 00 00 00 00 00 00 00 ff 00 00 00 00 00 00 00 00 03 00 00
 10383 ms  64 B  05 07 00 6e 21 98 19 40 00 71 00 07 02 aa 22 ae 1f 06 00 0a 00 07 03 49 26 19 18 40 00 71 00 00 ff 00 00 00 00 00 00 00 00 00 ff 00 00 00 00 00 00 00 00 00 ff 00 00 00 00 00 00 00 00 03 00 00
 10384 ms  64 B  05 07 00 6a 21 8c 19 40 00 71 00 07 02 af 22 af 1f 06 00 0a 00 07 03 44 26 04 18 40 00 71 00 00 ff 00 00 00 00 00 00 00 00 00 ff 00 00 00 00 00 00 00 00 00 ff 00 00 00 00 00 00 00 00 03 00 00
 10385 ms  64 B  05 07 00 65 21 82 19 40 00 71 00 07 02 a9 22 b0 1f 06 00 0a 00 07 03 3f 26 f1 17 40 00 71 00 00 ff 00 00 00 00 00 00 00 00 00 ff 00 00 00 00 00 00 00 00 00 ff 00 00 00 00 00 00 00 00 03 00 00
 10393 ms  64 B  05 07 00 61 21 76 19 40 00 71 00 07 02 a6 22 b0 1f 06 00 0a 00 07 03 3b 26 da 17 40 00 71 00 00 ff 00 00 00 00 00 00 00 00 00 ff 00 00 00 00 00 00 00 00 00 ff 00 00 00 00 00 00 00 00 03 00 00
 10394 ms  64 B  05 07 00 5c 21 6a 19 40 00 71 00 07 02 9f 22 b0 1f 06 00 0a 00 07 03 36 26 c1 17 40 00 71 00 00 ff 00 00 00 00 00 00 00 00 00 ff 00 00 00 00 00 00 00 00 00 ff 00 00 00 00 00 00 00 00 03 00 00
 10395 ms  64 B  05 07 00 57 21 5d 19 40 00 71 00 07 02 94 22 b0 1f 06 00 0a 00 07 03 31 26 a6 17 40 00 71 00 00 ff 00 00 00 00 00 00 00 00 00 ff 00 00 00 00 00 00 00 00 00 ff 00 00 00 00 00 00 00 00 03 00 00
 10403 ms  64 B  05 07 00 51 21 53 19 40 00 71 00 07 02 8c 22 b0 1f 06 00 0a 00 07 03 2e 26 90 17 40 00 71 00 00 ff 00 00 00 00 00 00 00 00 00 ff 00 00 00 00 00 00 00 00 00 ff 00 00 00 00 00 00 00 00 03 00 00
 10404 ms  64 B  05 07 00 4b 21 4b 19 40 00 71 00 07 02 82 22 b0 1f 06 00 0a 00 07 03 2b 26 7c 17 40 00 71 00 00 ff 00 00 00 00 00 00 00 00 00 ff 00 00 00 00 00 00 00 00 00 ff 00 00 00 00 00 00 00 00 03 00 00
 10405 ms  64 B  05 07 00 42 21 43 19 40 00 71 00 07 02 77 22 b0 1f 06 00 0a 00 07 03 2a 26 68 17 40 00 71 00 00 ff 00 00 00 00 00 00 00 00 00 ff 00 00 00 00 00 00 00 00 00 ff 00 00 00 00 00 00 00 00 03 00 00
 10413 ms  64 B  05 07 00 3d 21 3a 19 40 00 71 00 07 02 73 22 b0 1f 06 00 0a 00 07 03 27 26 55 17 40 00 71 00 00 ff 00 00 00 00 00 00 00 00 00 ff 00 00 00 00 00 00 00 00 00 ff 00 00 00 00 00 00 00 00 03 00 00
 10414 ms  64 B  05 07 00 38 21 32 19 40 00 71 00 07 02 74 22 b0 1f 06 00 0a 00 07 03 23 26 45 17 40 00 71 00 00 ff 00 00 00 00 00 00 00 00 00 ff 00 00 00 00 00 00 00 00 00 ff 00 00 00 00 00 00 00 00 03 00 00
 10415 ms  64 B  05 07 00 34 21 2a 19 40 00 71 00 07 02 77 22 b0 1f 06 00 0a 00 07 03 1c 26 35 17 40 00 71 00 00 ff 00 00 00 00 00 00 00 00 00 ff 00 00 00 00 00 00 00 00 00 ff 00 00 00 00 00 00 00 00 03 00 00
 10426 ms  64 B  05 07 00 2e 21 22 19 40 00 71 00 07 02 71 22 b3 1f 06 00 0a 00 07 03 19 26 24 17 40 00 71 00 00 ff 00 00 00 00 00 00 00 00 00 ff 00 00 00 00 00 00 00 00 00 ff 00 00 00 00 00 00 00 00 03 00 00
 10426 ms  64 B  05 07 00 28 21 1a 19 40 00 71 00 07 02 68 22 b8 1f 06 00 0a 00 07 03 16 26 14 17 40 00 71 00 00 ff 00 00 00 00 00 00 00 00 00 ff 00 00 00 00 00 00 00 00 00 ff 00 00 00 00 00 00 00 00 03 00 00
 10427 ms  64 B  05 07 00 1f 21 11 19 40 00 71 00 07 02 5b 22 bd 1f 06 00 0a 00 07 03 15 26 03 17 40 00 71 00 00 ff 00 00 00 00 00 00 00 00 00 ff 00 00 00 00 00 00 00 00 00 ff 00 00 00 00 00 00 00 00 03 00 00
 10437 ms  64 B  05 07 00 1a 21 09 19 40 00 71 00 07 02 55 22 bf 1f 06 00 0a 00 07 03 12 26 f3 16 40 00 71 00 00 ff 00 00 00 00 00 00 00 00 00 ff 00 00 00 00 00 00 00 00 00 ff 00 00 00 00 00 00 00 00 03 00 00
 10438 ms  64 B  05 07 00 15 21 01 19 40 00 71 00 07 02 50 22 be 1f 06 00 0a 00 07 03 0e 26 e2 16 40 00 71 00 00 ff 00 00 00 00 00 00 00 00 00 ff 00 00 00 00 00 00 00 00 00 ff 00 00 00 00 00 00 00 00 03 00 00
 10439 ms  64 B  05 07 00 11 21 f8 18 40 00 71 00 07 02 4d 22 bd 1f 06 00 0a 00 07 03 08 26 d0 16 40 00 71 00 00 ff 00 00 00 00 00 00 00 00 00 ff 00 00 00 00 00 00 00 00 00 ff 00 00 00 00 00 00 00 00 03 00 00
 10449 ms  64 B  05 07 00 0c 21 f0 18 40 00 71 00 07 02 49 22 bf 1f 06 00 0a 00 07 03 05 26 bf 16 40 00 71 00 00 ff 00 00 00 00 00 00 00 00 00 ff 00 00 00 00 00 00 00 00 00 ff 00 00 00 00 00 00 00 00 03 00 00
 10450 ms  64 B  05 07 00 08 21 e8 18 40 00 71 00 07 02 44 22 c3 1f 06 00 0a 00 07 03 03 26 af 16 40 00 71 00 00 ff 00 00 00 00 00 00 00 00 00 ff 00 00 00 00 00 00 00 00 00 ff 00 00 00 00 00 00 00 00 03 00 00
 10451 ms  64 B  05 07 00 04 21 df 18 40 00 71 00 07 02 3f 22 c9 1f 06 00 0a 00 07 03 01 26 9e 16 40 00 71 00 00 ff 00 00 00 00 00 00 00 00 00 ff 00 00 00 00 00 00 00 00 00 ff 00 00 00 00 00 00 00 00 03 00 00
 10465 ms  64 B  05 07 00 01 21 d5 18 40 00 71 00 07 02 3c 22 cb 1f 06 00 0a 00 07 03 fe 25 90 16 40 00 71 00 00 ff 00 00 00 00 00 00 00 00 00 ff 00 00 00 00 00 00 00 00 00 ff 00 00 00 00 00 00 00 00 03 00 00
 10465 ms  64 B  05 07 00 fc 20 c8 18 40 00 71 00 07 02 39 22 cb 1f 06 00 0a 00 07 03 fa 25 83 16 40 00 71 00 00 ff 00 00 00 00 00 00 00 00 00 ff 00 00 00 00 00 00 00 00 00 ff 00 00 00 00 00 00 00 00 03 00 00
 10467 ms  64 B  05 07 00 f6 20 b9 18 40 00 71 00 07 02 38 22 c9 1f 06 00 0a 00 07 03 f3 25 78 16 40 00 71 00 00 ff 00 00 00 00 00 00 00 00 00 ff 00 00 00 00 00 00 00 00 00 ff 00 00 00 00 00 00 00 00 03 00 00
 10479 ms  64 B  05 07 00 f2 20 ab 18 40 00 71 00 07 02 36 22 cc 1f 06 00 0a 00 07 03 ef 25 67 16 40 00 71 00 00 ff 00 00 00 00 00 00 00 00 00 ff 00 00 00 00 00 00 00 00 00 ff 00 00 00 00 00 00 00 00 03 00 00
 10479 ms  64 B  05 07 00 ed 20 9a 18 40 00 71 00 07 02 34 22 d1 1f 06 00 0a 00 07 03 ea 25 52 16 40 00 71 00 00 ff 00 00 00 00 00 00 00 00 00 ff 00 00 00 00 00 00 00 00 00 ff 00 00 00 00 00 00 00 00 03 00 00
 10480 ms  64 B  05 07 00 e8 20 87 18 40 00 71 00 07 02 31 22 d6 1f 06 00 0a 00 07 03 e5 25 3a 16 40 00 71 00 00 ff 00 00 00 00 00 00 00 00 00 ff 00 00 00 00 00 00 00 00 00 ff 00 00 00 00 00 00 00 00 03 00 00
 10492 ms  64 B  05 07 00 e4 20 77 18 40 00 71 00 07 02 2f 22 d8 1f 06 00 0a 00 07 03 e1 25 20 16 40 00 71 00 00 ff 00 00 00 00 00 00 00 00 00 ff 00 00 00 00 00 00 00 00 00 ff 00 00 00 00 00 00 00 00 03 00 00
 10492 ms  64 B  05 07 00 df 20 66 18 40 00 71 00 07 02 2d 22 d7 1f 06 00 0a 00 07 03 dc 25 03 16 40 00 71 00 00 ff 00 00 00 00 00 00 00 00 00 ff 00 00 00 00 00 00 00 00 00 ff 00 00 00 00 00 00 00 00 03 00 00
 10493 ms  64 B  05 07 00 da 20 54 18 40 00 71 00 07 02 2a 22 d6 1f 06 00 0a 00 07 03 d7 25 e2 15 40 00 71 00 00 ff 00 00 00 00 00 00 00 00 00 ff 00 00 00 00 00 00 00 00 00 ff 00 00 00 00 00 00 00 00 03 00 00
 10504 ms  64 B  05 07 00 d6 20 43 18 40 00 71 00 07 02 29 22 d6 1f 06 00 0a 00 07 03 d4 25 c3 15 40 00 71 00 00 ff 00 00 00 00 00 00 00 00 00 ff 00 00 00 00 00 00 00 00 00 ff 00 00 00 00 00 00 00 00 03 00 00
 10504 ms  64 B  05 07 00 d1 20 33 18 40 00 71 00 07 02 29 22 d6 1f 06 00 0a 00 07 03 d1 25 a1 15 40 00 71 00 00 ff 00 00 00 00 00 00 00 00 00 ff 00 00 00 00 00 00 00 00 00 ff 00 00 00 00 00 00 00 00 03 00 00
 10506 ms  64 B  05 07 00 cc 20 22 18 40 00 71 00 07 02 2a 22 d6 1f 06 00 0a 00 07 03 d0 25 7d 15 40 00 71 00 00 ff 00 00 00 00 00 00 00 00 00 ff 00 00 00 00 00 00 00 00 00 ff 00 00 00 00 00 00 00 00 03 00 00
 10516 ms  64 B  05 07 00 c6 20 12 18 40 00 71 00 07 02 2a 22 d6 1f 06 00 0a 00 07 03 cb 25 5e 15 40 00 71 00 00 ff 00 00 00 00 00 00 00 00 00 ff 00 00 00 00 00 00 00 00 00 ff 00 00 00 00 00 00 00 00 03 00 00
 10516 ms  64 B  05 07 00 c0 20 01 18 40 00 71 00 07 02 2a 22 d6 1f 06 00 0a 00 07 03 c4 25 41 15 40 00 71 00 00 ff 00 00 00 00 00 00 00 00 00 ff 00 00 00 00 00 00 00 00 00 ff 00 00 00 00 00 00 00 00 03 00 00
 10517 ms  64 B  05 07 00 b7 20 ef 17 40 00 71 00 07 02 2a 22 d6 1f 06 00 0a 00 07 03 bb 25 26 15 40 00 71 00 00 ff 00 00 00 00 00 00 00 00 00 ff 00 00 00 00 00 00 00 00 00 ff 00 00 00 00 00 00 00 00 03 00 00
 10532 ms  64 B  05 07 00 b0 20 dd 17 40 00 71 00 07 02 24 22 d0 1f 06 00 0a 00 07 03 b6 25 0a 15 40 00 71 00 00 ff 00 00 00 00 00 00 00 00 00 ff 00 00 00 00 00 00 00 00 00 ff 00 00 00 00 00 00 00 00 03 00 00
 10532 ms  64 B  05 07 00 a9 20 c8 17 40 00 71 00 07 02 1b 22 c8 1f 06 00 0a 00 07 03 b1 25 ec 14 40 00 71 00 00 ff 00 00 00 00 00 00 00 00 00 ff 00 00 00 00 00 00 00 00 00 ff 00 00 00 00 00 00 00 00 03 00 00
 10533 ms  64 B  05 07 00 a2 20 b1 17 40 00 71 00 07 02 0e 22 bd 1f 06 00 0a 00 07 03 ad 25 ce 14 40 00 71 00 00 ff 00 00 00 00 00 00 00 00 00 ff 00 00 00 00 00 00 00 00 00 ff 00 00 00 00 00 00 00 00 03 00 00
 10546 ms  64 B  05 07 00 9b 20 9d 17 40 00 71 00 07 02 04 22 b3 1f 06 00 0a 00 07 03 a6 25 b1 14 40 00 71 00 00 ff 00 00 00 00 00 00 00 00 00 ff 00 00 00 00 00 00 00 00 00 ff 00 00 00 00 00 00 00 00 03 00 00
 10546 ms  64 B  05 07 00 94 20 88 17 40 00 71 00 07 02 f9 21 a7 1f 06 00 0a 00 07 03 9d 25 94 14 40 00 71 00 00 ff 00 00 00 00 00 00 00 00 00 ff 00 00 00 00 00 00 00 00 00 ff 00 00 00 00 00 00 00 00 03 00 00
 10548 ms  64 B  05 07 00 8d 20 72 17 40 00 71 00 07 02 eb 21 98 1f 06 00 0a 00 07 03 90 25 76 14 40 00 71 00 00 ff 00 00 00 00 00 00 00 00 00 ff 00 00 00 00 00 00 00 00 00 ff 00 00 00 00 00 00 00 00 03 00 00
 10559 ms  64 B  05 07 00 87 20 5d 17 40 00 71 00 07 02 e7 21 93 1f 06 00 0a 00 07 03 86 25 5b 14 40 00 71 00 00 ff 00 00 00 00 00 00 00 00 00 ff 00 00 00 00 00 00 00 00 00 ff 00 00 00 00 00 00 00 00 03 00 00
 10560 ms  64 B  05 07 00 7f 20 49 17 40 00 71 00 07 02 e7 21 94 1f 06 00 0a 00 07 03 7a 25 42 14 40 00 71 00 00 ff 00 00 00 00 00 00 00 00 00 ff 00 00 00 00 00 00 00 00 00 ff 00 00 00 00 00 00 00 00 03 00 00
 10561 ms  64 B  05 07 00 77 20 34 17 40 00 71 00 07 02 eb 21 98 1f 06 00 0a 00 07 03 6d 25 2a 14 40 00 71 00 00 ff 00 00 00 00 00 00 00 00 00 ff 00 00 00 00 00 00 00 00 00 ff 00 00 00 00 00 00 00 00 03 00 00
 10574 ms  64 B  05 07 00 6f 20 1a 17 40 00 71 00 07 02 eb 21 98 1f 06 00 0a 00 07 03 63 25 14 14 40 00 71 00 00 ff 00 00 00 00 00 00 00 00 00 ff 00 00 00 00 00 00 00 00 00 ff 00 00 00 00 00 00 00 00 03 00 00
 10574 ms  64 B  05 07 00 69 20 fd 16 40 00 71 00 07 02 eb 21 98 1f 06 00 0a 00 07 03 59 25 ff 13 40 00 71 00 00 ff 00 00 00 00 00 00 00 00 00 ff 00 00 00 00 00 00 00 00 00 ff 00 00 00 00 00 00 00 00 03 00 00
 10575 ms  64 B  05 07 00 62 20 dc 16 40 00 71 00 07 02 eb 21 98 1f 06 00 0a 00 07 03 51 25 ec 13 40 00 71 00 00 ff 00 00 00 00 00 00 00 00 00 ff 00 00 00 00 00 00 00 00 00 ff 00 00 00 00 00 00 00 00 03 00 00
 10585 ms  64 B  05 07 00 56 20 b4 16 40 00 71 00 04 02 eb 21 98 1f 06 00 0a 00 07 03 3f 25 cd 13 40 00 71 00 00 ff 00 00 00 00 00 00 00 00 00 ff 00 00 00 00 00 00 00 00 00 ff 00 00 00 00 00 00 00 00 03 00 00
 10586 ms  64 B  05 07 00 46 20 90 16 40 00 71 00 07 03 27 25 ac 13 40 00 71 00 00 ff 00 00 00 00 00 00 00 00 00 ff 00 00 00 00 00 00 00 00 00 ff 00 00 00 00 00 00 00 00 00 ff 00 00 00 00 00 00 00 00 02 00 00
 10599 ms  64 B  05 07 00 3d 20 76 16 40 00 71 00 07 03 19 25 8f 13 40 00 71 00 00 ff 00 00 00 00 00 00 00 00 00 ff 00 00 00 00 00 00 00 00 00 ff 00 00 00 00 00 00 00 00 00 ff 00 00 00 00 00 00 00 00 02 00 00
 10600 ms  64 B  05 07 00 34 20 5e 16 40 00 71 00 07 03 0b 25 6e 13 40 00 71 00 00 ff 00 00 00 00 00 00 00 00 00 ff 00 00 00 00 00 00 00 00 00 ff 00 00 00 00 00 00 00 00 00 ff 00 00 00 00 00 00 00 00 02 00 00
 10601 ms  64 B  05 07 00 2a 20 45 16 40 00 71 00 07 03 fd 24 48 13 40 00 71 00 00 ff 00 00 00 00 00 00 00 00 00 ff 00 00 00 00 00 00 00 00 00 ff 00 00 00 00 00 00 00 00 00 ff 00 00 00 00 00 00 00 00 02 00 00
 10612 ms  64 B  05 07 00 20 20 2c 16 40 00 71 00 07 03 f1 24 2c 13 40 00 71 00 00 ff 00 00 00 00 00 00 00 00 00 ff 00 00 00 00 00 00 00 00 00 ff 00 00 00 00 00 00 00 00 00 ff 00 00 00 00 00 00 00 00 02 00 00
 10612 ms  64 B  05 07 00 15 20 13 16 40 00 71 00 07 03 e5 24 13 13 40 00 71 00 00 ff 00 00 00 00 00 00 00 00 00 ff 00 00 00 00 00 00 00 00 00 ff 00 00 00 00 00 00 00 00 00 ff 00 00 00 00 00 00 00 00 02 00 00
 10613 ms  64 B  05 07 00 07 20 fa 15 40 00 71 00 07 03 da 24 fd 12 40 00 71 00 00 ff 00 00 00 00 00 00 00 00 00 ff 00 00 00 00 00 00 00 00 00 ff 00 00 00 00 00 00 00 00 00 ff 00 00 00 00 00 00 00 00 02 00 00
 10623 ms  64 B  05 07 00 fd 1f e2 15 40 00 71 00 07 03 d0 24 e5 12 40 00 71 00 00 ff 00 00 00 00 00 00 00 00 00 ff 00 00 00 00 00 00 00 00 00 ff 00 00 00 00 00 00 00 00 00 ff 00 00 00 00 00 00 00 00 02 00 00
 10624 ms  64 B  05 07 00 f3 1f c8 15 40 00 71 00 07 03 c6 24 cb 12 40 00 71 00 00 ff 00 00 00 00 00 00 00 00 00 ff 00 00 00 00 00 00 00 00 00 ff 00 00 00 00 00 00 00 00 00 ff 00 00 00 00 00 00 00 00 02 00 00
 10625 ms  64 B  05 07 00 eb 1f ae 15 40 00 71 00 07 03 be 24 b1 12 40 00 71 00 00 ff 00 00 00 00 00 00 00 00 00 ff 00 00 00 00 00 00 00 00 00 ff 00 00 00 00 00 00 00 00 00 ff 00 00 00 00 00 00 00 00 02 00 00
 10634 ms  64 B  05 07 00 e2 1f 90 15 40 00 71 00 07 03 b6 24 9e 12 40 00 71 00 00 ff 00 00 00 00 00 00 00 00 00 ff 00 00 00 00 00 00 00 00 00 ff 00 00 00 00 00 00 00 00 00 ff 00 00 00 00 00 00 00 00 02 00 00
 10635 ms  64 B  05 07 00 d9 1f 6f 15 40 00 71 00 07 03 ac 24 8d 12 40 00 71 00 00 ff 00 00 00 00 00 00 00 00 00 ff 00 00 00 00 00 00 00 00 00 ff 00 00 00 00 00 00 00 00 00 ff 00 00 00 00 00 00 00 00 02 00 00
 10636 ms  64 B  05 07 00 cf 1f 49 15 40 00 71 00 07 03 a1 24 80 12 40 00 71 00 00 ff 00 00 00 00 00 00 00 00 00 ff 00 00 00 00 00 00 00 00 00 ff 00 00 00 00 00 00 00 00 00 ff 00 00 00 00 00 00 00 00 02 00 00
 10645 ms  64 B  05 07 00 c6 1f 2a 15 40 00 71 00 07 03 97 24 70 12 40 00 71 00 00 ff 00 00 00 00 00 00 00 00 00 ff 00 00 00 00 00 00 00 00 00 ff 00 00 00 00 00 00 00 00 00 ff 00 00 00 00 00 00 00 00 02 00 00
 10646 ms  64 B  05 07 00 bd 1f 0d 15 40 00 71 00 07 03 8e 24 5f 12 40 00 71 00 00 ff 00 00 00 00 00 00 00 00 00 ff 00 00 00 00 00 00 00 00 00 ff 00 00 00 00 00 00 00 00 00 ff 00 00 00 00 00 00 00 00 02 00 00
 10647 ms  64 B  05 07 00 b3 1f f2 14 40 00 71 00 07 03 85 24 4d 12 40 00 71 00 00 ff 00 00 00 00 00 00 00 00 00 ff 00 00 00 00 00 00 00 00 00 ff 00 00 00 00 00 00 00 00 00 ff 00 00 00 00 00 00 00 00 02 00 00
 10657 ms  64 B  05 07 00 ab 1f da 14 40 00 71 00 07 03 7c 24 3c 12 40 00 71 00 00 ff 00 00 00 00 00 00 00 00 00 ff 00 00 00 00 00 00 00 00 00 ff 00 00 00 00 00 00 00 00 00 ff 00 00 00 00 00 00 00 00 02 00 00
 10657 ms  64 B  05 07 00 a4 1f c5 14 40 00 71 00 07 03 73 24 2c 12 40 00 71 00 00 ff 00 00 00 00 00 00 00 00 00 ff 00 00 00 00 00 00 00 00 00 ff 00 00 00 00 00 00 00 00 00 ff 00 00 00 00 00 00 00 00 02 00 00
 10659 ms  64 B  05 07 00 9e 1f b3 14 40 00 71 00 07 03 69 24 1b 12 40 00 71 00 00 ff 00 00 00 00 00 00 00 00 00 ff 00 00 00 00 00 00 00 00 00 ff 00 00 00 00 00 00 00 00 00 ff 00 00 00 00 00 00 00 00 02 00 00
 10670 ms  64 B  05 07 00 99 1f a1 14 40 00 71 00 07 03 63 24 0b 12 40 00 71 00 00 ff 00 00 00 00 00 00 00 00 00 ff 00 00 00 00 00 00 00 00 00 ff 00 00 00 00 00 00 00 00 00 ff 00 00 00 00 00 00 00 00 02 00 00
 10670 ms  64 B  05 07 00 94 1f 91 14 40 00 71 00 07 03 5e 24 fa 11 40 00 71 00 00 ff 00 00 00 00 00 00 00 00 00 ff 00 00 00 00 00 00 00 00 00 ff 00 00 00 00 00 00 00 00 00 ff 00 00 00 00 00 00 00 00 02 00 00
 10672 ms  64 B  05 07 00 90 1f 81 14 40 00 71 00 07 03 5c 24 e8 11 40 00 71 00 00 ff 00 00 00 00 00 00 00 00 00 ff 00 00 00 00 00 00 00 00 00 ff 00 00 00 00 00 00 00 00 00 ff 00 00 00 00 00 00 00 00 02 00 00
 10679 ms  64 B  05 07 00 8c 1f 73 14 40 00 71 00 07 03 56 24 d6 11 40 00 71 00 00 ff 00 00 00 00 00 00 00 00 00 ff 00 00 00 00 00 00 00 00 00 ff 00 00 00 00 00 00 00 00 00 ff 00 00 00 00 00 00 00 00 02 00 00
 10680 ms  64 B  05 07 00 87 1f 66 14 40 00 71 00 07 03 4f 24 c1 11 40 00 71 00 00 ff 00 00 00 00 00 00 00 00 00 ff 00 00 00 00 00 00 00 00 00 ff 00 00 00 00 00 00 00 00 00 ff 00 00 00 00 00 00 00 00 02 00 00
 10681 ms  64 B  05 07 00 81 1f 5b 14 40 00 71 00 07 03 47 24 aa 11 40 00 71 00 00 ff 00 00 00 00 00 00 00 00 00 ff 00 00 00 00 00 00 00 00 00 ff 00 00 00 00 00 00 00 00 00 ff 00 00 00 00 00 00 00 00 02 00 00
 10690 ms  64 B  05 07 00 7b 1f 4f 14 40 00 71 00 07 03 40 24 96 11 40 00 71 00 00 ff 00 00 00 00 00 00 00 00 00 ff 00 00 00 00 00 00 00 00 00 ff 00 00 00 00 00 00 00 00 00 ff 00 00 00 00 00 00 00 00 02 00 00
 10691 ms  64 B  05 07 00 74 1f 42 14 40 00 71 00 07 03 39 24 81 11 40 00 71 00 00 ff 00 00 00 00 00 00 00 00 00 ff 00 00 00 00 00 00 00 00 00 ff 00 00 00 00 00 00 00 00 00 ff 00 00 00 00 00 00 00 00 02 00 00
 10692 ms  64 B  05 07 00 6c 1f 35 14 40 00 71 00 07 03 32 24 6b 11 40 00 71 00 00 ff 00 00 00 00 00 00 00 00 00 ff 00 00 00 00 00 00 00 00 00 ff 00 00 00 00 00 00 00 00 00 ff 00 00 00 00 00 00 00 00 02 00 00
 10702 ms  64 B  05 07 00 68 1f 27 14 40 00 71 00 07 03 2d 24 59 11 40 00 71 00 00 ff 00 00 00 00 00 00 00 00 00 ff 00 00 00 00 00 00 00 00 00 ff 00 00 00 00 00 00 00 00 00 ff 00 00 00 00 00 00 00 00 02 00 00
 10703 ms  64 B  05 07 00 66 1f 16 14 40 00 71 00 07 03 28 24 49 11 40 00 71 00 00 ff 00 00 00 00 00 00 00 00 00 ff 00 00 00 00 00 00 00 00 00 ff 00 00 00 00 00 00 00 00 00 ff 00 00 00 00 00 00 00 00 02 00 00
 10704 ms  64 B  05 07 00 65 1f 04 14 40 00 71 00 07 03 24 24 39 11 40 00 71 00 00 ff 00 00 00 00 00 00 00 00 00 ff 00 00 00 00 00 00 00 00 00 ff 00 00 00 00 00 00 00 00 00 ff 00 00 00 00 00 00 00 00 02 00 00
 10712 ms  64 B  05 07 00 62 1f f1 13 40 00 71 00 07 03 20 24 2b 11 40 00 71 00 00 ff 00 00 00 00 00 00 00 00 00 ff 00 00 00 00 00 00 00 00 00 ff 00 00 00 00 00 00 00 00 00 ff 00 00 00 00 00 00 00 00 02 00 00
 10713 ms  64 B  05 07 00 5e 1f dc 13 40 00 71 00 07 03 1b 24 1e 11 40 00 71 00 00 ff 00 00 00 00 00 00 00 00 00 ff 00 00 00 00 00 00 00 00 00 ff 00 00 00 00 00 00 00 00 00 ff 00 00 00 00 00 00 00 00 02 00 00
 10714 ms  64 B  05 07 00 58 1f c4 13 40 00 71 00 07 03 16 24 13 11 40 00 71 00 00 ff 00 00 00 00 00 00 00 00 00 ff 00 00 00 00 00 00 00 00 00 ff 00 00 00 00 00 00 00 00 00 ff 00 00 00 00 00 00 00 00 02 00 00
 10722 ms  64 B  05 07 00 55 1f b2 13 40 00 71 00 07 03 13 24 07 11 40 00 71 00 00 ff 00 00 00 00 00 00 00 00 00 ff 00 00 00 00 00 00 00 00 00 ff 00 00 00 00 00 00 00 00 00 ff 00 00 00 00 00 00 00 00 02 00 00
 10723 ms  64 B  05 07 00 50 1f a1 13 40 00 71 00 07 03 10 24 fa 10 40 00 71 00 00 ff 00 00 00 00 00 00 00 00 00 ff 00 00 00 00 00 00 00 00 00 ff 00 00 00 00 00 00 00 00 00 ff 00 00 00 00 00 00 00 00 02 00 00
 10724 ms  64 B  05 07 00 4a 1f 92 13 40 00 71 00 07 03 0f 24 ed 10 40 00 71 00 00 ff 00 00 00 00 00 00 00 00 00 ff 00 00 00 00 00 00 00 00 00 ff 00 00 00 00 00 00 00 00 00 ff 00 00 00 00 00 00 00 00 02 00 00
 10731 ms  64 B  05 07 00 47 1f 82 13 40 00 71 00 07 03 0d 24 e0 10 40 00 71 00 00 ff 00 00 00 00 00 00 00 00 00 ff 00 00 00 00 00 00 00 00 00 ff 00 00 00 00 00 00 00 00 00 ff 00 00 00 00 00 00 00 00 02 00 00
 10732 ms  64 B  05 07 00 44 1f 71 13 40 00 71 00 07 03 0b 24 d4 10 40 00 71 00 00 ff 00 00 00 00 00 00 00 00 00 ff 00 00 00 00 00 00 00 00 00 ff 00 00 00 00 00 00 00 00 00 ff 00 00 00 00 00 00 00 00 02 00 00
 10733 ms  64 B  05 07 00 43 1f 60 13 40 00 71 00 07 03 08 24 c8 10 40 00 71 00 00 ff 00 00 00 00 00 00 00 00 00 ff 00 00 00 00 00 00 00 00 00 ff 00 00 00 00 00 00 00 00 00 ff 00 00 00 00 00 00 00 00 02 00 00
 10743 ms  64 B  05 07 00 41 1f 55 13 40 00 71 00 07 03 06 24 c1 10 40 00 71 00 00 ff 00 00 00 00 00 00 00 00 00 ff 00 00 00 00 00 00 00 00 00 ff 00 00 00 00 00 00 00 00 00 ff 00 00 00 00 00 00 00 00 02 00 00
 10743 ms  64 B  05 07 00 3f 1f 4c 13 40 00 71 00 07 03 04 24 bd 10 40 00 71 00 00 ff 00 00 00 00 00 00 00 00 00 ff 00 00 00 00 00 00 00 00 00 ff 00 00 00 00 00 00 00 00 00 ff 00 00 00 00 00 00 00 00 02 00 00
 10744 ms  64 B  05 07 00 3c 1f 47 13 40 00 71 00 07 03 01 24 bb 10 40 00 71 00 00 ff 00 00 00 00 00 00 00 00 00 ff 00 00 00 00 00 00 00 00 00 ff 00 00 00 00 00 00 00 00 00 ff 00 00 00 00 00 00 00 00 02 00 00
 10753 ms  64 B  05 07 00 3a 1f 3d 13 40 00 71 00 07 03 ff 23 b6 10 40 00 71 00 00 ff 00 00 00 00 00 00 00 00 00 ff 00 00 00 00 00 00 00 00 00 ff 00 00 00 00 00 00 00 00 00 ff 00 00 00 00 00 00 00 00 02 00 00
 10753 ms  64 B  05 07 00 38 1f 30 13 40 00 71 00 07 03 fd 23 b3 10 40 00 71 00 00 ff 00 00 00 00 00 00 00 00 00 ff 00 00 00 00 00 00 00 00 00 ff 00 00 00 00 00 00 00 00 00 ff 00 00 00 00 00 00 00 00 02 00 00
 10754 ms  64 B  05 07 00 35 1f 21 13 40 00 71 00 07 03 fa 23 af 10 40 00 71 00 00 ff 00 00 00 00 00 00 00 00 00 ff 00 00 00 00 00 00 00 00 00 ff 00 00 00 00 00 00 00 00 00 ff 00 00 00 00 00 00 00 00 02 00 00
 10761 ms  64 B  05 07 00 34 1f 1a 13 40 00 71 00 07 03 f9 23 ac 10 40 00 71 00 00 ff 00 00 00 00 00 00 00 00 00 ff 00 00 00 00 00 00 00 00 00 ff 00 00 00 00 00 00 00 00 00 ff 00 00 00 00 00 00 00 00 02 00 00
 10763 ms  64 B  05 07 00 34 1f 16 13 40 00 71 00 07 03 f9 23 a7 10 40 00 71 00 00 ff 00 00 00 00 00 00 00 00 00 ff 00 00 00 00 00 00 00 00 00 ff 00 00 00 00 00 00 00 00 00 ff 00 00 00 00 00 00 00 00 02 00 00
 10763 ms  64 B  05 07 00 35 1f 15 13 40 00 71 00 07 03 fa 23 a2 10 40 00 71 00 00 ff 00 00 00 00 00 00 00 00 00 ff 00 00 00 00 00 00 00 00 00 ff 00 00 00 00 00 00 00 00 00 ff 00 00 00 00 00 00 00 00 02 00 00
 10772 ms  64 B  05 07 00 35 1f 0f 13 40 00 71 00 07 03 f8 23 9c 10 40 00 71 00 00 ff 00 00 00 00 00 00 00 00 00 ff 00 00 00 00 00 00 00 00 00 ff 00 00 00 00 00 00 00 00 00 ff 00 00 00 00 00 00 00 00 02 00 00
 10773 ms  64 B  05 07 00 35 1f 09 13 40 00 71 00 07 03 f3 23 95 10 40 00 71 00 00 ff 00 00 00 00 00 00 00 00 00 ff 00 00 00 00 00 00 00 00 00 ff 00 00 00 00 00 00 00 00 00 ff 00 00 00 00 00 00 00 00 02 00 00
 10786 ms  64 B  05 07 00 35 1f 03 13 40 00 71 00 07 03 f2 23 93 10 40 00 71 00 00 ff 00 00 00 00 00 00 00 00 00 ff 00 00 00 00 00 00 00 00 00 ff 00 00 00 00 00 00 00 00 00 ff 00 00 00 00 00 00 00 00 02 00 00
 10786 ms  64 B  05 07 00 35 1f fb 12 40 00 71 00 07 03 f3 23 95 10 40 00 71 00 00 ff 00 00 00 00 00 00 00 00 00 ff 00 00 00 00 00 00 00 00 00 ff 00 00 00 00 00 00 00 00 00 ff 00 00 00 00 00 00 00 00 02 00 00
 10797 ms  64 B  05 07 00 35 1f f9 12 40 00 71 00 07 03 f3 23 95 10 40 00 71 00 00 ff 00 00 00 00 00 00 00 00 00 ff 00 00 00 00 00 00 00 00 00 ff 00 00 00 00 00 00 00 00 00 ff 00 00 00 00 00 00 00 00 02 00 00
 10797 ms  64 B  05 07 00 35 1f fb 12 40 00 71 00 07 03 f3 23 95 10 40 00 71 00 00 ff 00 00 00 00 00 00 00 00 00 ff 00 00 00 00 00 00 00 00 00 ff 00 00 00 00 00 00 00 00 00 ff 00 00 00 00 00 00 00 00 02 00 00
 10809 ms  64 B  05 07 00 37 1f fb 12 40 00 71 00 07 03 f3 23 95 10 40 00 71 00 00 ff 00 00 00 00 00 00 00 00 00 ff 00 00 00 00 00 00 00 00 00 ff 00 00 00 00 00 00 00 00 00 ff 00 00 00 00 00 00 00 00 02 00 00
 10809 ms  64 B  05 07 00 3c 1f fb 12 40 00 71 00 07 03 f3 23 95 10 40 00 71 00 00 ff 00 00 00 00 00 00 00 00 00 ff 00 00 00 00 00 00 00 00 00 ff 00 00 00 00 00 00 00 00 00 ff 00 00 00 00 00 00 00 00 02 00 00
 10821 ms  64 B  05 07 00 3d 1f fb 12 40 00 71 00 07 03 f3 23 95 10 40 00 71 00 00 ff 00 00 00 00 00 00 00 00 00 ff 00 00 00 00 00 00 00 00 00 ff 00 00 00 00 00 00 00 00 00 ff 00 00 00 00 00 00 00 00 02 00 00
 10821 ms  64 B  05 07 00 3c 1f fb 12 40 00 71 00 07 03 f3 23 95 10 40 00 71 00 00 ff 00 00 00 00 00 00 00 00 00 ff 00 00 00 00 00 00 00 00 00 ff 00 00 00 00 00 00 00 00 00 ff 00 00 00 00 00 00 00 00 02 00 00
 10834 ms  64 B  05 07 00 3c 1f fb 12 40 00 71 00 07 03 f3 23 95 10 40 00 71 00 04 04 50 21 1c 1c 06 00 0a 00 04 05 23 1e a7 19 06 00 0a 00 00 ff 00 00 00 00 00 00 00 00 00 ff 00 00 00 00 00 00 00 00 04 00 00
 10834 ms  64 B  05 07 00 3c 1f fb 12 40 00 71 00 07 03 f3 23 95 10 40 00 71 00 07 04 50 21 1c 1c 06 00 0a 00 07 05 23 1e a7 19 06 00 0a 00 00 ff 00 00 00 00 00 00 00 00 00 ff 00 00 00 00 00 00 00 00 04 00 00
           … repeated 1×
 10846 ms  64 B  05 07 00 3c 1f 00 13 40 00 71 00 07 03 f5 23 9a 10 40 00 71 00 07 04 50 21 1c 1c 06 00 0a 00 07 05 23 1e a7 19 06 00 0a 00 00 ff 00 00 00 00 00 00 00 00 00 ff 00 00 00 00 00 00 00 00 04 00 00
 10846 ms  64 B  05 07 00 3c 1f 09 13 40 00 71 00 07 03 fa 23 a2 10 40 00 71 00 07 04 50 21 1c 1c 06 00 0a 00 07 05 23 1e a7 19 06 00 0a 00 00 ff 00 00 00 00 00 00 00 00 00 ff 00 00 00 00 00 00 00 00 04 00 00
 10857 ms  64 B  05 07 00 3e 1f 0b 13 40 00 71 00 07 03 fb 23 a4 10 40 00 71 00 07 04 40 21 2a 1c 06 00 0a 00 07 05 30 1e b5 19 06 00 0a 00 00 ff 00 00 00 00 00 00 00 00 00 ff 00 00 00 00 00 00 00 00 04 00 00
 10858 ms  64 B  05 07 00 43 1f 09 13 40 00 71 00 07 03 fa 23 a2 10 40 00 71 00 07 04 26 21 41 1c 06 00 0a 00 07 05 46 1e cd 19 06 00 0a 00 00 ff 00 00 00 00 00 00 00 00 00 ff 00 00 00 00 00 00 00 00 04 00 00
 10870 ms  64 B  05 07 00 44 1f 09 13 40 00 71 00 07 03 fa 23 a2 10 40 00 71 00 07 04 10 21 53 1c 06 00 0a 00 07 05 4a 1e d2 19 06 00 0a 00 00 ff 00 00 00 00 00 00 00 00 00 ff 00 00 00 00 00 00 00 00 04 00 00
 10870 ms  64 B  05 07 00 43 1f 09 13 40 00 71 00 07 03 fa 23 a2 10 40 00 71 00 07 04 f6 20 66 1c 06 00 0a 00 07 05 46 1e cd 19 06 00 0a 00 00 ff 00 00 00 00 00 00 00 00 00 ff 00 00 00 00 00 00 00 00 04 00 00
 10882 ms  64 B  05 07 00 43 1f 0d 13 40 00 71 00 07 03 fa 23 a2 10 40 00 71 00 07 04 d1 20 8b 1c 06 00 0a 00 07 05 46 1e cd 19 06 00 0a 00 00 ff 00 00 00 00 00 00 00 00 00 ff 00 00 00 00 00 00 00 00 04 00 00
 10883 ms  64 B  05 07 00 43 1f 15 13 40 00 71 00 07 03 fa 23 a2 10 40 00 71 00 07 04 a1 20 bf 1c 06 00 0a 00 07 05 46 1e cd 19 06 00 0a 00 00 ff 00 00 00 00 00 00 00 00 00 ff 00 00 00 00 00 00 00 00 04 00 00
 10895 ms  64 B  05 07 00 43 1f 17 13 40 00 71 00 04 01 38 1e 55 1d 06 00 0a 00 07 03 fa 23 a7 10 40 00 71 00 07 04 77 20 ef 1c 06 00 0a 00 04 05 46 1e cd 19 06 00 0a 00 00 ff 00 00 00 00 00 00 00 00 05 00 00
 10896 ms  64 B  05 07 00 43 1f 15 13 40 00 71 00 07 01 38 1e 55 1d 06 00 0a 00 07 03 fa 23 af 10 40 00 71 00 07 04 4d 20 23 1d 06 00 0a 00 00 ff 00 00 00 00 00 00 00 00 00 ff 00 00 00 00 00 00 00 00 04 00 00
 10910 ms  64 B  05 07 00 41 1f 15 13 40 00 71 00 07 01 38 1e 55 1d 06 00 0a 00 07 03 fa 23 b1 10 40 00 71 00 07 04 28 20 4b 1d 06 00 0a 00 00 ff 00 00 00 00 00 00 00 00 00 ff 00 00 00 00 00 00 00 00 04 00 00
 10910 ms  64 B  05 07 00 3c 1f 15 13 40 00 71 00 07 01 38 1e 55 1d 06 00 0a 00 07 03 fa 23 af 10 40 00 71 00 07 04 07 20 6e 1d 06 00 0a 00 00 ff 00 00 00 00 00 00 00 00 00 ff 00 00 00 00 00 00 00 00 04 00 00
 10922 ms  64 B  05 07 00 3b 1f 19 13 40 00 71 00 07 01 38 1e 55 1d 06 00 0a 00 04 02 31 1e a7 19 06 00 0a 00 07 03 fa 23 af 10 40 00 71 00 07 04 eb 1f 8f 1d 06 00 0a 00 00 ff 00 00 00 00 00 00 00 00 05 00 00
 10923 ms  64 B  05 07 00 3c 1f 21 13 40 00 71 00 07 01 38 1e 55 1d 06 00 0a 00 07 02 31 1e a7 19 06 00 0a 00 07 03 fa 23 af 10 40 00 71 00 07 04 d5 1f ad 1d 06 00 0a 00 00 ff 00 00 00 00 00 00 00 00 05 00 00
 10935 ms  64 B  05 07 00 3c 1f 23 13 40 00 71 00 07 01 38 1e 55 1d 06 00 0a 00 07 02 31 1e a7 19 06 00 0a 00 07 03 fc 23 b3 10 40 00 71 00 07 04 c1 1f c3 1d 06 00 0a 00 00 ff 00 00 00 00 00 00 00 00 05 00 00
 10936 ms  64 B  05 07 00 3c 1f 21 13 40 00 71 00 07 01 38 1e 55 1d 06 00 0a 00 07 02 31 1e a7 19 06 00 0a 00 07 03 01 24 bb 10 40 00 71 00 07 04 b2 1f d2 1d 06 00 0a 00 00 ff 00 00 00 00 00 00 00 00 05 00 00
 10949 ms  64 B  05 07 00 3a 1f 26 13 40 00 71 00 07 01 38 1e 55 1d 06 00 0a 00 07 02 31 1e a7 19 06 00 0a 00 07 03 02 24 bd 10 40 00 71 00 07 04 a5 1f e0 1d 06 00 0a 00 00 ff 00 00 00 00 00 00 00 00 05 00 00
 10950 ms  64 B  05 07 00 35 1f 2e 13 40 00 71 00 07 01 38 1e 55 1d 06 00 0a 00 07 02 31 1e a7 19 06 00 0a 00 07 03 01 24 bb 10 40 00 71 00 07 04 9d 1f eb 1d 06 00 0a 00 00 ff 00 00 00 00 00 00 00 00 05 00 00
 10962 ms  64 B  05 07 00 34 1f 30 13 40 00 71 00 07 01 38 1e 55 1d 06 00 0a 00 07 02 31 1e a7 19 06 00 0a 00 07 03 01 24 c0 10 40 00 71 00 07 04 97 1f f3 1d 06 00 0a 00 00 ff 00 00 00 00 00 00 00 00 05 00 00
 10963 ms  64 B  05 07 00 35 1f 2e 13 40 00 71 00 07 01 38 1e 55 1d 06 00 0a 00 07 02 31 1e a7 19 06 00 0a 00 07 03 01 24 c8 10 40 00 71 00 07 04 96 1f f8 1d 06 00 0a 00 00 ff 00 00 00 00 00 00 00 00 05 00 00
 10975 ms  64 B  05 07 00 35 1f 32 13 40 00 71 00 07 01 38 1e 55 1d 06 00 0a 00 07 02 31 1e a7 19 06 00 0a 00 07 03 01 24 ca 10 40 00 71 00 07 04 93 1f fe 1d 06 00 0a 00 00 ff 00 00 00 00 00 00 00 00 05 00 00
 10976 ms  64 B  05 07 00 35 1f 3a 13 40 00 71 00 07 01 38 1e 55 1d 06 00 0a 00 07 02 31 1e a7 19 06 00 0a 00 07 03 01 24 c8 10 40 00 71 00 07 04 8f 1f 04 1e 06 00 0a 00 00 ff 00 00 00 00 00 00 00 00 05 00 00
 10990 ms  64 B  05 07 00 33 1f 3c 13 40 00 71 00 07 01 38 1e 55 1d 06 00 0a 00 07 02 48 1e a3 19 06 00 0a 00 07 03 03 24 c8 10 40 00 71 00 07 04 8e 1f 06 1e 06 00 0a 00 00 ff 00 00 00 00 00 00 00 00 05 00 00
 10991 ms  64 B  05 07 00 2e 1f 3a 13 40 00 71 00 07 01 38 1e 55 1d 06 00 0a 00 07 02 70 1e 9b 19 06 00 0a 00 07 03 08 24 c8 10 40 00 71 00 07 04 8f 1f 04 1e 06 00 0a 00 00 ff 00 00 00 00 00 00 00 00 05 00 00
 11002 ms  64 B  05 07 00 2f 1f 3a 13 40 00 71 00 04 01 38 1e 55 1d 06 00 0a 00 07 02 94 1e 95 19 06 00 0a 00 07 03 09 24 cc 10 40 00 71 00 07 04 91 1f 00 1e 06 00 0a 00 00 ff 00 00 00 00 00 00 00 00 05 00 00
 11003 ms  64 B  05 07 00 35 1f 3a 13 40 00 71 00 07 02 bd 1e 8d 19 06 00 0a 00 07 03 08 24 d4 10 40 00 71 00 07 04 96 1f f8 1d 06 00 0a 00 00 ff 00 00 00 00 00 00 00 00 00 ff 00 00 00 00 00 00 00 00 04 00 00
 11015 ms  64 B  05 07 00 36 1f 3f 13 40 00 71 00 07 02 ce 1e 7f 19 06 00 0a 00 07 03 08 24 d6 10 40 00 71 00 07 04 99 1f f6 1d 06 00 0a 00 00 ff 00 00 00 00 00 00 00 00 00 ff 00 00 00 00 00 00 00 00 04 00 00
 11016 ms  64 B  05 07 00 35 1f 47 13 40 00 71 00 07 02 d2 1e 68 19 06 00 0a 00 07 03 08 24 d4 10 40 00 71 00 07 04 9d 1f f8 1d 06 00 0a 00 00 ff 00 00 00 00 00 00 00 00 00 ff 00 00 00 00 00 00 00 00 04 00 00
 11027 ms  64 B  05 07 00 35 1f 4d 13 40 00 71 00 07 02 d5 1e 52 19 06 00 0a 00 07 03 08 24 d4 10 40 00 71 00 07 04 a0 1f f3 1d 06 00 0a 00 04 05 49 21 ad 1d 06 00 0a 00 00 ff 00 00 00 00 00 00 00 00 05 00 00
 11028 ms  64 B  05 07 00 35 1f 53 13 40 00 71 00 07 02 d2 1e 36 19 06 00 0a 00 07 03 08 24 d4 10 40 00 71 00 07 04 a4 1f eb 1d 06 00 0a 00 07 05 49 21 ad 1d 06 00 0a 00 00 ff 00 00 00 00 00 00 00 00 05 00 00
 11039 ms  64 B  05 07 00 37 1f 55 13 40 00 71 00 07 02 d0 1e 21 19 06 00 0a 00 07 03 08 24 d9 10 40 00 71 00 07 04 a7 1f e5 1d 06 00 0a 00 07 05 49 21 ad 1d 06 00 0a 00 04 06 d2 22 f1 1c 06 00 0a 00 06 00 00
 11040 ms  64 B  05 07 00 3c 1f 53 13 40 00 71 00 07 02 cb 1e 10 19 06 00 0a 00 07 03 08 24 e1 10 40 00 71 00 07 04 ab 1f df 1d 06 00 0a 00 07 05 49 21 ad 1d 06 00 0a 00 07 06 d2 22 f1 1c 06 00 0a 00 06 00 00
 11052 ms  64 B  05 07 00 3d 1f 58 13 40 00 71 00 07 02 c8 1e 02 19 06 00 0a 00 07 03 08 24 e3 10 40 00 71 00 07 04 ae 1f dd 1d 06 00 0a 00 07 05 49 21 ad 1d 06 00 0a 00 07 06 d2 22 f1 1c 06 00 0a 00 06 00 00
 11053 ms  64 B  05 07 00 3c 1f 60 13 40 00 71 00 07 02 c4 1e f7 18 06 00 0a 00 07 03 08 24 e1 10 40 00 71 00 07 04 b2 1f df 1d 06 00 0a 00 07 05 49 21 ad 1d 06 00 0a 00 07 06 d2 22 f1 1c 06 00 0a 00 06 00 00
 11064 ms  64 B  05 07 00 3e 1f 62 13 40 00 71 00 07 02 c3 1e f4 18 06 00 0a 00 07 03 08 24 e1 10 40 00 71 00 07 04 b5 1f da 1d 06 00 0a 00 07 05 49 21 ad 1d 06 00 0a 00 07 06 d2 22 f1 1c 06 00 0a 00 06 00 00
 11065 ms  64 B  05 07 00 43 1f 60 13 40 00 71 00 07 02 c4 1e f7 18 06 00 0a 00 07 03 08 24 e1 10 40 00 71 00 07 04 b9 1f d2 1d 06 00 0a 00 07 05 49 21 ad 1d 06 00 0a 00 07 06 d2 22 f1 1c 06 00 0a 00 06 00 00
 11077 ms  64 B  05 07 00 44 1f 60 13 40 00 71 00 07 02 bf 1e f2 18 06 00 0a 00 07 03 08 24 e1 10 40 00 71 00 07 04 bc 1f cc 1d 06 00 0a 00 07 05 49 21 ad 1d 06 00 0a 00 07 06 d2 22 f1 1c 06 00 0a 00 06 00 00
 11078 ms  64 B  05 07 00 43 1f 60 13 40 00 71 00 07 02 b6 1e ea 18 06 00 0a 00 07 03 08 24 e1 10 40 00 71 00 07 04 c0 1f c6 1d 06 00 0a 00 07 05 49 21 ad 1d 06 00 0a 00 07 06 d2 22 f1 1c 06 00 0a 00 06 00 00
 11089 ms  64 B  05 07 00 43 1f 64 13 40 00 71 00 07 02 b4 1e e8 18 06 00 0a 00 07 03 08 24 e5 10 40 00 71 00 07 04 c3 1f c4 1d 06 00 0a 00 07 05 49 21 ad 1d 06 00 0a 00 07 06 d2 22 f1 1c 06 00 0a 00 06 00 00
 11090 ms  64 B  05 07 00 43 1f 6c 13 40 00 71 00 07 02 b6 1e ea 18 06 00 0a 00 07 03 08 24 ed 10 40 00 71 00 07 04 c7 1f c6 1d 06 00 0a 00 07 05 49 21 ad 1d 06 00 0a 00 07 06 d2 22 f1 1c 06 00 0a 00 06 00 00
 11102 ms  64 B  05 07 00 45 1f 6e 13 40 00 71 00 07 02 b4 1e e6 18 06 00 0a 00 07 03 0a 24 ef 10 40 00 71 00 07 04 c8 1f c6 1d 06 00 0a 00 07 05 49 21 ad 1d 06 00 0a 00 07 06 d2 22 f1 1c 06 00 0a 00 06 00 00
 11103 ms  64 B  05 07 00 4a 1f 6c 13 40 00 71 00 07 02 af 1e de 18 06 00 0a 00 07 03 0f 24 ed 10 40 00 71 00 07 04 c7 1f c6 1d 06 00 0a 00 07 05 49 21 ad 1d 06 00 0a 00 07 06 d2 22 f1 1c 06 00 0a 00 06 00 00
 11114 ms  64 B  05 07 00 4b 1f 6c 13 40 00 71 00 07 02 ac 1e d8 18 06 00 0a 00 07 03 10 24 ed 10 40 00 71 00 07 04 c9 1f c6 1d 06 00 0a 00 07 05 49 21 ad 1d 06 00 0a 00 07 06 d2 22 f1 1c 06 00 0a 00 06 00 00
 11115 ms  64 B  05 07 00 4a 1f 6c 13 40 00 71 00 07 02 a8 1e d2 18 06 00 0a 00 07 03 0f 24 ed 10 40 00 71 00 07 04 ce 1f c6 1d 06 00 0a 00 07 05 49 21 ad 1d 06 00 0a 00 07 06 d2 22 f1 1c 06 00 0a 00 06 00 00
 11127 ms  64 B  05 07 00 4a 1f 6c 13 40 00 71 00 07 02 a7 1e 2a 19 06 00 0a 00 07 03 0f 24 f2 10 40 00 71 00 07 04 d9 1f c6 1d 06 00 0a 00 07 05 49 21 ad 1d 06 00 0a 00 07 06 d2 22 f1 1c 06 00 0a 00 06 00 00
 11128 ms  64 B  05 07 00 4a 1f 6c 13 40 00 71 00 07 02 a8 1e c0 19 06 00 0a 00 07 03 0f 24 fa 10 40 00 71 00 07 04 ea 1f c6 1d 06 00 0a 00 07 05 49 21 ad 1d 06 00 0a 00 07 06 d2 22 f1 1c 06 00 0a 00 06 00 00
 11139 ms  64 B  05 07 00 4a 1f 71 13 40 00 71 00 07 02 ad 1e 4d 1a 06 00 0a 00 07 03 11 24 fc 10 40 00 71 00 07 04 fb 1f c6 1d 06 00 0a 00 07 05 49 21 ad 1d 06 00 0a 00 07 06 d2 22 f1 1c 06 00 0a 00 06 00 00
 11140 ms  64 B  05 07 00 4a 1f 79 13 40 00 71 00 07 02 b6 1e ed 1a 06 00 0a 00 07 03 16 24 fa 10 40 00 71 00 07 04 0e 20 c6 1d 06 00 0a 00 07 05 49 21 ad 1d 06 00 0a 00 07 06 d2 22 f1 1c 06 00 0a 00 06 00 00
 11152 ms  64 B  05 07 00 4c 1f 7b 13 40 00 71 00 07 02 bb 1e 76 1b 06 00 0a 00 07 03 17 24 fa 10 40 00 71 00 07 04 21 20 c6 1d 06 00 0a 00 04 05 49 21 ad 1d 06 00 0a 00 07 06 d2 22 f1 1c 06 00 0a 00 06 00 00
 11153 ms  64 B  05 07 00 51 1f 79 13 40 00 71 00 07 02 bd 1e f5 1b 06 00 0a 00 07 03 16 24 fa 10 40 00 71 00 07 04 38 20 c6 1d 06 00 0a 00 07 06 d2 22 f1 1c 06 00 0a 00 00 ff 00 00 00 00 00 00 00 00 05 00 00
 11164 ms  64 B  05 07 00 52 1f 79 13 40 00 71 00 07 02 c0 1e 5d 1c 06 00 0a 00 07 03 16 24 fa 10 40 00 71 00 07 04 48 20 c6 1d 06 00 0a 00 07 06 d2 22 f1 1c 06 00 0a 00 00 ff 00 00 00 00 00 00 00 00 05 00 00
 11165 ms  64 B  05 07 00 51 1f 79 13 40 00 71 00 07 02 c4 1e b1 1c 06 00 0a 00 07 03 16 24 fa 10 40 00 71 00 07 04 54 20 c6 1d 06 00 0a 00 07 06 d2 22 f1 1c 06 00 0a 00 00 ff 00 00 00 00 00 00 00 00 05 00 00
 11176 ms  64 B  05 07 00 51 1f 7e 13 40 00 71 00 07 02 c5 1e fc 1c 06 00 0a 00 07 03 18 24 fe 10 40 00 71 00 07 04 62 20 c6 1d 06 00 0a 00 07 06 d2 22 f1 1c 06 00 0a 00 00 ff 00 00 00 00 00 00 00 00 05 00 00
 11177 ms  64 B  05 07 00 51 1f 86 13 40 00 71 00 07 02 c4 1e 3c 1d 06 00 0a 00 07 03 1d 24 06 11 40 00 71 00 07 04 70 20 c6 1d 06 00 0a 00 07 06 d2 22 f1 1c 06 00 0a 00 00 ff 00 00 00 00 00 00 00 00 05 00 00
 11189 ms  64 B  05 07 00 53 1f 88 13 40 00 71 00 07 02 c6 1e 73 1d 06 00 0a 00 07 03 1e 24 08 11 40 00 71 00 07 04 79 20 c6 1d 06 00 0a 00 07 06 d2 22 f1 1c 06 00 0a 00 00 ff 00 00 00 00 00 00 00 00 05 00 00
 11190 ms  64 B  05 07 00 58 1f 86 13 40 00 71 00 07 02 cb 1e a0 1d 06 00 0a 00 07 03 1d 24 06 11 40 00 71 00 07 04 7e 20 c6 1d 06 00 0a 00 07 06 d2 22 f1 1c 06 00 0a 00 00 ff 00 00 00 00 00 00 00 00 05 00 00
 11201 ms  64 B  05 07 00 59 1f 86 13 40 00 71 00 07 02 cc 1e bf 1d 06 00 0a 00 07 03 1d 24 0b 11 40 00 71 00 07 04 85 20 c6 1d 06 00 0a 00 07 06 d2 22 f1 1c 06 00 0a 00 00 ff 00 00 00 00 00 00 00 00 05 00 00
 11202 ms  64 B  05 07 00 58 1f 86 13 40 00 71 00 07 02 cb 1e d2 1d 06 00 0a 00 07 03 1d 24 13 11 40 00 71 00 07 04 8c 20 c6 1d 06 00 0a 00 07 06 d2 22 f1 1c 06 00 0a 00 00 ff 00 00 00 00 00 00 00 00 05 00 00
 11214 ms  64 B  05 07 00 5a 1f 86 13 40 00 71 00 07 02 cb 1e e7 1d 06 00 0a 00 07 03 1d 24 15 11 40 00 71 00 07 04 8e 20 c6 1d 06 00 0a 00 07 06 d2 22 f1 1c 06 00 0a 00 00 ff 00 00 00 00 00 00 00 00 05 00 00
 11215 ms  64 B  05 07 00 5f 1f 86 13 40 00 71 00 07 02 cb 1e f8 1d 06 00 0a 00 07 03 1d 24 13 11 40 00 71 00 07 04 8c 20 c6 1d 06 00 0a 00 07 06 d2 22 f1 1c 06 00 0a 00 00 ff 00 00 00 00 00 00 00 00 05 00 00
 11226 ms  64 B  05 07 00 60 1f 86 13 40 00 71 00 07 02 cb 1e fd 1d 06 00 0a 00 07 03 1f 24 13 11 40 00 71 00 07 04 8e 20 ca 1d 06 00 0a 00 04 06 d2 22 f1 1c 06 00 0a 00 00 ff 00 00 00 00 00 00 00 00 05 00 00
 11227 ms  64 B  05 07 00 5f 1f 86 13 40 00 71 00 07 02 cb 1e f8 1d 06 00 0a 00 07 03 24 24 13 11 40 00 71 00 07 04 93 20 d2 1d 06 00 0a 00 00 ff 00 00 00 00 00 00 00 00 00 ff 00 00 00 00 00 00 00 00 04 00 00
 11239 ms  64 B  05 07 00 5f 1f 86 13 40 00 71 00 04 01 23 1e a7 19 06 00 0a 00 07 02 cb 1e f8 1d 06 00 0a 00 07 03 25 24 13 11 40 00 71 00 07 04 94 20 d4 1d 06 00 0a 00 00 ff 00 00 00 00 00 00 00 00 05 00 00
 11240 ms  64 B  05 07 00 5f 1f 86 13 40 00 71 00 07 01 23 1e a7 19 06 00 0a 00 07 02 cb 1e f8 1d 06 00 0a 00 07 03 24 24 13 11 40 00 71 00 07 04 93 20 d2 1d 06 00 0a 00 00 ff 00 00 00 00 00 00 00 00 05 00 00
 11251 ms  64 B  05 07 00 61 1f 8a 13 40 00 71 00 07 01 23 1e a7 19 06 00 0a 00 07 02 cb 1e ee 1d 06 00 0a 00 07 03 24 24 13 11 40 00 71 00 07 04 93 20 d2 1d 06 00 0a 00 00 ff 00 00 00 00 00 00 00 00 05 00 00
 11252 ms  64 B  05 07 00 65 1f 92 13 40 00 71 00 07 01 23 1e a7 19 06 00 0a 00 07 02 cb 1e df 1d 06 00 0a 00 07 03 24 24 13 11 40 00 71 00 07 04 93 20 d2 1d 06 00 0a 00 00 ff 00 00 00 00 00 00 00 00 05 00 00
 11263 ms  64 B  05 07 00 66 1f 94 13 40 00 71 00 07 01 23 1e a7 19 06 00 0a 00 07 02 cb 1e d7 1d 06 00 0a 00 07 03 24 24 18 11 40 00 71 00 07 04 91 20 d2 1d 06 00 0a 00 00 ff 00 00 00 00 00 00 00 00 05 00 00
 11264 ms  64 B  05 07 00 65 1f 92 13 40 00 71 00 07 01 23 1e a7 19 06 00 0a 00 07 02 cb 1e d2 1d 06 00 0a 00 07 03 24 24 20 11 40 00 71 00 07 04 8c 20 d2 1d 06 00 0a 00 00 ff 00 00 00 00 00 00 00 00 05 00 00
 11274 ms  64 B  05 07 00 65 1f 92 13 40 00 71 00 04 01 23 1e a7 19 06 00 0a 00 07 02 cb 1e c8 1d 06 00 0a 00 07 03 24 24 22 11 40 00 71 00 07 04 8b 20 d2 1d 06 00 0a 00 00 ff 00 00 00 00 00 00 00 00 05 00 00
 11275 ms  64 B  05 07 00 65 1f 92 13 40 00 71 00 07 02 cb 1e ba 1d 06 00 0a 00 07 03 24 24 20 11 40 00 71 00 07 04 8c 20 d2 1d 06 00 0a 00 00 ff 00 00 00 00 00 00 00 00 00 ff 00 00 00 00 00 00 00 00 04 00 00
 11285 ms  64 B  05 07 00 65 1f 92 13 40 00 71 00 07 02 cb 1e b7 1d 06 00 0a 00 07 03 24 24 20 11 40 00 71 00 07 04 8c 20 d2 1d 06 00 0a 00 00 ff 00 00 00 00 00 00 00 00 00 ff 00 00 00 00 00 00 00 00 04 00 00
           … repeated 1×
 11287 ms  64 B  05 07 00 65 1f 92 13 40 00 71 00 07 02 cb 1e ba 1d 06 00 0a 00 07 03 24 24 20 11 40 00 71 00 07 04 8c 20 d2 1d 06 00 0a 00 00 ff 00 00 00 00 00 00 00 00 00 ff 00 00 00 00 00 00 00 00 04 00 00
           … repeated 3×
 11307 ms  64 B  05 07 00 65 1f 92 13 40 00 71 00 04 02 cb 1e ba 1d 06 00 0a 00 07 03 24 24 20 11 40 00 71 00 04 04 8c 20 d2 1d 06 00 0a 00 00 ff 00 00 00 00 00 00 00 00 00 ff 00 00 00 00 00 00 00 00 04 00 00
 11308 ms  64 B  05 07 00 65 1f 92 13 40 00 71 00 07 03 24 24 20 11 40 00 71 00 00 ff 00 00 00 00 00 00 00 00 00 ff 00 00 00 00 00 00 00 00 00 ff 00 00 00 00 00 00 00 00 00 ff 00 00 00 00 00 00 00 00 02 00 00
           … repeated 4×
 11323 ms  64 B  05 07 00 67 1f 92 13 40 00 71 00 07 03 24 24 20 11 40 00 71 00 00 ff 00 00 00 00 00 00 00 00 00 ff 00 00 00 00 00 00 00 00 00 ff 00 00 00 00 00 00 00 00 00 ff 00 00 00 00 00 00 00 00 02 00 00
 11324 ms  64 B  05 07 00 69 1f 92 13 40 00 71 00 07 03 24 24 20 11 40 00 71 00 00 ff 00 00 00 00 00 00 00 00 00 ff 00 00 00 00 00 00 00 00 00 ff 00 00 00 00 00 00 00 00 00 ff 00 00 00 00 00 00 00 00 02 00 00
 11325 ms  64 B  05 07 00 6c 1f 92 13 40 00 71 00 07 03 24 24 20 11 40 00 71 00 00 ff 00 00 00 00 00 00 00 00 00 ff 00 00 00 00 00 00 00 00 00 ff 00 00 00 00 00 00 00 00 00 ff 00 00 00 00 00 00 00 00 02 00 00
 11330 ms  64 B  05 07 00 6d 1f 90 13 40 00 71 00 07 03 24 24 20 11 40 00 71 00 00 ff 00 00 00 00 00 00 00 00 00 ff 00 00 00 00 00 00 00 00 00 ff 00 00 00 00 00 00 00 00 00 ff 00 00 00 00 00 00 00 00 02 00 00
 11331 ms  64 B  05 07 00 6d 1f 8c 13 40 00 71 00 07 03 24 24 20 11 40 00 71 00 00 ff 00 00 00 00 00 00 00 00 00 ff 00 00 00 00 00 00 00 00 00 ff 00 00 00 00 00 00 00 00 00 ff 00 00 00 00 00 00 00 00 02 00 00
 11332 ms  64 B  05 07 00 6c 1f 86 13 40 00 71 00 07 03 24 24 20 11 40 00 71 00 00 ff 00 00 00 00 00 00 00 00 00 ff 00 00 00 00 00 00 00 00 00 ff 00 00 00 00 00 00 00 00 00 ff 00 00 00 00 00 00 00 00 02 00 00
 11338 ms  64 B  05 07 00 6f 1f 84 13 40 00 71 00 07 03 26 24 20 11 40 00 71 00 00 ff 00 00 00 00 00 00 00 00 00 ff 00 00 00 00 00 00 00 00 00 ff 00 00 00 00 00 00 00 00 00 ff 00 00 00 00 00 00 00 00 02 00 00
 11339 ms  64 B  05 07 00 74 1f 84 13 40 00 71 00 07 03 28 24 20 11 40 00 71 00 00 ff 00 00 00 00 00 00 00 00 00 ff 00 00 00 00 00 00 00 00 00 ff 00 00 00 00 00 00 00 00 00 ff 00 00 00 00 00 00 00 00 02 00 00
 11340 ms  64 B  05 07 00 7a 1f 86 13 40 00 71 00 07 03 2b 24 20 11 40 00 71 00 00 ff 00 00 00 00 00 00 00 00 00 ff 00 00 00 00 00 00 00 00 00 ff 00 00 00 00 00 00 00 00 00 ff 00 00 00 00 00 00 00 00 02 00 00
 11352 ms  64 B  05 07 00 7e 1f 84 13 40 00 71 00 07 03 2d 24 22 11 40 00 71 00 00 ff 00 00 00 00 00 00 00 00 00 ff 00 00 00 00 00 00 00 00 00 ff 00 00 00 00 00 00 00 00 00 ff 00 00 00 00 00 00 00 00 02 00 00
 11353 ms  64 B  05 07 00 83 1f 80 13 40 00 71 00 07 03 2f 24 26 11 40 00 71 00 00 ff 00 00 00 00 00 00 00 00 00 ff 00 00 00 00 00 00 00 00 00 ff 00 00 00 00 00 00 00 00 00 ff 00 00 00 00 00 00 00 00 02 00 00
 11354 ms  64 B  05 07 00 89 1f 7a 13 40 00 71 00 07 03 32 24 2c 11 40 00 71 00 00 ff 00 00 00 00 00 00 00 00 00 ff 00 00 00 00 00 00 00 00 00 ff 00 00 00 00 00 00 00 00 00 ff 00 00 00 00 00 00 00 00 02 00 00
 11363 ms  64 B  05 07 00 94 1f 77 13 40 00 71 00 07 03 3a 24 38 11 40 00 71 00 00 ff 00 00 00 00 00 00 00 00 00 ff 00 00 00 00 00 00 00 00 00 ff 00 00 00 00 00 00 00 00 00 ff 00 00 00 00 00 00 00 00 02 00 00
 11364 ms  64 B  05 07 00 a1 1f 72 13 40 00 71 00 07 03 46 24 49 11 40 00 71 00 00 ff 00 00 00 00 00 00 00 00 00 ff 00 00 00 00 00 00 00 00 00 ff 00 00 00 00 00 00 00 00 00 ff 00 00 00 00 00 00 00 00 02 00 00
 11365 ms  64 B  05 07 00 b3 1f 6c 13 40 00 71 00 07 03 55 24 5e 11 40 00 71 00 00 ff 00 00 00 00 00 00 00 00 00 ff 00 00 00 00 00 00 00 00 00 ff 00 00 00 00 00 00 00 00 00 ff 00 00 00 00 00 00 00 00 02 00 00
 11370 ms  64 B  05 07 00 b8 1f 6a 13 40 00 71 00 07 03 59 24 64 11 40 00 71 00 00 ff 00 00 00 00 00 00 00 00 00 ff 00 00 00 00 00 00 00 00 00 ff 00 00 00 00 00 00 00 00 00 ff 00 00 00 00 00 00 00 00 02 00 00
           … repeated 1×
 11372 ms  64 B  05 07 00 b3 1f 6c 13 40 00 71 00 07 03 55 24 5e 11 40 00 71 00 00 ff 00 00 00 00 00 00 00 00 00 ff 00 00 00 00 00 00 00 00 00 ff 00 00 00 00 00 00 00 00 00 ff 00 00 00 00 00 00 00 00 02 00 00
           … repeated 3×
 11384 ms  64 B  05 04 00 b3 1f 6c 13 40 00 71 00 04 03 55 24 5e 11 40 00 71 00 00 ff 00 00 00 00 00 00 00 00 00 ff 00 00 00 00 00 00 00 00 00 ff 00 00 00 00 00 00 00 00 00 ff 00 00 00 00 00 00 00 00 02 00 00
 13424 ms  64 B  05 04 00 68 1c d6 1c 40 00 71 00 00 ff 00 00 00 00 00 00 00 00 00 ff 00 00 00 00 00 00 00 00 00 ff 00 00 00 00 00 00 00 00 00 ff 00 00 00 00 00 00 00 00 00 ff 00 00 00 00 00 00 00 00 01 00 00
 13424 ms  64 B  05 07 00 68 1c d6 1c 40 00 71 00 00 ff 00 00 00 00 00 00 00 00 00 ff 00 00 00 00 00 00 00 00 00 ff 00 00 00 00 00 00 00 00 00 ff 00 00 00 00 00 00 00 00 00 ff 00 00 00 00 00 00 00 00 01 00 00
           … repeated 28×
 13501 ms  64 B  05 07 00 68 1c d6 1c 40 00 71 00 04 01 5a 1c 47 1d 40 00 71 00 00 ff 00 00 00 00 00 00 00 00 00 ff 00 00 00 00 00 00 00 00 00 ff 00 00 00 00 00 00 00 00 00 ff 00 00 00 00 00 00 00 00 02 00 00
 13502 ms  64 B  05 07 00 68 1c d6 1c 40 00 71 00 07 01 5a 1c 47 1d 40 00 71 00 00 ff 00 00 00 00 00 00 00 00 00 ff 00 00 00 00 00 00 00 00 00 ff 00 00 00 00 00 00 00 00 00 ff 00 00 00 00 00 00 00 00 02 00 00
           … repeated 49×
 13744 ms  64 B  05 07 00 6e 1c 45 1c 40 00 71 00 07 01 5a 1c 47 1d 40 00 71 00 00 ff 00 00 00 00 00 00 00 00 00 ff 00 00 00 00 00 00 00 00 00 ff 00 00 00 00 00 00 00 00 00 ff 00 00 00 00 00 00 00 00 02 00 00
 13744 ms  64 B  05 07 00 78 1c 6c 1b 40 00 71 00 07 01 5a 1c 47 1d 40 00 71 00 00 ff 00 00 00 00 00 00 00 00 00 ff 00 00 00 00 00 00 00 00 00 ff 00 00 00 00 00 00 00 00 00 ff 00 00 00 00 00 00 00 00 02 00 00
 13745 ms  64 B  05 07 00 85 1c 4a 1a 40 00 71 00 07 01 5a 1c 47 1d 40 00 71 00 00 ff 00 00 00 00 00 00 00 00 00 ff 00 00 00 00 00 00 00 00 00 ff 00 00 00 00 00 00 00 00 00 ff 00 00 00 00 00 00 00 00 02 00 00
 13761 ms  64 B  05 07 00 89 1c ff 19 40 00 71 00 07 01 5a 1c 47 1d 40 00 71 00 00 ff 00 00 00 00 00 00 00 00 00 ff 00 00 00 00 00 00 00 00 00 ff 00 00 00 00 00 00 00 00 00 ff 00 00 00 00 00 00 00 00 02 00 00
 13761 ms  64 B  05 07 00 88 1c fa 19 40 00 71 00 07 01 5a 1c 47 1d 40 00 71 00 00 ff 00 00 00 00 00 00 00 00 00 ff 00 00 00 00 00 00 00 00 00 ff 00 00 00 00 00 00 00 00 00 ff 00 00 00 00 00 00 00 00 02 00 00
 13762 ms  64 B  05 07 00 85 1c 3d 1a 40 00 71 00 07 01 5a 1c 47 1d 40 00 71 00 00 ff 00 00 00 00 00 00 00 00 00 ff 00 00 00 00 00 00 00 00 00 ff 00 00 00 00 00 00 00 00 00 ff 00 00 00 00 00 00 00 00 02 00 00
 13778 ms  64 B  05 07 00 85 1c 39 1a 40 00 71 00 07 01 5a 1c 47 1d 40 00 71 00 00 ff 00 00 00 00 00 00 00 00 00 ff 00 00 00 00 00 00 00 00 00 ff 00 00 00 00 00 00 00 00 00 ff 00 00 00 00 00 00 00 00 02 00 00
 13778 ms  64 B  05 07 00 85 1c 35 1a 40 00 71 00 07 01 5a 1c 47 1d 40 00 71 00 00 ff 00 00 00 00 00 00 00 00 00 ff 00 00 00 00 00 00 00 00 00 ff 00 00 00 00 00 00 00 00 00 ff 00 00 00 00 00 00 00 00 02 00 00
 13779 ms  64 B  05 07 00 85 1c 30 1a 40 00 71 00 07 01 5a 1c 47 1d 40 00 71 00 00 ff 00 00 00 00 00 00 00 00 00 ff 00 00 00 00 00 00 00 00 00 ff 00 00 00 00 00 00 00 00 00 ff 00 00 00 00 00 00 00 00 02 00 00
 13794 ms  64 B  05 07 00 85 1c 2b 1a 40 00 71 00 07 01 5a 1c 47 1d 40 00 71 00 00 ff 00 00 00 00 00 00 00 00 00 ff 00 00 00 00 00 00 00 00 00 ff 00 00 00 00 00 00 00 00 00 ff 00 00 00 00 00 00 00 00 02 00 00
 13795 ms  64 B  05 07 00 85 1c 28 1a 40 00 71 00 07 01 5a 1c 47 1d 40 00 71 00 00 ff 00 00 00 00 00 00 00 00 00 ff 00 00 00 00 00 00 00 00 00 ff 00 00 00 00 00 00 00 00 00 ff 00 00 00 00 00 00 00 00 02 00 00
 13796 ms  64 B  05 07 00 85 1c 24 1a 40 00 71 00 07 01 5a 1c 47 1d 40 00 71 00 00 ff 00 00 00 00 00 00 00 00 00 ff 00 00 00 00 00 00 00 00 00 ff 00 00 00 00 00 00 00 00 00 ff 00 00 00 00 00 00 00 00 02 00 00
 13811 ms  64 B  05 07 00 85 1c 22 1a 40 00 71 00 07 01 5a 1c 47 1d 40 00 71 00 00 ff 00 00 00 00 00 00 00 00 00 ff 00 00 00 00 00 00 00 00 00 ff 00 00 00 00 00 00 00 00 00 ff 00 00 00 00 00 00 00 00 02 00 00
           … repeated 1×
 13812 ms  64 B  05 07 00 85 1c 24 1a 40 00 71 00 07 01 5a 1c 47 1d 40 00 71 00 00 ff 00 00 00 00 00 00 00 00 00 ff 00 00 00 00 00 00 00 00 00 ff 00 00 00 00 00 00 00 00 00 ff 00 00 00 00 00 00 00 00 02 00 00
 13828 ms  64 B  05 07 00 85 1c 24 1a 40 00 71 00 07 01 5c 1c 31 1d 40 00 71 00 00 ff 00 00 00 00 00 00 00 00 00 ff 00 00 00 00 00 00 00 00 00 ff 00 00 00 00 00 00 00 00 00 ff 00 00 00 00 00 00 00 00 02 00 00
 13828 ms  64 B  05 07 00 85 1c 24 1a 40 00 71 00 07 01 5e 1c 10 1d 40 00 71 00 00 ff 00 00 00 00 00 00 00 00 00 ff 00 00 00 00 00 00 00 00 00 ff 00 00 00 00 00 00 00 00 00 ff 00 00 00 00 00 00 00 00 02 00 00
 13829 ms  64 B  05 07 00 85 1c 24 1a 40 00 71 00 07 01 61 1c e3 1c 40 00 71 00 00 ff 00 00 00 00 00 00 00 00 00 ff 00 00 00 00 00 00 00 00 00 ff 00 00 00 00 00 00 00 00 00 ff 00 00 00 00 00 00 00 00 02 00 00
 13845 ms  64 B  05 07 00 85 1c 21 1a 40 00 71 00 07 01 63 1c d5 1c 40 00 71 00 00 ff 00 00 00 00 00 00 00 00 00 ff 00 00 00 00 00 00 00 00 00 ff 00 00 00 00 00 00 00 00 00 ff 00 00 00 00 00 00 00 00 02 00 00
 13845 ms  64 B  05 07 00 85 1c 1c 1a 40 00 71 00 07 01 65 1c d0 1c 40 00 71 00 00 ff 00 00 00 00 00 00 00 00 00 ff 00 00 00 00 00 00 00 00 00 ff 00 00 00 00 00 00 00 00 00 ff 00 00 00 00 00 00 00 00 02 00 00
 13846 ms  64 B  05 07 00 85 1c 17 1a 40 00 71 00 07 01 68 1c d6 1c 40 00 71 00 00 ff 00 00 00 00 00 00 00 00 00 ff 00 00 00 00 00 00 00 00 00 ff 00 00 00 00 00 00 00 00 00 ff 00 00 00 00 00 00 00 00 02 00 00
 13862 ms  64 B  05 07 00 85 1c 15 1a 40 00 71 00 07 01 6a 1c d4 1c 40 00 71 00 00 ff 00 00 00 00 00 00 00 00 00 ff 00 00 00 00 00 00 00 00 00 ff 00 00 00 00 00 00 00 00 00 ff 00 00 00 00 00 00 00 00 02 00 00
 13862 ms  64 B  05 07 00 85 1c 16 1a 40 00 71 00 07 01 6c 1c d5 1c 40 00 71 00 00 ff 00 00 00 00 00 00 00 00 00 ff 00 00 00 00 00 00 00 00 00 ff 00 00 00 00 00 00 00 00 00 ff 00 00 00 00 00 00 00 00 02 00 00
 13863 ms  64 B  05 07 00 85 1c 17 1a 40 00 71 00 07 01 6f 1c d6 1c 40 00 71 00 00 ff 00 00 00 00 00 00 00 00 00 ff 00 00 00 00 00 00 00 00 00 ff 00 00 00 00 00 00 00 00 00 ff 00 00 00 00 00 00 00 00 02 00 00
 13879 ms  64 B  05 07 00 85 1c 1a 1a 40 00 71 00 07 01 73 1c d6 1c 40 00 71 00 00 ff 00 00 00 00 00 00 00 00 00 ff 00 00 00 00 00 00 00 00 00 ff 00 00 00 00 00 00 00 00 00 ff 00 00 00 00 00 00 00 00 02 00 00
 13879 ms  64 B  05 07 00 85 1c 1f 1a 40 00 71 00 07 01 78 1c d6 1c 40 00 71 00 00 ff 00 00 00 00 00 00 00 00 00 ff 00 00 00 00 00 00 00 00 00 ff 00 00 00 00 00 00 00 00 00 ff 00 00 00 00 00 00 00 00 02 00 00
 13880 ms  64 B  05 07 00 85 1c 24 1a 40 00 71 00 07 01 7e 1c d6 1c 40 00 71 00 00 ff 00 00 00 00 00 00 00 00 00 ff 00 00 00 00 00 00 00 00 00 ff 00 00 00 00 00 00 00 00 00 ff 00 00 00 00 00 00 00 00 02 00 00
 13895 ms  64 B  05 07 00 85 1c 26 1a 40 00 71 00 07 01 81 1c d6 1c 40 00 71 00 00 ff 00 00 00 00 00 00 00 00 00 ff 00 00 00 00 00 00 00 00 00 ff 00 00 00 00 00 00 00 00 00 ff 00 00 00 00 00 00 00 00 02 00 00
 13896 ms  64 B  05 07 00 85 1c 25 1a 40 00 71 00 07 01 83 1c d6 1c 40 00 71 00 00 ff 00 00 00 00 00 00 00 00 00 ff 00 00 00 00 00 00 00 00 00 ff 00 00 00 00 00 00 00 00 00 ff 00 00 00 00 00 00 00 00 02 00 00
 13897 ms  64 B  05 07 00 85 1c 24 1a 40 00 71 00 07 01 85 1c d6 1c 40 00 71 00 00 ff 00 00 00 00 00 00 00 00 00 ff 00 00 00 00 00 00 00 00 00 ff 00 00 00 00 00 00 00 00 00 ff 00 00 00 00 00 00 00 00 02 00 00
 13913 ms  64 B  05 07 00 85 1c 24 1a 40 00 71 00 07 01 86 1c d6 1c 40 00 71 00 00 ff 00 00 00 00 00 00 00 00 00 ff 00 00 00 00 00 00 00 00 00 ff 00 00 00 00 00 00 00 00 00 ff 00 00 00 00 00 00 00 00 02 00 00
           … repeated 1×
 13914 ms  64 B  05 07 00 85 1c 24 1a 40 00 71 00 07 01 85 1c d6 1c 40 00 71 00 00 ff 00 00 00 00 00 00 00 00 00 ff 00 00 00 00 00 00 00 00 00 ff 00 00 00 00 00 00 00 00 00 ff 00 00 00 00 00 00 00 00 02 00 00
 13929 ms  64 B  05 07 00 85 1c 24 1a 40 00 71 00 07 01 87 1c d6 1c 40 00 71 00 00 ff 00 00 00 00 00 00 00 00 00 ff 00 00 00 00 00 00 00 00 00 ff 00 00 00 00 00 00 00 00 00 ff 00 00 00 00 00 00 00 00 02 00 00
 13929 ms  64 B  05 07 00 85 1c 24 1a 40 00 71 00 07 01 89 1c d6 1c 40 00 71 00 00 ff 00 00 00 00 00 00 00 00 00 ff 00 00 00 00 00 00 00 00 00 ff 00 00 00 00 00 00 00 00 00 ff 00 00 00 00 00 00 00 00 02 00 00
 13930 ms  64 B  05 07 00 85 1c 24 1a 40 00 71 00 07 01 8c 1c d6 1c 40 00 71 00 00 ff 00 00 00 00 00 00 00 00 00 ff 00 00 00 00 00 00 00 00 00 ff 00 00 00 00 00 00 00 00 00 ff 00 00 00 00 00 00 00 00 02 00 00
 13947 ms  64 B  05 07 00 87 1c 2a 1a 40 00 71 00 07 01 8d 1c d6 1c 40 00 71 00 00 ff 00 00 00 00 00 00 00 00 00 ff 00 00 00 00 00 00 00 00 00 ff 00 00 00 00 00 00 00 00 00 ff 00 00 00 00 00 00 00 00 02 00 00
 13947 ms  64 B  05 07 00 89 1c 32 1a 40 00 71 00 07 01 8d 1c d6 1c 40 00 71 00 00 ff 00 00 00 00 00 00 00 00 00 ff 00 00 00 00 00 00 00 00 00 ff 00 00 00 00 00 00 00 00 00 ff 00 00 00 00 00 00 00 00 02 00 00
 13948 ms  64 B  05 07 00 8c 1c 3d 1a 40 00 71 00 07 01 8c 1c d6 1c 40 00 71 00 00 ff 00 00 00 00 00 00 00 00 00 ff 00 00 00 00 00 00 00 00 00 ff 00 00 00 00 00 00 00 00 00 ff 00 00 00 00 00 00 00 00 02 00 00
 13964 ms  64 B  05 07 00 8d 1c 40 1a 40 00 71 00 07 01 8c 1c d9 1c 40 00 71 00 00 ff 00 00 00 00 00 00 00 00 00 ff 00 00 00 00 00 00 00 00 00 ff 00 00 00 00 00 00 00 00 00 ff 00 00 00 00 00 00 00 00 02 00 00
 13964 ms  64 B  05 07 00 8d 1c 40 1a 40 00 71 00 07 01 8c 1c de 1c 40 00 71 00 00 ff 00 00 00 00 00 00 00 00 00 ff 00 00 00 00 00 00 00 00 00 ff 00 00 00 00 00 00 00 00 00 ff 00 00 00 00 00 00 00 00 02 00 00
 13965 ms  64 B  05 07 00 8c 1c 3d 1a 40 00 71 00 07 01 8c 1c e3 1c 40 00 71 00 00 ff 00 00 00 00 00 00 00 00 00 ff 00 00 00 00 00 00 00 00 00 ff 00 00 00 00 00 00 00 00 00 ff 00 00 00 00 00 00 00 00 02 00 00
 13981 ms  64 B  05 07 00 8e 1c 3d 1a 40 00 71 00 07 01 8c 1c e5 1c 40 00 71 00 00 ff 00 00 00 00 00 00 00 00 00 ff 00 00 00 00 00 00 00 00 00 ff 00 00 00 00 00 00 00 00 00 ff 00 00 00 00 00 00 00 00 02 00 00
 13981 ms  64 B  05 07 00 90 1c 3d 1a 40 00 71 00 07 01 8c 1c e4 1c 40 00 71 00 00 ff 00 00 00 00 00 00 00 00 00 ff 00 00 00 00 00 00 00 00 00 ff 00 00 00 00 00 00 00 00 00 ff 00 00 00 00 00 00 00 00 02 00 00
 13982 ms  64 B  05 07 00 93 1c 3d 1a 40 00 71 00 07 01 8c 1c e3 1c 40 00 71 00 00 ff 00 00 00 00 00 00 00 00 00 ff 00 00 00 00 00 00 00 00 00 ff 00 00 00 00 00 00 00 00 00 ff 00 00 00 00 00 00 00 00 02 00 00
 14001 ms  64 B  05 07 00 94 1c 43 1a 40 00 71 00 07 01 8c 1c e3 1c 40 00 71 00 00 ff 00 00 00 00 00 00 00 00 00 ff 00 00 00 00 00 00 00 00 00 ff 00 00 00 00 00 00 00 00 00 ff 00 00 00 00 00 00 00 00 02 00 00
 14001 ms  64 B  05 07 00 94 1c 4c 1a 40 00 71 00 07 01 8c 1c e3 1c 40 00 71 00 00 ff 00 00 00 00 00 00 00 00 00 ff 00 00 00 00 00 00 00 00 00 ff 00 00 00 00 00 00 00 00 00 ff 00 00 00 00 00 00 00 00 02 00 00
 14002 ms  64 B  05 07 00 93 1c 57 1a 40 00 71 00 07 01 8c 1c e3 1c 40 00 71 00 00 ff 00 00 00 00 00 00 00 00 00 ff 00 00 00 00 00 00 00 00 00 ff 00 00 00 00 00 00 00 00 00 ff 00 00 00 00 00 00 00 00 02 00 00
 14018 ms  64 B  05 07 00 93 1c 5a 1a 40 00 71 00 07 01 8c 1c e3 1c 40 00 71 00 00 ff 00 00 00 00 00 00 00 00 00 ff 00 00 00 00 00 00 00 00 00 ff 00 00 00 00 00 00 00 00 00 ff 00 00 00 00 00 00 00 00 02 00 00
           … repeated 1×
 14019 ms  64 B  05 07 00 93 1c 57 1a 40 00 71 00 07 01 8c 1c e3 1c 40 00 71 00 00 ff 00 00 00 00 00 00 00 00 00 ff 00 00 00 00 00 00 00 00 00 ff 00 00 00 00 00 00 00 00 00 ff 00 00 00 00 00 00 00 00 02 00 00
           … repeated 3×
 14052 ms  64 B  05 07 00 93 1c 54 1a 40 00 71 00 07 01 8c 1c e3 1c 40 00 71 00 00 ff 00 00 00 00 00 00 00 00 00 ff 00 00 00 00 00 00 00 00 00 ff 00 00 00 00 00 00 00 00 00 ff 00 00 00 00 00 00 00 00 02 00 00
 14052 ms  64 B  05 07 00 93 1c 4f 1a 40 00 71 00 07 01 8c 1c e3 1c 40 00 71 00 00 ff 00 00 00 00 00 00 00 00 00 ff 00 00 00 00 00 00 00 00 00 ff 00 00 00 00 00 00 00 00 00 ff 00 00 00 00 00 00 00 00 02 00 00
 14053 ms  64 B  05 07 00 93 1c 4a 1a 40 00 71 00 07 01 8c 1c e3 1c 40 00 71 00 00 ff 00 00 00 00 00 00 00 00 00 ff 00 00 00 00 00 00 00 00 00 ff 00 00 00 00 00 00 00 00 00 ff 00 00 00 00 00 00 00 00 02 00 00
 14070 ms  64 B  05 07 00 91 1c 46 1a 40 00 71 00 07 01 8c 1c e3 1c 40 00 71 00 00 ff 00 00 00 00 00 00 00 00 00 ff 00 00 00 00 00 00 00 00 00 ff 00 00 00 00 00 00 00 00 00 ff 00 00 00 00 00 00 00 00 02 00 00
 14070 ms  64 B  05 07 00 8f 1c 42 1a 40 00 71 00 07 01 8c 1c e3 1c 40 00 71 00 00 ff 00 00 00 00 00 00 00 00 00 ff 00 00 00 00 00 00 00 00 00 ff 00 00 00 00 00 00 00 00 00 ff 00 00 00 00 00 00 00 00 02 00 00
 14071 ms  64 B  05 07 00 8c 1c 3d 1a 40 00 71 00 07 01 8c 1c e3 1c 40 00 71 00 00 ff 00 00 00 00 00 00 00 00 00 ff 00 00 00 00 00 00 00 00 00 ff 00 00 00 00 00 00 00 00 00 ff 00 00 00 00 00 00 00 00 02 00 00
 14087 ms  64 B  05 07 00 8b 1c 3b 1a 40 00 71 00 07 01 8c 1c e3 1c 40 00 71 00 00 ff 00 00 00 00 00 00 00 00 00 ff 00 00 00 00 00 00 00 00 00 ff 00 00 00 00 00 00 00 00 00 ff 00 00 00 00 00 00 00 00 02 00 00
 14087 ms  64 B  05 07 00 8b 1c 3c 1a 40 00 71 00 07 01 8c 1c e3 1c 40 00 71 00 00 ff 00 00 00 00 00 00 00 00 00 ff 00 00 00 00 00 00 00 00 00 ff 00 00 00 00 00 00 00 00 00 ff 00 00 00 00 00 00 00 00 02 00 00
 14088 ms  64 B  05 07 00 8c 1c 3d 1a 40 00 71 00 07 01 8c 1c e3 1c 40 00 71 00 00 ff 00 00 00 00 00 00 00 00 00 ff 00 00 00 00 00 00 00 00 00 ff 00 00 00 00 00 00 00 00 00 ff 00 00 00 00 00 00 00 00 02 00 00
 14103 ms  64 B  05 07 00 8a 1c 3a 1a 40 00 71 00 07 01 8c 1c e5 1c 40 00 71 00 00 ff 00 00 00 00 00 00 00 00 00 ff 00 00 00 00 00 00 00 00 00 ff 00 00 00 00 00 00 00 00 00 ff 00 00 00 00 00 00 00 00 02 00 00
 14104 ms  64 B  05 07 00 88 1c 35 1a 40 00 71 00 07 01 8c 1c e9 1c 40 00 71 00 00 ff 00 00 00 00 00 00 00 00 00 ff 00 00 00 00 00 00 00 00 00 ff 00 00 00 00 00 00 00 00 00 ff 00 00 00 00 00 00 00 00 02 00 00
 14105 ms  64 B  05 07 00 85 1c 30 1a 40 00 71 00 07 01 8c 1c ef 1c 40 00 71 00 00 ff 00 00 00 00 00 00 00 00 00 ff 00 00 00 00 00 00 00 00 00 ff 00 00 00 00 00 00 00 00 00 ff 00 00 00 00 00 00 00 00 02 00 00
 14121 ms  64 B  05 07 00 83 1c 2b 1a 40 00 71 00 07 01 8c 1c f1 1c 40 00 71 00 00 ff 00 00 00 00 00 00 00 00 00 ff 00 00 00 00 00 00 00 00 00 ff 00 00 00 00 00 00 00 00 00 ff 00 00 00 00 00 00 00 00 02 00 00
 14121 ms  64 B  05 07 00 81 1c 28 1a 40 00 71 00 07 01 8c 1c f1 1c 40 00 71 00 00 ff 00 00 00 00 00 00 00 00 00 ff 00 00 00 00 00 00 00 00 00 ff 00 00 00 00 00 00 00 00 00 ff 00 00 00 00 00 00 00 00 02 00 00
 14122 ms  64 B  05 07 00 7e 1c 24 1a 40 00 71 00 07 01 8c 1c ef 1c 40 00 71 00 00 ff 00 00 00 00 00 00 00 00 00 ff 00 00 00 00 00 00 00 00 00 ff 00 00 00 00 00 00 00 00 00 ff 00 00 00 00 00 00 00 00 02 00 00
 14136 ms  64 B  05 07 00 7c 1c 22 1a 40 00 71 00 07 01 8c 1c ef 1c 40 00 71 00 00 ff 00 00 00 00 00 00 00 00 00 ff 00 00 00 00 00 00 00 00 00 ff 00 00 00 00 00 00 00 00 00 ff 00 00 00 00 00 00 00 00 02 00 00
 14137 ms  64 B  05 07 00 7a 1c 22 1a 40 00 71 00 07 01 8c 1c ef 1c 40 00 71 00 00 ff 00 00 00 00 00 00 00 00 00 ff 00 00 00 00 00 00 00 00 00 ff 00 00 00 00 00 00 00 00 00 ff 00 00 00 00 00 00 00 00 02 00 00
 14138 ms  64 B  05 07 00 77 1c 24 1a 40 00 71 00 07 01 8c 1c ef 1c 40 00 71 00 00 ff 00 00 00 00 00 00 00 00 00 ff 00 00 00 00 00 00 00 00 00 ff 00 00 00 00 00 00 00 00 00 ff 00 00 00 00 00 00 00 00 02 00 00
 14154 ms  64 B  05 07 00 76 1c 21 1a 40 00 71 00 07 01 8c 1c ef 1c 40 00 71 00 00 ff 00 00 00 00 00 00 00 00 00 ff 00 00 00 00 00 00 00 00 00 ff 00 00 00 00 00 00 00 00 00 ff 00 00 00 00 00 00 00 00 02 00 00
 14154 ms  64 B  05 07 00 76 1c 1c 1a 40 00 71 00 07 01 8c 1c ef 1c 40 00 71 00 00 ff 00 00 00 00 00 00 00 00 00 ff 00 00 00 00 00 00 00 00 00 ff 00 00 00 00 00 00 00 00 00 ff 00 00 00 00 00 00 00 00 02 00 00
 14155 ms  64 B  05 07 00 77 1c 17 1a 40 00 71 00 07 01 8c 1c ef 1c 40 00 71 00 00 ff 00 00 00 00 00 00 00 00 00 ff 00 00 00 00 00 00 00 00 00 ff 00 00 00 00 00 00 00 00 00 ff 00 00 00 00 00 00 00 00 02 00 00
 14171 ms  64 B  05 07 00 77 1c 15 1a 40 00 71 00 07 01 8c 1c ef 1c 40 00 71 00 00 ff 00 00 00 00 00 00 00 00 00 ff 00 00 00 00 00 00 00 00 00 ff 00 00 00 00 00 00 00 00 00 ff 00 00 00 00 00 00 00 00 02 00 00
 14171 ms  64 B  05 07 00 77 1c 16 1a 40 00 71 00 07 01 8c 1c ef 1c 40 00 71 00 00 ff 00 00 00 00 00 00 00 00 00 ff 00 00 00 00 00 00 00 00 00 ff 00 00 00 00 00 00 00 00 00 ff 00 00 00 00 00 00 00 00 02 00 00
 14172 ms  64 B  05 07 00 77 1c 17 1a 40 00 71 00 07 01 8c 1c ef 1c 40 00 71 00 00 ff 00 00 00 00 00 00 00 00 00 ff 00 00 00 00 00 00 00 00 00 ff 00 00 00 00 00 00 00 00 00 ff 00 00 00 00 00 00 00 00 02 00 00
           … repeated 6×
 14223 ms  64 B  05 07 00 79 1c 17 1a 40 00 71 00 07 01 8a 1c ef 1c 40 00 71 00 00 ff 00 00 00 00 00 00 00 00 00 ff 00 00 00 00 00 00 00 00 00 ff 00 00 00 00 00 00 00 00 00 ff 00 00 00 00 00 00 00 00 02 00 00
 14223 ms  64 B  05 07 00 7b 1c 17 1a 40 00 71 00 07 01 88 1c ef 1c 40 00 71 00 00 ff 00 00 00 00 00 00 00 00 00 ff 00 00 00 00 00 00 00 00 00 ff 00 00 00 00 00 00 00 00 00 ff 00 00 00 00 00 00 00 00 02 00 00
 14224 ms  64 B  05 07 00 7e 1c 17 1a 40 00 71 00 07 01 85 1c ef 1c 40 00 71 00 00 ff 00 00 00 00 00 00 00 00 00 ff 00 00 00 00 00 00 00 00 00 ff 00 00 00 00 00 00 00 00 00 ff 00 00 00 00 00 00 00 00 02 00 00
 14240 ms  64 B  05 07 00 7f 1c 1a 1a 40 00 71 00 07 01 84 1c ef 1c 40 00 71 00 00 ff 00 00 00 00 00 00 00 00 00 ff 00 00 00 00 00 00 00 00 00 ff 00 00 00 00 00 00 00 00 00 ff 00 00 00 00 00 00 00 00 02 00 00
 14240 ms  64 B  05 07 00 7f 1c 1f 1a 40 00 71 00 07 01 84 1c ef 1c 40 00 71 00 00 ff 00 00 00 00 00 00 00 00 00 ff 00 00 00 00 00 00 00 00 00 ff 00 00 00 00 00 00 00 00 00 ff 00 00 00 00 00 00 00 00 02 00 00
 14241 ms  64 B  05 07 00 7e 1c 24 1a 40 00 71 00 07 01 85 1c ef 1c 40 00 71 00 00 ff 00 00 00 00 00 00 00 00 00 ff 00 00 00 00 00 00 00 00 00 ff 00 00 00 00 00 00 00 00 00 ff 00 00 00 00 00 00 00 00 02 00 00
 14257 ms  64 B  05 07 00 80 1c 26 1a 40 00 71 00 07 01 85 1c ef 1c 40 00 71 00 00 ff 00 00 00 00 00 00 00 00 00 ff 00 00 00 00 00 00 00 00 00 ff 00 00 00 00 00 00 00 00 00 ff 00 00 00 00 00 00 00 00 02 00 00
 14257 ms  64 B  05 07 00 82 1c 25 1a 40 00 71 00 07 01 85 1c ef 1c 40 00 71 00 00 ff 00 00 00 00 00 00 00 00 00 ff 00 00 00 00 00 00 00 00 00 ff 00 00 00 00 00 00 00 00 00 ff 00 00 00 00 00 00 00 00 02 00 00
 14258 ms  64 B  05 07 00 85 1c 24 1a 40 00 71 00 07 01 85 1c ef 1c 40 00 71 00 00 ff 00 00 00 00 00 00 00 00 00 ff 00 00 00 00 00 00 00 00 00 ff 00 00 00 00 00 00 00 00 00 ff 00 00 00 00 00 00 00 00 02 00 00
 14274 ms  64 B  05 07 00 86 1c 24 1a 40 00 71 00 07 01 85 1c ef 1c 40 00 71 00 00 ff 00 00 00 00 00 00 00 00 00 ff 00 00 00 00 00 00 00 00 00 ff 00 00 00 00 00 00 00 00 00 ff 00 00 00 00 00 00 00 00 02 00 00
           … repeated 1×
 14275 ms  64 B  05 07 00 85 1c 24 1a 40 00 71 00 07 01 85 1c ef 1c 40 00 71 00 00 ff 00 00 00 00 00 00 00 00 00 ff 00 00 00 00 00 00 00 00 00 ff 00 00 00 00 00 00 00 00 00 ff 00 00 00 00 00 00 00 00 02 00 00
           … repeated 9×
 14341 ms  64 B  05 07 00 87 1c 24 1a 40 00 71 00 07 01 85 1c ef 1c 40 00 71 00 00 ff 00 00 00 00 00 00 00 00 00 ff 00 00 00 00 00 00 00 00 00 ff 00 00 00 00 00 00 00 00 00 ff 00 00 00 00 00 00 00 00 02 00 00
 14341 ms  64 B  05 07 00 89 1c 24 1a 40 00 71 00 07 01 85 1c ef 1c 40 00 71 00 00 ff 00 00 00 00 00 00 00 00 00 ff 00 00 00 00 00 00 00 00 00 ff 00 00 00 00 00 00 00 00 00 ff 00 00 00 00 00 00 00 00 02 00 00
 14342 ms  64 B  05 07 00 8c 1c 24 1a 40 00 71 00 07 01 85 1c ef 1c 40 00 71 00 00 ff 00 00 00 00 00 00 00 00 00 ff 00 00 00 00 00 00 00 00 00 ff 00 00 00 00 00 00 00 00 00 ff 00 00 00 00 00 00 00 00 02 00 00
 14358 ms  64 B  05 07 00 8d 1c 24 1a 40 00 71 00 07 01 85 1c ef 1c 40 00 71 00 00 ff 00 00 00 00 00 00 00 00 00 ff 00 00 00 00 00 00 00 00 00 ff 00 00 00 00 00 00 00 00 00 ff 00 00 00 00 00 00 00 00 02 00 00
           … repeated 1×
 14359 ms  64 B  05 07 00 8c 1c 24 1a 40 00 71 00 07 01 85 1c ef 1c 40 00 71 00 00 ff 00 00 00 00 00 00 00 00 00 ff 00 00 00 00 00 00 00 00 00 ff 00 00 00 00 00 00 00 00 00 ff 00 00 00 00 00 00 00 00 02 00 00
 14375 ms  64 B  05 07 00 8c 1c 26 1a 40 00 71 00 07 01 85 1c ed 1c 40 00 71 00 00 ff 00 00 00 00 00 00 00 00 00 ff 00 00 00 00 00 00 00 00 00 ff 00 00 00 00 00 00 00 00 00 ff 00 00 00 00 00 00 00 00 02 00 00
 14375 ms  64 B  05 07 00 8c 1c 2a 1a 40 00 71 00 07 01 85 1c e9 1c 40 00 71 00 00 ff 00 00 00 00 00 00 00 00 00 ff 00 00 00 00 00 00 00 00 00 ff 00 00 00 00 00 00 00 00 00 ff 00 00 00 00 00 00 00 00 02 00 00
 14376 ms  64 B  05 07 00 8c 1c 30 1a 40 00 71 00 07 01 85 1c e3 1c 40 00 71 00 00 ff 00 00 00 00 00 00 00 00 00 ff 00 00 00 00 00 00 00 00 00 ff 00 00 00 00 00 00 00 00 00 ff 00 00 00 00 00 00 00 00 02 00 00
 14392 ms  64 B  05 07 00 8c 1c 32 1a 40 00 71 00 07 01 85 1c e1 1c 40 00 71 00 00 ff 00 00 00 00 00 00 00 00 00 ff 00 00 00 00 00 00 00 00 00 ff 00 00 00 00 00 00 00 00 00 ff 00 00 00 00 00 00 00 00 02 00 00
           … repeated 1×
 14393 ms  64 B  05 07 00 8c 1c 30 1a 40 00 71 00 07 01 85 1c e3 1c 40 00 71 00 00 ff 00 00 00 00 00 00 00 00 00 ff 00 00 00 00 00 00 00 00 00 ff 00 00 00 00 00 00 00 00 00 ff 00 00 00 00 00 00 00 00 02 00 00
           … repeated 6×
 14444 ms  64 B  05 07 00 8c 1c 30 1a 40 00 71 00 07 01 87 1c e3 1c 40 00 71 00 00 ff 00 00 00 00 00 00 00 00 00 ff 00 00 00 00 00 00 00 00 00 ff 00 00 00 00 00 00 00 00 00 ff 00 00 00 00 00 00 00 00 02 00 00
 14444 ms  64 B  05 07 00 8c 1c 30 1a 40 00 71 00 07 01 89 1c e3 1c 40 00 71 00 00 ff 00 00 00 00 00 00 00 00 00 ff 00 00 00 00 00 00 00 00 00 ff 00 00 00 00 00 00 00 00 00 ff 00 00 00 00 00 00 00 00 02 00 00
 14445 ms  64 B  05 07 00 8c 1c 30 1a 40 00 71 00 07 01 8c 1c e3 1c 40 00 71 00 00 ff 00 00 00 00 00 00 00 00 00 ff 00 00 00 00 00 00 00 00 00 ff 00 00 00 00 00 00 00 00 00 ff 00 00 00 00 00 00 00 00 02 00 00
 14461 ms  64 B  05 07 00 8c 1c 30 1a 40 00 71 00 07 01 8d 1c e3 1c 40 00 71 00 00 ff 00 00 00 00 00 00 00 00 00 ff 00 00 00 00 00 00 00 00 00 ff 00 00 00 00 00 00 00 00 00 ff 00 00 00 00 00 00 00 00 02 00 00
           … repeated 1×
 14462 ms  64 B  05 07 00 8c 1c 30 1a 40 00 71 00 07 01 8c 1c e3 1c 40 00 71 00 00 ff 00 00 00 00 00 00 00 00 00 ff 00 00 00 00 00 00 00 00 00 ff 00 00 00 00 00 00 00 00 00 ff 00 00 00 00 00 00 00 00 02 00 00
 14468 ms  64 B  05 07 00 8e 1c 30 1a 40 00 71 00 07 01 8c 1c e5 1c 40 00 71 00 00 ff 00 00 00 00 00 00 00 00 00 ff 00 00 00 00 00 00 00 00 00 ff 00 00 00 00 00 00 00 00 00 ff 00 00 00 00 00 00 00 00 02 00 00
 14469 ms  64 B  05 07 00 90 1c 30 1a 40 00 71 00 07 01 8c 1c e9 1c 40 00 71 00 00 ff 00 00 00 00 00 00 00 00 00 ff 00 00 00 00 00 00 00 00 00 ff 00 00 00 00 00 00 00 00 00 ff 00 00 00 00 00 00 00 00 02 00 00
 14470 ms  64 B  05 07 00 93 1c 30 1a 40 00 71 00 07 01 8c 1c ef 1c 40 00 71 00 00 ff 00 00 00 00 00 00 00 00 00 ff 00 00 00 00 00 00 00 00 00 ff 00 00 00 00 00 00 00 00 00 ff 00 00 00 00 00 00 00 00 02 00 00
 14478 ms  64 B  05 07 00 94 1c 30 1a 40 00 71 00 07 01 8c 1c f2 1c 40 00 71 00 00 ff 00 00 00 00 00 00 00 00 00 ff 00 00 00 00 00 00 00 00 00 ff 00 00 00 00 00 00 00 00 00 ff 00 00 00 00 00 00 00 00 02 00 00
 14478 ms  64 B  05 07 00 94 1c 30 1a 40 00 71 00 07 01 8c 1c f7 1c 40 00 71 00 00 ff 00 00 00 00 00 00 00 00 00 ff 00 00 00 00 00 00 00 00 00 ff 00 00 00 00 00 00 00 00 00 ff 00 00 00 00 00 00 00 00 02 00 00
 14479 ms  64 B  05 07 00 93 1c 30 1a 40 00 71 00 07 01 8c 1c fc 1c 40 00 71 00 00 ff 00 00 00 00 00 00 00 00 00 ff 00 00 00 00 00 00 00 00 00 ff 00 00 00 00 00 00 00 00 00 ff 00 00 00 00 00 00 00 00 02 00 00
 14488 ms  64 B  05 07 00 96 1c 33 1a 40 00 71 00 07 01 8c 1c 02 1d 40 00 71 00 00 ff 00 00 00 00 00 00 00 00 00 ff 00 00 00 00 00 00 00 00 00 ff 00 00 00 00 00 00 00 00 00 ff 00 00 00 00 00 00 00 00 02 00 00
 14488 ms  64 B  05 07 00 9b 1c 38 1a 40 00 71 00 07 01 8c 1c 0b 1d 40 00 71 00 00 ff 00 00 00 00 00 00 00 00 00 ff 00 00 00 00 00 00 00 00 00 ff 00 00 00 00 00 00 00 00 00 ff 00 00 00 00 00 00 00 00 02 00 00
 14489 ms  64 B  05 07 00 a1 1c 3d 1a 40 00 71 00 07 01 8c 1c 16 1d 40 00 71 00 00 ff 00 00 00 00 00 00 00 00 00 ff 00 00 00 00 00 00 00 00 00 ff 00 00 00 00 00 00 00 00 00 ff 00 00 00 00 00 00 00 00 02 00 00
 14497 ms  64 B  05 07 00 a5 1c 41 1a 40 00 71 00 07 01 8c 1c 1c 1d 40 00 71 00 00 ff 00 00 00 00 00 00 00 00 00 ff 00 00 00 00 00 00 00 00 00 ff 00 00 00 00 00 00 00 00 00 ff 00 00 00 00 00 00 00 00 02 00 00
 14497 ms  64 B  05 07 00 aa 1c 45 1a 40 00 71 00 07 01 8c 1c 20 1d 40 00 71 00 00 ff 00 00 00 00 00 00 00 00 00 ff 00 00 00 00 00 00 00 00 00 ff 00 00 00 00 00 00 00 00 00 ff 00 00 00 00 00 00 00 00 02 00 00
 14498 ms  64 B  05 07 00 af 1c 4a 1a 40 00 71 00 07 01 8c 1c 22 1d 40 00 71 00 00 ff 00 00 00 00 00 00 00 00 00 ff 00 00 00 00 00 00 00 00 00 ff 00 00 00 00 00 00 00 00 00 ff 00 00 00 00 00 00 00 00 02 00 00
 14508 ms  64 B  05 07 00 b3 1c 4e 1a 40 00 71 00 07 01 8e 1c 28 1d 40 00 71 00 00 ff 00 00 00 00 00 00 00 00 00 ff 00 00 00 00 00 00 00 00 00 ff 00 00 00 00 00 00 00 00 00 ff 00 00 00 00 00 00 00 00 02 00 00
 14508 ms  64 B  05 07 00 b8 1c 52 1a 40 00 71 00 07 01 90 1c 31 1d 40 00 71 00 00 ff 00 00 00 00 00 00 00 00 00 ff 00 00 00 00 00 00 00 00 00 ff 00 00 00 00 00 00 00 00 00 ff 00 00 00 00 00 00 00 00 02 00 00
 14509 ms  64 B  05 07 00 bd 1c 57 1a 40 00 71 00 07 01 93 1c 3b 1d 40 00 71 00 00 ff 00 00 00 00 00 00 00 00 00 ff 00 00 00 00 00 00 00 00 00 ff 00 00 00 00 00 00 00 00 00 ff 00 00 00 00 00 00 00 00 02 00 00
 14517 ms  64 B  05 07 00 c3 1c 64 1a 40 00 71 00 07 01 94 1c 3e 1d 40 00 71 00 00 ff 00 00 00 00 00 00 00 00 00 ff 00 00 00 00 00 00 00 00 00 ff 00 00 00 00 00 00 00 00 00 ff 00 00 00 00 00 00 00 00 02 00 00
 14518 ms  64 B  05 07 00 c9 1c 74 1a 40 00 71 00 07 01 94 1c 3e 1d 40 00 71 00 00 ff 00 00 00 00 00 00 00 00 00 ff 00 00 00 00 00 00 00 00 00 ff 00 00 00 00 00 00 00 00 00 ff 00 00 00 00 00 00 00 00 02 00 00
 14519 ms  64 B  05 07 00 d2 1c 88 1a 40 00 71 00 07 01 93 1c 3b 1d 40 00 71 00 00 ff 00 00 00 00 00 00 00 00 00 ff 00 00 00 00 00 00 00 00 00 ff 00 00 00 00 00 00 00 00 00 ff 00 00 00 00 00 00 00 00 02 00 00
 14529 ms  64 B  05 07 00 d7 1c 9e 1a 40 00 71 00 07 01 93 1c 3b 1d 40 00 71 00 00 ff 00 00 00 00 00 00 00 00 00 ff 00 00 00 00 00 00 00 00 00 ff 00 00 00 00 00 00 00 00 00 ff 00 00 00 00 00 00 00 00 02 00 00
 14529 ms  64 B  05 07 00 dc 1c b7 1a 40 00 71 00 07 01 93 1c 3b 1d 40 00 71 00 00 ff 00 00 00 00 00 00 00 00 00 ff 00 00 00 00 00 00 00 00 00 ff 00 00 00 00 00 00 00 00 00 ff 00 00 00 00 00 00 00 00 02 00 00
 14530 ms  64 B  05 07 00 e0 1c d4 1a 40 00 71 00 07 01 93 1c 3b 1d 40 00 71 00 00 ff 00 00 00 00 00 00 00 00 00 ff 00 00 00 00 00 00 00 00 00 ff 00 00 00 00 00 00 00 00 00 ff 00 00 00 00 00 00 00 00 02 00 00
 14538 ms  64 B  05 07 00 e4 1c ef 1a 40 00 71 00 04 01 93 1c 3b 1d 40 00 71 00 00 ff 00 00 00 00 00 00 00 00 00 ff 00 00 00 00 00 00 00 00 00 ff 00 00 00 00 00 00 00 00 00 ff 00 00 00 00 00 00 00 00 02 00 00
 14539 ms  64 B  05 07 00 e9 1c 0c 1b 40 00 71 00 00 ff 00 00 00 00 00 00 00 00 00 ff 00 00 00 00 00 00 00 00 00 ff 00 00 00 00 00 00 00 00 00 ff 00 00 00 00 00 00 00 00 00 ff 00 00 00 00 00 00 00 00 01 00 00
 14540 ms  64 B  05 07 00 ee 1c 2c 1b 40 00 71 00 00 ff 00 00 00 00 00 00 00 00 00 ff 00 00 00 00 00 00 00 00 00 ff 00 00 00 00 00 00 00 00 00 ff 00 00 00 00 00 00 00 00 00 ff 00 00 00 00 00 00 00 00 01 00 00
 14549 ms  64 B  05 07 00 f2 1c 47 1b 40 00 71 00 00 ff 00 00 00 00 00 00 00 00 00 ff 00 00 00 00 00 00 00 00 00 ff 00 00 00 00 00 00 00 00 00 ff 00 00 00 00 00 00 00 00 00 ff 00 00 00 00 00 00 00 00 01 00 00
 14549 ms  64 B  05 07 00 f7 1c 5f 1b 40 00 71 00 00 ff 00 00 00 00 00 00 00 00 00 ff 00 00 00 00 00 00 00 00 00 ff 00 00 00 00 00 00 00 00 00 ff 00 00 00 00 00 00 00 00 00 ff 00 00 00 00 00 00 00 00 01 00 00
 14550 ms  64 B  05 07 00 fc 1c 77 1b 40 00 71 00 00 ff 00 00 00 00 00 00 00 00 00 ff 00 00 00 00 00 00 00 00 00 ff 00 00 00 00 00 00 00 00 00 ff 00 00 00 00 00 00 00 00 00 ff 00 00 00 00 00 00 00 00 01 00 00
 14559 ms  64 B  05 07 00 00 1d 8e 1b 40 00 71 00 00 ff 00 00 00 00 00 00 00 00 00 ff 00 00 00 00 00 00 00 00 00 ff 00 00 00 00 00 00 00 00 00 ff 00 00 00 00 00 00 00 00 00 ff 00 00 00 00 00 00 00 00 01 00 00
 14559 ms  64 B  05 07 00 05 1d a3 1b 40 00 71 00 00 ff 00 00 00 00 00 00 00 00 00 ff 00 00 00 00 00 00 00 00 00 ff 00 00 00 00 00 00 00 00 00 ff 00 00 00 00 00 00 00 00 00 ff 00 00 00 00 00 00 00 00 01 00 00
 14560 ms  64 B  05 07 00 0a 1d b6 1b 40 00 71 00 00 ff 00 00 00 00 00 00 00 00 00 ff 00 00 00 00 00 00 00 00 00 ff 00 00 00 00 00 00 00 00 00 ff 00 00 00 00 00 00 00 00 00 ff 00 00 00 00 00 00 00 00 01 00 00
 14573 ms  64 B  05 07 00 0e 1d c8 1b 40 00 71 00 00 ff 00 00 00 00 00 00 00 00 00 ff 00 00 00 00 00 00 00 00 00 ff 00 00 00 00 00 00 00 00 00 ff 00 00 00 00 00 00 00 00 00 ff 00 00 00 00 00 00 00 00 01 00 00
 14573 ms  64 B  05 07 00 13 1d d8 1b 40 00 71 00 00 ff 00 00 00 00 00 00 00 00 00 ff 00 00 00 00 00 00 00 00 00 ff 00 00 00 00 00 00 00 00 00 ff 00 00 00 00 00 00 00 00 00 ff 00 00 00 00 00 00 00 00 01 00 00
 14574 ms  64 B  05 07 00 18 1d e8 1b 40 00 71 00 00 ff 00 00 00 00 00 00 00 00 00 ff 00 00 00 00 00 00 00 00 00 ff 00 00 00 00 00 00 00 00 00 ff 00 00 00 00 00 00 00 00 00 ff 00 00 00 00 00 00 00 00 01 00 00
 14581 ms  64 B  05 07 00 1f 1d f6 1b 40 00 71 00 00 ff 00 00 00 00 00 00 00 00 00 ff 00 00 00 00 00 00 00 00 00 ff 00 00 00 00 00 00 00 00 00 ff 00 00 00 00 00 00 00 00 00 ff 00 00 00 00 00 00 00 00 01 00 00
 14581 ms  64 B  05 07 00 28 1d 03 1c 40 00 71 00 00 ff 00 00 00 00 00 00 00 00 00 ff 00 00 00 00 00 00 00 00 00 ff 00 00 00 00 00 00 00 00 00 ff 00 00 00 00 00 00 00 00 00 ff 00 00 00 00 00 00 00 00 01 00 00
 14582 ms  64 B  05 07 00 34 1d 0e 1c 40 00 71 00 00 ff 00 00 00 00 00 00 00 00 00 ff 00 00 00 00 00 00 00 00 00 ff 00 00 00 00 00 00 00 00 00 ff 00 00 00 00 00 00 00 00 00 ff 00 00 00 00 00 00 00 00 01 00 00
 14589 ms  64 B  05 07 00 3c 1d 1a 1c 40 00 71 00 00 ff 00 00 00 00 00 00 00 00 00 ff 00 00 00 00 00 00 00 00 00 ff 00 00 00 00 00 00 00 00 00 ff 00 00 00 00 00 00 00 00 00 ff 00 00 00 00 00 00 00 00 01 00 00
 14589 ms  64 B  05 07 00 43 1d 27 1c 40 00 71 00 00 ff 00 00 00 00 00 00 00 00 00 ff 00 00 00 00 00 00 00 00 00 ff 00 00 00 00 00 00 00 00 00 ff 00 00 00 00 00 00 00 00 00 ff 00 00 00 00 00 00 00 00 01 00 00
 14590 ms  64 B  05 07 00 49 1d 34 1c 40 00 71 00 00 ff 00 00 00 00 00 00 00 00 00 ff 00 00 00 00 00 00 00 00 00 ff 00 00 00 00 00 00 00 00 00 ff 00 00 00 00 00 00 00 00 00 ff 00 00 00 00 00 00 00 00 01 00 00
 14598 ms  64 B  05 07 00 4f 1d 3b 1c 40 00 71 00 00 ff 00 00 00 00 00 00 00 00 00 ff 00 00 00 00 00 00 00 00 00 ff 00 00 00 00 00 00 00 00 00 ff 00 00 00 00 00 00 00 00 00 ff 00 00 00 00 00 00 00 00 01 00 00
 14598 ms  64 B  05 07 00 57 1d 3f 1c 40 00 71 00 00 ff 00 00 00 00 00 00 00 00 00 ff 00 00 00 00 00 00 00 00 00 ff 00 00 00 00 00 00 00 00 00 ff 00 00 00 00 00 00 00 00 00 ff 00 00 00 00 00 00 00 00 01 00 00
 14599 ms  64 B  05 07 00 5f 1d 40 1c 40 00 71 00 00 ff 00 00 00 00 00 00 00 00 00 ff 00 00 00 00 00 00 00 00 00 ff 00 00 00 00 00 00 00 00 00 ff 00 00 00 00 00 00 00 00 00 ff 00 00 00 00 00 00 00 00 01 00 00
 14605 ms  64 B  05 07 00 67 1d 44 1c 40 00 71 00 04 01 cb 1c 3d 1f 40 00 71 00 00 ff 00 00 00 00 00 00 00 00 00 ff 00 00 00 00 00 00 00 00 00 ff 00 00 00 00 00 00 00 00 00 ff 00 00 00 00 00 00 00 00 02 00 00
 14605 ms  64 B  05 07 00 6d 1d 48 1c 40 00 71 00 07 01 cb 1c 3d 1f 40 00 71 00 00 ff 00 00 00 00 00 00 00 00 00 ff 00 00 00 00 00 00 00 00 00 ff 00 00 00 00 00 00 00 00 00 ff 00 00 00 00 00 00 00 00 02 00 00
 14606 ms  64 B  05 07 00 74 1d 4c 1c 40 00 71 00 07 01 cb 1c 3d 1f 40 00 71 00 00 ff 00 00 00 00 00 00 00 00 00 ff 00 00 00 00 00 00 00 00 00 ff 00 00 00 00 00 00 00 00 00 ff 00 00 00 00 00 00 00 00 02 00 00
 14612 ms  64 B  05 07 00 7b 1d 4f 1c 40 00 71 00 07 01 cb 1c 3d 1f 40 00 71 00 00 ff 00 00 00 00 00 00 00 00 00 ff 00 00 00 00 00 00 00 00 00 ff 00 00 00 00 00 00 00 00 00 ff 00 00 00 00 00 00 00 00 02 00 00
 14613 ms  64 B  05 07 00 82 1d 54 1c 40 00 71 00 07 01 cb 1c 3d 1f 40 00 71 00 00 ff 00 00 00 00 00 00 00 00 00 ff 00 00 00 00 00 00 00 00 00 ff 00 00 00 00 00 00 00 00 00 ff 00 00 00 00 00 00 00 00 02 00 00
 14614 ms  64 B  05 07 00 89 1d 59 1c 40 00 71 00 07 01 cb 1c 3d 1f 40 00 71 00 00 ff 00 00 00 00 00 00 00 00 00 ff 00 00 00 00 00 00 00 00 00 ff 00 00 00 00 00 00 00 00 00 ff 00 00 00 00 00 00 00 00 02 00 00
 14620 ms  64 B  05 07 00 90 1d 5e 1c 40 00 71 00 07 01 cb 1c 3d 1f 40 00 71 00 00 ff 00 00 00 00 00 00 00 00 00 ff 00 00 00 00 00 00 00 00 00 ff 00 00 00 00 00 00 00 00 00 ff 00 00 00 00 00 00 00 00 02 00 00
 14620 ms  64 B  05 07 00 97 1d 61 1c 40 00 71 00 07 01 cb 1c 3d 1f 40 00 71 00 00 ff 00 00 00 00 00 00 00 00 00 ff 00 00 00 00 00 00 00 00 00 ff 00 00 00 00 00 00 00 00 00 ff 00 00 00 00 00 00 00 00 02 00 00
 14621 ms  64 B  05 07 00 9e 1d 65 1c 40 00 71 00 07 01 cb 1c 3d 1f 40 00 71 00 00 ff 00 00 00 00 00 00 00 00 00 ff 00 00 00 00 00 00 00 00 00 ff 00 00 00 00 00 00 00 00 00 ff 00 00 00 00 00 00 00 00 02 00 00
 14627 ms  64 B  05 07 00 a5 1d 68 1c 40 00 71 00 07 01 cb 1c 3d 1f 40 00 71 00 00 ff 00 00 00 00 00 00 00 00 00 ff 00 00 00 00 00 00 00 00 00 ff 00 00 00 00 00 00 00 00 00 ff 00 00 00 00 00 00 00 00 02 00 00
 14628 ms  64 B  05 07 00 ac 1d 6d 1c 40 00 71 00 07 01 cb 1c 3d 1f 40 00 71 00 00 ff 00 00 00 00 00 00 00 00 00 ff 00 00 00 00 00 00 00 00 00 ff 00 00 00 00 00 00 00 00 00 ff 00 00 00 00 00 00 00 00 02 00 00
 14629 ms  64 B  05 07 00 b3 1d 73 1c 40 00 71 00 07 01 cb 1c 3d 1f 40 00 71 00 00 ff 00 00 00 00 00 00 00 00 00 ff 00 00 00 00 00 00 00 00 00 ff 00 00 00 00 00 00 00 00 00 ff 00 00 00 00 00 00 00 00 02 00 00
 14636 ms  64 B  05 07 00 b8 1d 75 1c 40 00 71 00 07 01 cb 1c 3d 1f 40 00 71 00 00 ff 00 00 00 00 00 00 00 00 00 ff 00 00 00 00 00 00 00 00 00 ff 00 00 00 00 00 00 00 00 00 ff 00 00 00 00 00 00 00 00 02 00 00
 14636 ms  64 B  05 07 00 bc 1d 75 1c 40 00 71 00 07 01 cb 1c 3d 1f 40 00 71 00 00 ff 00 00 00 00 00 00 00 00 00 ff 00 00 00 00 00 00 00 00 00 ff 00 00 00 00 00 00 00 00 00 ff 00 00 00 00 00 00 00 00 02 00 00
 14637 ms  64 B  05 07 00 c0 1d 73 1c 40 00 71 00 07 01 cb 1c 3d 1f 40 00 71 00 00 ff 00 00 00 00 00 00 00 00 00 ff 00 00 00 00 00 00 00 00 00 ff 00 00 00 00 00 00 00 00 00 ff 00 00 00 00 00 00 00 00 02 00 00
 14642 ms  64 B  05 07 00 c6 1d 75 1c 40 00 71 00 07 01 cb 1c 3d 1f 40 00 71 00 00 ff 00 00 00 00 00 00 00 00 00 ff 00 00 00 00 00 00 00 00 00 ff 00 00 00 00 00 00 00 00 00 ff 00 00 00 00 00 00 00 00 02 00 00
 14643 ms  64 B  05 07 00 cd 1d 79 1c 40 00 71 00 07 01 cb 1c 3d 1f 40 00 71 00 00 ff 00 00 00 00 00 00 00 00 00 ff 00 00 00 00 00 00 00 00 00 ff 00 00 00 00 00 00 00 00 00 ff 00 00 00 00 00 00 00 00 02 00 00
 14644 ms  64 B  05 07 00 d5 1d 7f 1c 40 00 71 00 07 01 cb 1c 3d 1f 40 00 71 00 00 ff 00 00 00 00 00 00 00 00 00 ff 00 00 00 00 00 00 00 00 00 ff 00 00 00 00 00 00 00 00 00 ff 00 00 00 00 00 00 00 00 02 00 00
 14651 ms  64 B  05 07 00 dd 1d 82 1c 40 00 71 00 07 01 cb 1c 3d 1f 40 00 71 00 00 ff 00 00 00 00 00 00 00 00 00 ff 00 00 00 00 00 00 00 00 00 ff 00 00 00 00 00 00 00 00 00 ff 00 00 00 00 00 00 00 00 02 00 00
 14651 ms  64 B  05 07 00 e6 1d 87 1c 40 00 71 00 07 01 cb 1c 3d 1f 40 00 71 00 00 ff 00 00 00 00 00 00 00 00 00 ff 00 00 00 00 00 00 00 00 00 ff 00 00 00 00 00 00 00 00 00 ff 00 00 00 00 00 00 00 00 02 00 00
 14652 ms  64 B  05 07 00 f1 1d 8c 1c 40 00 71 00 07 01 cb 1c 3d 1f 40 00 71 00 00 ff 00 00 00 00 00 00 00 00 00 ff 00 00 00 00 00 00 00 00 00 ff 00 00 00 00 00 00 00 00 00 ff 00 00 00 00 00 00 00 00 02 00 00
 14660 ms  64 B  05 07 00 fb 1d 8a 1c 40 00 71 00 07 01 cb 1c 3d 1f 40 00 71 00 00 ff 00 00 00 00 00 00 00 00 00 ff 00 00 00 00 00 00 00 00 00 ff 00 00 00 00 00 00 00 00 00 ff 00 00 00 00 00 00 00 00 02 00 00
 14661 ms  64 B  05 07 00 06 1e 86 1c 40 00 71 00 07 01 cb 1c 3d 1f 40 00 71 00 00 ff 00 00 00 00 00 00 00 00 00 ff 00 00 00 00 00 00 00 00 00 ff 00 00 00 00 00 00 00 00 00 ff 00 00 00 00 00 00 00 00 02 00 00
 14662 ms  64 B  05 07 00 14 1e 7f 1c 40 00 71 00 07 01 cb 1c 3d 1f 40 00 71 00 00 ff 00 00 00 00 00 00 00 00 00 ff 00 00 00 00 00 00 00 00 00 ff 00 00 00 00 00 00 00 00 00 ff 00 00 00 00 00 00 00 00 02 00 00
 14671 ms  64 B  05 07 00 1f 1e 7a 1c 40 00 71 00 07 01 cb 1c 3d 1f 40 00 71 00 00 ff 00 00 00 00 00 00 00 00 00 ff 00 00 00 00 00 00 00 00 00 ff 00 00 00 00 00 00 00 00 00 ff 00 00 00 00 00 00 00 00 02 00 00
 14671 ms  64 B  05 07 00 2b 1e 77 1c 40 00 71 00 07 01 cb 1c 3d 1f 40 00 71 00 00 ff 00 00 00 00 00 00 00 00 00 ff 00 00 00 00 00 00 00 00 00 ff 00 00 00 00 00 00 00 00 00 ff 00 00 00 00 00 00 00 00 02 00 00
 14672 ms  64 B  05 07 00 38 1e 73 1c 40 00 71 00 07 01 cb 1c 3d 1f 40 00 71 00 00 ff 00 00 00 00 00 00 00 00 00 ff 00 00 00 00 00 00 00 00 00 ff 00 00 00 00 00 00 00 00 00 ff 00 00 00 00 00 00 00 00 02 00 00
 14680 ms  64 B  05 07 00 42 1e 74 1c 40 00 71 00 07 01 cb 1c 3d 1f 40 00 71 00 00 ff 00 00 00 00 00 00 00 00 00 ff 00 00 00 00 00 00 00 00 00 ff 00 00 00 00 00 00 00 00 00 ff 00 00 00 00 00 00 00 00 02 00 00
 14681 ms  64 B  05 07 00 4b 1e 78 1c 40 00 71 00 07 01 cb 1c 3d 1f 40 00 71 00 00 ff 00 00 00 00 00 00 00 00 00 ff 00 00 00 00 00 00 00 00 00 ff 00 00 00 00 00 00 00 00 00 ff 00 00 00 00 00 00 00 00 02 00 00
 14682 ms  64 B  05 07 00 54 1e 7f 1c 40 00 71 00 07 01 cb 1c 3d 1f 40 00 71 00 00 ff 00 00 00 00 00 00 00 00 00 ff 00 00 00 00 00 00 00 00 00 ff 00 00 00 00 00 00 00 00 00 ff 00 00 00 00 00 00 00 00 02 00 00
 14689 ms  64 B  05 07 00 5e 1e 81 1c 40 00 71 00 07 01 21 1d 5c 1f 40 00 71 00 00 ff 00 00 00 00 00 00 00 00 00 ff 00 00 00 00 00 00 00 00 00 ff 00 00 00 00 00 00 00 00 00 ff 00 00 00 00 00 00 00 00 02 00 00
 14689 ms  64 B  05 07 00 69 1e 81 1c 40 00 71 00 07 01 a1 1d 8b 1f 40 00 71 00 00 ff 00 00 00 00 00 00 00 00 00 ff 00 00 00 00 00 00 00 00 00 ff 00 00 00 00 00 00 00 00 00 ff 00 00 00 00 00 00 00 00 02 00 00
 14690 ms  64 B  05 07 00 77 1e 7f 1c 40 00 71 00 07 01 4c 1e c8 1f 40 00 71 00 00 ff 00 00 00 00 00 00 00 00 00 ff 00 00 00 00 00 00 00 00 00 ff 00 00 00 00 00 00 00 00 00 ff 00 00 00 00 00 00 00 00 02 00 00
 14698 ms  64 B  05 07 00 82 1e 90 1c 40 00 71 00 07 01 77 1e d8 1f 40 00 71 00 00 ff 00 00 00 00 00 00 00 00 00 ff 00 00 00 00 00 00 00 00 00 ff 00 00 00 00 00 00 00 00 00 ff 00 00 00 00 00 00 00 00 02 00 00
 14698 ms  64 B  05 07 00 8e 1e a9 1c 40 00 71 00 07 01 77 1e d7 1f 40 00 71 00 00 ff 00 00 00 00 00 00 00 00 00 ff 00 00 00 00 00 00 00 00 00 ff 00 00 00 00 00 00 00 00 00 ff 00 00 00 00 00 00 00 00 02 00 00
 14699 ms  64 B  05 07 00 9a 1e cb 1c 40 00 71 00 07 01 4c 1e c8 1f 40 00 71 00 00 ff 00 00 00 00 00 00 00 00 00 ff 00 00 00 00 00 00 00 00 00 ff 00 00 00 00 00 00 00 00 00 ff 00 00 00 00 00 00 00 00 02 00 00
 14709 ms  64 B  05 07 00 a7 1e f7 1c 40 00 71 00 07 01 4c 1e c8 1f 40 00 71 00 00 ff 00 00 00 00 00 00 00 00 00 ff 00 00 00 00 00 00 00 00 00 ff 00 00 00 00 00 00 00 00 00 ff 00 00 00 00 00 00 00 00 02 00 00
 14709 ms  64 B  05 07 00 b4 1e 2d 1d 40 00 71 00 07 01 4c 1e c8 1f 40 00 71 00 00 ff 00 00 00 00 00 00 00 00 00 ff 00 00 00 00 00 00 00 00 00 ff 00 00 00 00 00 00 00 00 00 ff 00 00 00 00 00 00 00 00 02 00 00
 14710 ms  64 B  05 07 00 c4 1e 6e 1d 40 00 71 00 07 01 4c 1e c8 1f 40 00 71 00 00 ff 00 00 00 00 00 00 00 00 00 ff 00 00 00 00 00 00 00 00 00 ff 00 00 00 00 00 00 00 00 00 ff 00 00 00 00 00 00 00 00 02 00 00
 14718 ms  64 B  05 07 00 d0 1e a6 1d 40 00 71 00 04 01 4c 1e c8 1f 40 00 71 00 00 ff 00 00 00 00 00 00 00 00 00 ff 00 00 00 00 00 00 00 00 00 ff 00 00 00 00 00 00 00 00 00 ff 00 00 00 00 00 00 00 00 02 00 00
 14718 ms  64 B  05 07 00 dc 1e e1 1d 40 00 71 00 00 ff 00 00 00 00 00 00 00 00 00 ff 00 00 00 00 00 00 00 00 00 ff 00 00 00 00 00 00 00 00 00 ff 00 00 00 00 00 00 00 00 00 ff 00 00 00 00 00 00 00 00 01 00 00
 14719 ms  64 B  05 07 00 e7 1e 1e 1e 40 00 71 00 00 ff 00 00 00 00 00 00 00 00 00 ff 00 00 00 00 00 00 00 00 00 ff 00 00 00 00 00 00 00 00 00 ff 00 00 00 00 00 00 00 00 00 ff 00 00 00 00 00 00 00 00 01 00 00
 14726 ms  64 B  05 07 00 f2 1e 4e 1e 40 00 71 00 00 ff 00 00 00 00 00 00 00 00 00 ff 00 00 00 00 00 00 00 00 00 ff 00 00 00 00 00 00 00 00 00 ff 00 00 00 00 00 00 00 00 00 ff 00 00 00 00 00 00 00 00 01 00 00
 14726 ms  64 B  05 07 00 fe 1e 78 1e 40 00 71 00 00 ff 00 00 00 00 00 00 00 00 00 ff 00 00 00 00 00 00 00 00 00 ff 00 00 00 00 00 00 00 00 00 ff 00 00 00 00 00 00 00 00 00 ff 00 00 00 00 00 00 00 00 01 00 00
 14727 ms  64 B  05 07 00 0a 1f 9c 1e 40 00 71 00 00 ff 00 00 00 00 00 00 00 00 00 ff 00 00 00 00 00 00 00 00 00 ff 00 00 00 00 00 00 00 00 00 ff 00 00 00 00 00 00 00 00 00 ff 00 00 00 00 00 00 00 00 01 00 00
 14734 ms  64 B  05 07 00 14 1f c3 1e 40 00 71 00 04 02 58 1f 34 1c 40 00 71 00 00 ff 00 00 00 00 00 00 00 00 00 ff 00 00 00 00 00 00 00 00 00 ff 00 00 00 00 00 00 00 00 00 ff 00 00 00 00 00 00 00 00 02 00 00
 14734 ms  64 B  05 07 00 1e 1f e8 1e 40 00 71 00 07 02 58 1f 34 1c 40 00 71 00 00 ff 00 00 00 00 00 00 00 00 00 ff 00 00 00 00 00 00 00 00 00 ff 00 00 00 00 00 00 00 00 00 ff 00 00 00 00 00 00 00 00 02 00 00
 14735 ms  64 B  05 07 00 27 1f 0d 1f 40 00 71 00 07 02 58 1f 34 1c 40 00 71 00 00 ff 00 00 00 00 00 00 00 00 00 ff 00 00 00 00 00 00 00 00 00 ff 00 00 00 00 00 00 00 00 00 ff 00 00 00 00 00 00 00 00 02 00 00
 14740 ms  64 B  05 07 00 31 1f 2d 1f 40 00 71 00 07 02 58 1f 34 1c 40 00 71 00 00 ff 00 00 00 00 00 00 00 00 00 ff 00 00 00 00 00 00 00 00 00 ff 00 00 00 00 00 00 00 00 00 ff 00 00 00 00 00 00 00 00 02 00 00
 14741 ms  64 B  05 07 00 3d 1f 4a 1f 40 00 71 00 07 02 58 1f 34 1c 40 00 71 00 00 ff 00 00 00 00 00 00 00 00 00 ff 00 00 00 00 00 00 00 00 00 ff 00 00 00 00 00 00 00 00 00 ff 00 00 00 00 00 00 00 00 02 00 00
 14742 ms  64 B  05 07 00 4a 1f 64 1f 40 00 71 00 07 02 58 1f 34 1c 40 00 71 00 00 ff 00 00 00 00 00 00 00 00 00 ff 00 00 00 00 00 00 00 00 00 ff 00 00 00 00 00 00 00 00 00 ff 00 00 00 00 00 00 00 00 02 00 00
 14751 ms  64 B  05 07 00 56 1f 7c 1f 40 00 71 00 07 02 58 1f 34 1c 40 00 71 00 00 ff 00 00 00 00 00 00 00 00 00 ff 00 00 00 00 00 00 00 00 00 ff 00 00 00 00 00 00 00 00 00 ff 00 00 00 00 00 00 00 00 02 00 00
 14751 ms  64 B  05 07 00 61 1f 91 1f 40 00 71 00 07 02 58 1f 34 1c 40 00 71 00 00 ff 00 00 00 00 00 00 00 00 00 ff 00 00 00 00 00 00 00 00 00 ff 00 00 00 00 00 00 00 00 00 ff 00 00 00 00 00 00 00 00 02 00 00
 14752 ms  64 B  05 07 00 6c 1f a3 1f 40 00 71 00 07 02 58 1f 34 1c 40 00 71 00 00 ff 00 00 00 00 00 00 00 00 00 ff 00 00 00 00 00 00 00 00 00 ff 00 00 00 00 00 00 00 00 00 ff 00 00 00 00 00 00 00 00 02 00 00
 14758 ms  64 B  05 07 00 76 1f b8 1f 40 00 71 00 07 02 58 1f 34 1c 40 00 71 00 00 ff 00 00 00 00 00 00 00 00 00 ff 00 00 00 00 00 00 00 00 00 ff 00 00 00 00 00 00 00 00 00 ff 00 00 00 00 00 00 00 00 02 00 00
 14758 ms  64 B  05 07 00 82 1f cd 1f 40 00 71 00 07 02 58 1f 34 1c 40 00 71 00 00 ff 00 00 00 00 00 00 00 00 00 ff 00 00 00 00 00 00 00 00 00 ff 00 00 00 00 00 00 00 00 00 ff 00 00 00 00 00 00 00 00 02 00 00
 14759 ms  64 B  05 07 00 8f 1f e2 1f 40 00 71 00 07 02 58 1f 34 1c 40 00 71 00 00 ff 00 00 00 00 00 00 00 00 00 ff 00 00 00 00 00 00 00 00 00 ff 00 00 00 00 00 00 00 00 00 ff 00 00 00 00 00 00 00 00 02 00 00
 14765 ms  64 B  05 07 00 9a 1f e7 1f 40 00 71 00 07 02 58 1f 34 1c 40 00 71 00 00 ff 00 00 00 00 00 00 00 00 00 ff 00 00 00 00 00 00 00 00 00 ff 00 00 00 00 00 00 00 00 00 ff 00 00 00 00 00 00 00 00 02 00 00
 14766 ms  64 B  05 07 00 a6 1f e2 1f 40 00 71 00 07 02 58 1f 34 1c 40 00 71 00 00 ff 00 00 00 00 00 00 00 00 00 ff 00 00 00 00 00 00 00 00 00 ff 00 00 00 00 00 00 00 00 00 ff 00 00 00 00 00 00 00 00 02 00 00
 14767 ms  64 B  05 07 00 b2 1f d6 1f 40 00 71 00 07 02 58 1f 34 1c 40 00 71 00 00 ff 00 00 00 00 00 00 00 00 00 ff 00 00 00 00 00 00 00 00 00 ff 00 00 00 00 00 00 00 00 00 ff 00 00 00 00 00 00 00 00 02 00 00
 14774 ms  64 B  05 07 00 c0 1f c1 1f 40 00 71 00 07 02 58 1f 34 1c 40 00 71 00 00 ff 00 00 00 00 00 00 00 00 00 ff 00 00 00 00 00 00 00 00 00 ff 00 00 00 00 00 00 00 00 00 ff 00 00 00 00 00 00 00 00 02 00 00
 14775 ms  64 B  05 07 00 d0 1f a4 1f 40 00 71 00 07 02 58 1f 34 1c 40 00 71 00 00 ff 00 00 00 00 00 00 00 00 00 ff 00 00 00 00 00 00 00 00 00 ff 00 00 00 00 00 00 00 00 00 ff 00 00 00 00 00 00 00 00 02 00 00
 14776 ms  64 B  05 07 00 e3 1f 7e 1f 40 00 71 00 07 02 58 1f 34 1c 40 00 71 00 00 ff 00 00 00 00 00 00 00 00 00 ff 00 00 00 00 00 00 00 00 00 ff 00 00 00 00 00 00 00 00 00 ff 00 00 00 00 00 00 00 00 02 00 00
 14783 ms  64 B  05 07 00 f5 1f 5f 1f 40 00 71 00 04 02 58 1f 34 1c 40 00 71 00 00 ff 00 00 00 00 00 00 00 00 00 ff 00 00 00 00 00 00 00 00 00 ff 00 00 00 00 00 00 00 00 00 ff 00 00 00 00 00 00 00 00 02 00 00
 14783 ms  64 B  05 07 00 08 20 3d 1f 40 00 71 00 00 ff 00 00 00 00 00 00 00 00 00 ff 00 00 00 00 00 00 00 00 00 ff 00 00 00 00 00 00 00 00 00 ff 00 00 00 00 00 00 00 00 00 ff 00 00 00 00 00 00 00 00 01 00 00
 14784 ms  64 B  05 07 00 1c 20 19 1f 40 00 71 00 00 ff 00 00 00 00 00 00 00 00 00 ff 00 00 00 00 00 00 00 00 00 ff 00 00 00 00 00 00 00 00 00 ff 00 00 00 00 00 00 00 00 00 ff 00 00 00 00 00 00 00 00 01 00 00
 14792 ms  64 B  05 07 00 2c 20 f0 1e 40 00 71 00 00 ff 00 00 00 00 00 00 00 00 00 ff 00 00 00 00 00 00 00 00 00 ff 00 00 00 00 00 00 00 00 00 ff 00 00 00 00 00 00 00 00 00 ff 00 00 00 00 00 00 00 00 01 00 00
 14792 ms  64 B  05 07 00 3a 20 c2 1e 40 00 71 00 00 ff 00 00 00 00 00 00 00 00 00 ff 00 00 00 00 00 00 00 00 00 ff 00 00 00 00 00 00 00 00 00 ff 00 00 00 00 00 00 00 00 00 ff 00 00 00 00 00 00 00 00 01 00 00
 14793 ms  64 B  05 07 00 46 20 8f 1e 40 00 71 00 00 ff 00 00 00 00 00 00 00 00 00 ff 00 00 00 00 00 00 00 00 00 ff 00 00 00 00 00 00 00 00 00 ff 00 00 00 00 00 00 00 00 00 ff 00 00 00 00 00 00 00 00 01 00 00
 14800 ms  64 B  05 07 00 55 20 67 1e 40 00 71 00 04 01 2a 20 0f 21 40 00 71 00 00 ff 00 00 00 00 00 00 00 00 00 ff 00 00 00 00 00 00 00 00 00 ff 00 00 00 00 00 00 00 00 00 ff 00 00 00 00 00 00 00 00 02 00 00
 14800 ms  64 B  05 07 00 65 20 41 1e 40 00 71 00 07 01 2a 20 0f 21 40 00 71 00 00 ff 00 00 00 00 00 00 00 00 00 ff 00 00 00 00 00 00 00 00 00 ff 00 00 00 00 00 00 00 00 00 ff 00 00 00 00 00 00 00 00 02 00 00
 14801 ms  64 B  05 07 00 77 20 1e 1e 40 00 71 00 07 01 2a 20 0f 21 40 00 71 00 00 ff 00 00 00 00 00 00 00 00 00 ff 00 00 00 00 00 00 00 00 00 ff 00 00 00 00 00 00 00 00 00 ff 00 00 00 00 00 00 00 00 02 00 00
 14809 ms  64 B  05 07 00 86 20 fe 1d 40 00 71 00 07 01 2a 20 0f 21 40 00 71 00 00 ff 00 00 00 00 00 00 00 00 00 ff 00 00 00 00 00 00 00 00 00 ff 00 00 00 00 00 00 00 00 00 ff 00 00 00 00 00 00 00 00 02 00 00
 14809 ms  64 B  05 07 00 94 20 e0 1d 40 00 71 00 07 01 2a 20 0f 21 40 00 71 00 00 ff 00 00 00 00 00 00 00 00 00 ff 00 00 00 00 00 00 00 00 00 ff 00 00 00 00 00 00 00 00 00 ff 00 00 00 00 00 00 00 00 02 00 00
 14810 ms  64 B  05 07 00 a1 20 c6 1d 40 00 71 00 07 01 2a 20 0f 21 40 00 71 00 00 ff 00 00 00 00 00 00 00 00 00 ff 00 00 00 00 00 00 00 00 00 ff 00 00 00 00 00 00 00 00 00 ff 00 00 00 00 00 00 00 00 02 00 00
 14816 ms  64 B  05 07 00 ad 20 af 1d 40 00 71 00 07 01 2a 20 0f 21 40 00 71 00 00 ff 00 00 00 00 00 00 00 00 00 ff 00 00 00 00 00 00 00 00 00 ff 00 00 00 00 00 00 00 00 00 ff 00 00 00 00 00 00 00 00 02 00 00
 14816 ms  64 B  05 07 00 b9 20 9a 1d 40 00 71 00 07 01 2a 20 0f 21 40 00 71 00 00 ff 00 00 00 00 00 00 00 00 00 ff 00 00 00 00 00 00 00 00 00 ff 00 00 00 00 00 00 00 00 00 ff 00 00 00 00 00 00 00 00 02 00 00
 14817 ms  64 B  05 07 00 c4 20 88 1d 40 00 71 00 07 01 2a 20 0f 21 40 00 71 00 00 ff 00 00 00 00 00 00 00 00 00 ff 00 00 00 00 00 00 00 00 00 ff 00 00 00 00 00 00 00 00 00 ff 00 00 00 00 00 00 00 00 02 00 00
 14824 ms  64 B  05 07 00 d1 20 78 1d 40 00 71 00 07 01 2a 20 0f 21 40 00 71 00 00 ff 00 00 00 00 00 00 00 00 00 ff 00 00 00 00 00 00 00 00 00 ff 00 00 00 00 00 00 00 00 00 ff 00 00 00 00 00 00 00 00 02 00 00
 14824 ms  64 B  05 07 00 df 20 6b 1d 40 00 71 00 07 01 2a 20 0f 21 40 00 71 00 00 ff 00 00 00 00 00 00 00 00 00 ff 00 00 00 00 00 00 00 00 00 ff 00 00 00 00 00 00 00 00 00 ff 00 00 00 00 00 00 00 00 02 00 00
 14825 ms  64 B  05 07 00 ef 20 61 1d 40 00 71 00 07 01 2a 20 0f 21 40 00 71 00 00 ff 00 00 00 00 00 00 00 00 00 ff 00 00 00 00 00 00 00 00 00 ff 00 00 00 00 00 00 00 00 00 ff 00 00 00 00 00 00 00 00 02 00 00
 14832 ms  64 B  05 07 00 fd 20 57 1d 40 00 71 00 07 01 2a 20 0f 21 40 00 71 00 00 ff 00 00 00 00 00 00 00 00 00 ff 00 00 00 00 00 00 00 00 00 ff 00 00 00 00 00 00 00 00 00 ff 00 00 00 00 00 00 00 00 02 00 00
 14832 ms  64 B  05 07 00 0b 21 4f 1d 40 00 71 00 07 01 2a 20 0f 21 40 00 71 00 00 ff 00 00 00 00 00 00 00 00 00 ff 00 00 00 00 00 00 00 00 00 ff 00 00 00 00 00 00 00 00 00 ff 00 00 00 00 00 00 00 00 02 00 00
 14833 ms  64 B  05 07 00 18 21 48 1d 40 00 71 00 07 01 2a 20 0f 21 40 00 71 00 00 ff 00 00 00 00 00 00 00 00 00 ff 00 00 00 00 00 00 00 00 00 ff 00 00 00 00 00 00 00 00 00 ff 00 00 00 00 00 00 00 00 02 00 00
 14839 ms  64 B  05 07 00 24 21 61 1d 40 00 71 00 07 01 2a 20 0f 21 40 00 71 00 00 ff 00 00 00 00 00 00 00 00 00 ff 00 00 00 00 00 00 00 00 00 ff 00 00 00 00 00 00 00 00 00 ff 00 00 00 00 00 00 00 00 02 00 00
 14839 ms  64 B  05 07 00 30 21 8b 1d 40 00 71 00 07 01 2a 20 0f 21 40 00 71 00 00 ff 00 00 00 00 00 00 00 00 00 ff 00 00 00 00 00 00 00 00 00 ff 00 00 00 00 00 00 00 00 00 ff 00 00 00 00 00 00 00 00 02 00 00
 14840 ms  64 B  05 07 00 3b 21 c6 1d 40 00 71 00 07 01 2a 20 0f 21 40 00 71 00 00 ff 00 00 00 00 00 00 00 00 00 ff 00 00 00 00 00 00 00 00 00 ff 00 00 00 00 00 00 00 00 00 ff 00 00 00 00 00 00 00 00 02 00 00
 14847 ms  64 B  05 07 00 46 21 00 1e 40 00 71 00 07 01 2a 20 0f 21 40 00 71 00 00 ff 00 00 00 00 00 00 00 00 00 ff 00 00 00 00 00 00 00 00 00 ff 00 00 00 00 00 00 00 00 00 ff 00 00 00 00 00 00 00 00 02 00 00
 14847 ms  64 B  05 07 00 52 21 43 1e 40 00 71 00 07 01 2a 20 0f 21 40 00 71 00 00 ff 00 00 00 00 00 00 00 00 00 ff 00 00 00 00 00 00 00 00 00 ff 00 00 00 00 00 00 00 00 00 ff 00 00 00 00 00 00 00 00 02 00 00
 14848 ms  64 B  05 07 00 5e 21 8f 1e 40 00 71 00 07 01 2a 20 0f 21 40 00 71 00 00 ff 00 00 00 00 00 00 00 00 00 ff 00 00 00 00 00 00 00 00 00 ff 00 00 00 00 00 00 00 00 00 ff 00 00 00 00 00 00 00 00 02 00 00
 14854 ms  64 B  05 07 00 69 21 d0 1e 40 00 71 00 04 01 2a 20 0f 21 40 00 71 00 00 ff 00 00 00 00 00 00 00 00 00 ff 00 00 00 00 00 00 00 00 00 ff 00 00 00 00 00 00 00 00 00 ff 00 00 00 00 00 00 00 00 02 00 00
 14854 ms  64 B  05 07 00 75 21 0f 1f 40 00 71 00 00 ff 00 00 00 00 00 00 00 00 00 ff 00 00 00 00 00 00 00 00 00 ff 00 00 00 00 00 00 00 00 00 ff 00 00 00 00 00 00 00 00 00 ff 00 00 00 00 00 00 00 00 01 00 00
 14855 ms  64 B  05 07 00 81 21 4c 1f 40 00 71 00 00 ff 00 00 00 00 00 00 00 00 00 ff 00 00 00 00 00 00 00 00 00 ff 00 00 00 00 00 00 00 00 00 ff 00 00 00 00 00 00 00 00 00 ff 00 00 00 00 00 00 00 00 01 00 00
 14861 ms  64 B  05 07 00 8c 21 83 1f 40 00 71 00 00 ff 00 00 00 00 00 00 00 00 00 ff 00 00 00 00 00 00 00 00 00 ff 00 00 00 00 00 00 00 00 00 ff 00 00 00 00 00 00 00 00 00 ff 00 00 00 00 00 00 00 00 01 00 00
 14861 ms  64 B  05 07 00 98 21 b4 1f 40 00 71 00 00 ff 00 00 00 00 00 00 00 00 00 ff 00 00 00 00 00 00 00 00 00 ff 00 00 00 00 00 00 00 00 00 ff 00 00 00 00 00 00 00 00 00 ff 00 00 00 00 00 00 00 00 01 00 00
 14862 ms  64 B  05 07 00 a4 21 e2 1f 40 00 71 00 00 ff 00 00 00 00 00 00 00 00 00 ff 00 00 00 00 00 00 00 00 00 ff 00 00 00 00 00 00 00 00 00 ff 00 00 00 00 00 00 00 00 00 ff 00 00 00 00 00 00 00 00 01 00 00
 14869 ms  64 B  05 07 00 af 21 0f 20 40 00 71 00 00 ff 00 00 00 00 00 00 00 00 00 ff 00 00 00 00 00 00 00 00 00 ff 00 00 00 00 00 00 00 00 00 ff 00 00 00 00 00 00 00 00 00 ff 00 00 00 00 00 00 00 00 01 00 00
 14869 ms  64 B  05 07 00 bb 21 39 20 40 00 71 00 00 ff 00 00 00 00 00 00 00 00 00 ff 00 00 00 00 00 00 00 00 00 ff 00 00 00 00 00 00 00 00 00 ff 00 00 00 00 00 00 00 00 00 ff 00 00 00 00 00 00 00 00 01 00 00
 14870 ms  64 B  05 07 00 c8 21 60 20 40 00 71 00 00 ff 00 00 00 00 00 00 00 00 00 ff 00 00 00 00 00 00 00 00 00 ff 00 00 00 00 00 00 00 00 00 ff 00 00 00 00 00 00 00 00 00 ff 00 00 00 00 00 00 00 00 01 00 00
 14877 ms  64 B  05 07 00 d4 21 8c 20 40 00 71 00 00 ff 00 00 00 00 00 00 00 00 00 ff 00 00 00 00 00 00 00 00 00 ff 00 00 00 00 00 00 00 00 00 ff 00 00 00 00 00 00 00 00 00 ff 00 00 00 00 00 00 00 00 01 00 00
 14877 ms  64 B  05 07 00 df 21 bb 20 40 00 71 00 00 ff 00 00 00 00 00 00 00 00 00 ff 00 00 00 00 00 00 00 00 00 ff 00 00 00 00 00 00 00 00 00 ff 00 00 00 00 00 00 00 00 00 ff 00 00 00 00 00 00 00 00 01 00 00
 14878 ms  64 B  05 07 00 eb 21 eb 20 40 00 71 00 00 ff 00 00 00 00 00 00 00 00 00 ff 00 00 00 00 00 00 00 00 00 ff 00 00 00 00 00 00 00 00 00 ff 00 00 00 00 00 00 00 00 00 ff 00 00 00 00 00 00 00 00 01 00 00
 14886 ms  64 B  05 07 00 f6 21 1e 21 40 00 71 00 00 ff 00 00 00 00 00 00 00 00 00 ff 00 00 00 00 00 00 00 00 00 ff 00 00 00 00 00 00 00 00 00 ff 00 00 00 00 00 00 00 00 00 ff 00 00 00 00 00 00 00 00 01 00 00
 14886 ms  64 B  05 07 00 02 22 54 21 40 00 71 00 00 ff 00 00 00 00 00 00 00 00 00 ff 00 00 00 00 00 00 00 00 00 ff 00 00 00 00 00 00 00 00 00 ff 00 00 00 00 00 00 00 00 00 ff 00 00 00 00 00 00 00 00 01 00 00
 14887 ms  64 B  05 07 00 0e 22 8e 21 40 00 71 00 00 ff 00 00 00 00 00 00 00 00 00 ff 00 00 00 00 00 00 00 00 00 ff 00 00 00 00 00 00 00 00 00 ff 00 00 00 00 00 00 00 00 00 ff 00 00 00 00 00 00 00 00 01 00 00
 14895 ms  64 B  05 07 00 19 22 bf 21 40 00 71 00 00 ff 00 00 00 00 00 00 00 00 00 ff 00 00 00 00 00 00 00 00 00 ff 00 00 00 00 00 00 00 00 00 ff 00 00 00 00 00 00 00 00 00 ff 00 00 00 00 00 00 00 00 01 00 00
 14895 ms  64 B  05 07 00 25 22 ed 21 40 00 71 00 00 ff 00 00 00 00 00 00 00 00 00 ff 00 00 00 00 00 00 00 00 00 ff 00 00 00 00 00 00 00 00 00 ff 00 00 00 00 00 00 00 00 00 ff 00 00 00 00 00 00 00 00 01 00 00
 14896 ms  64 B  05 07 00 31 22 18 22 40 00 71 00 00 ff 00 00 00 00 00 00 00 00 00 ff 00 00 00 00 00 00 00 00 00 ff 00 00 00 00 00 00 00 00 00 ff 00 00 00 00 00 00 00 00 00 ff 00 00 00 00 00 00 00 00 01 00 00
 14902 ms  64 B  05 07 00 3c 22 43 22 40 00 71 00 00 ff 00 00 00 00 00 00 00 00 00 ff 00 00 00 00 00 00 00 00 00 ff 00 00 00 00 00 00 00 00 00 ff 00 00 00 00 00 00 00 00 00 ff 00 00 00 00 00 00 00 00 01 00 00
 14903 ms  64 B  05 07 00 48 22 6c 22 40 00 71 00 00 ff 00 00 00 00 00 00 00 00 00 ff 00 00 00 00 00 00 00 00 00 ff 00 00 00 00 00 00 00 00 00 ff 00 00 00 00 00 00 00 00 00 ff 00 00 00 00 00 00 00 00 01 00 00
 14904 ms  64 B  05 07 00 54 22 95 22 40 00 71 00 00 ff 00 00 00 00 00 00 00 00 00 ff 00 00 00 00 00 00 00 00 00 ff 00 00 00 00 00 00 00 00 00 ff 00 00 00 00 00 00 00 00 00 ff 00 00 00 00 00 00 00 00 01 00 00
 14911 ms  64 B  05 07 00 61 22 b9 22 40 00 71 00 04 01 94 22 8b 1f 40 00 71 00 00 ff 00 00 00 00 00 00 00 00 00 ff 00 00 00 00 00 00 00 00 00 ff 00 00 00 00 00 00 00 00 00 ff 00 00 00 00 00 00 00 00 02 00 00
 14911 ms  64 B  05 07 00 6e 22 db 22 40 00 71 00 07 01 94 22 8b 1f 40 00 71 00 00 ff 00 00 00 00 00 00 00 00 00 ff 00 00 00 00 00 00 00 00 00 ff 00 00 00 00 00 00 00 00 00 ff 00 00 00 00 00 00 00 00 02 00 00
 14912 ms  64 B  05 07 00 7e 22 fa 22 40 00 71 00 07 01 94 22 8b 1f 40 00 71 00 00 ff 00 00 00 00 00 00 00 00 00 ff 00 00 00 00 00 00 00 00 00 ff 00 00 00 00 00 00 00 00 00 ff 00 00 00 00 00 00 00 00 02 00 00
 14920 ms  64 B  05 07 00 8a 22 14 23 40 00 71 00 07 01 94 22 8b 1f 40 00 71 00 00 ff 00 00 00 00 00 00 00 00 00 ff 00 00 00 00 00 00 00 00 00 ff 00 00 00 00 00 00 00 00 00 ff 00 00 00 00 00 00 00 00 02 00 00
 14920 ms  64 B  05 07 00 96 22 29 23 40 00 71 00 07 01 94 22 8b 1f 40 00 71 00 00 ff 00 00 00 00 00 00 00 00 00 ff 00 00 00 00 00 00 00 00 00 ff 00 00 00 00 00 00 00 00 00 ff 00 00 00 00 00 00 00 00 02 00 00
 14921 ms  64 B  05 07 00 a1 22 39 23 40 00 71 00 07 01 94 22 8b 1f 40 00 71 00 00 ff 00 00 00 00 00 00 00 00 00 ff 00 00 00 00 00 00 00 00 00 ff 00 00 00 00 00 00 00 00 00 ff 00 00 00 00 00 00 00 00 02 00 00
 14928 ms  64 B  05 07 00 ac 22 43 23 40 00 71 00 07 01 94 22 8b 1f 40 00 71 00 00 ff 00 00 00 00 00 00 00 00 00 ff 00 00 00 00 00 00 00 00 00 ff 00 00 00 00 00 00 00 00 00 ff 00 00 00 00 00 00 00 00 02 00 00
 14928 ms  64 B  05 07 00 b8 22 47 23 40 00 71 00 07 01 94 22 8b 1f 40 00 71 00 00 ff 00 00 00 00 00 00 00 00 00 ff 00 00 00 00 00 00 00 00 00 ff 00 00 00 00 00 00 00 00 00 ff 00 00 00 00 00 00 00 00 02 00 00
 14929 ms  64 B  05 07 00 c4 22 45 23 40 00 71 00 07 01 94 22 8b 1f 40 00 71 00 00 ff 00 00 00 00 00 00 00 00 00 ff 00 00 00 00 00 00 00 00 00 ff 00 00 00 00 00 00 00 00 00 ff 00 00 00 00 00 00 00 00 02 00 00
 14936 ms  64 B  05 07 00 d1 22 44 23 40 00 71 00 07 01 94 22 8b 1f 40 00 71 00 00 ff 00 00 00 00 00 00 00 00 00 ff 00 00 00 00 00 00 00 00 00 ff 00 00 00 00 00 00 00 00 00 ff 00 00 00 00 00 00 00 00 02 00 00
 14936 ms  64 B  05 07 00 de 22 40 23 40 00 71 00 07 01 94 22 8b 1f 40 00 71 00 00 ff 00 00 00 00 00 00 00 00 00 ff 00 00 00 00 00 00 00 00 00 ff 00 00 00 00 00 00 00 00 00 ff 00 00 00 00 00 00 00 00 02 00 00
 14937 ms  64 B  05 07 00 ee 22 39 23 40 00 71 00 07 01 94 22 8b 1f 40 00 71 00 00 ff 00 00 00 00 00 00 00 00 00 ff 00 00 00 00 00 00 00 00 00 ff 00 00 00 00 00 00 00 00 00 ff 00 00 00 00 00 00 00 00 02 00 00
 14943 ms  64 B  05 07 00 fc 22 36 23 40 00 71 00 04 01 94 22 8b 1f 40 00 71 00 00 ff 00 00 00 00 00 00 00 00 00 ff 00 00 00 00 00 00 00 00 00 ff 00 00 00 00 00 00 00 00 00 ff 00 00 00 00 00 00 00 00 02 00 00
 14943 ms  64 B  05 07 00 0a 23 31 23 40 00 71 00 00 ff 00 00 00 00 00 00 00 00 00 ff 00 00 00 00 00 00 00 00 00 ff 00 00 00 00 00 00 00 00 00 ff 00 00 00 00 00 00 00 00 00 ff 00 00 00 00 00 00 00 00 01 00 00
 14944 ms  64 B  05 07 00 18 23 2c 23 40 00 71 00 00 ff 00 00 00 00 00 00 00 00 00 ff 00 00 00 00 00 00 00 00 00 ff 00 00 00 00 00 00 00 00 00 ff 00 00 00 00 00 00 00 00 00 ff 00 00 00 00 00 00 00 00 01 00 00
 14949 ms  64 B  05 07 00 26 23 2a 23 40 00 71 00 00 ff 00 00 00 00 00 00 00 00 00 ff 00 00 00 00 00 00 00 00 00 ff 00 00 00 00 00 00 00 00 00 ff 00 00 00 00 00 00 00 00 00 ff 00 00 00 00 00 00 00 00 01 00 00
 14950 ms  64 B  05 07 00 34 23 2b 23 40 00 71 00 00 ff 00 00 00 00 00 00 00 00 00 ff 00 00 00 00 00 00 00 00 00 ff 00 00 00 00 00 00 00 00 00 ff 00 00 00 00 00 00 00 00 00 ff 00 00 00 00 00 00 00 00 01 00 00
 14951 ms  64 B  05 07 00 42 23 2c 23 40 00 71 00 00 ff 00 00 00 00 00 00 00 00 00 ff 00 00 00 00 00 00 00 00 00 ff 00 00 00 00 00 00 00 00 00 ff 00 00 00 00 00 00 00 00 00 ff 00 00 00 00 00 00 00 00 01 00 00
 14956 ms  64 B  05 07 00 50 23 2c 23 40 00 71 00 00 ff 00 00 00 00 00 00 00 00 00 ff 00 00 00 00 00 00 00 00 00 ff 00 00 00 00 00 00 00 00 00 ff 00 00 00 00 00 00 00 00 00 ff 00 00 00 00 00 00 00 00 01 00 00
 14957 ms  64 B  05 07 00 5e 23 2c 23 40 00 71 00 00 ff 00 00 00 00 00 00 00 00 00 ff 00 00 00 00 00 00 00 00 00 ff 00 00 00 00 00 00 00 00 00 ff 00 00 00 00 00 00 00 00 00 ff 00 00 00 00 00 00 00 00 01 00 00
 14958 ms  64 B  05 07 00 6c 23 2c 23 40 00 71 00 00 ff 00 00 00 00 00 00 00 00 00 ff 00 00 00 00 00 00 00 00 00 ff 00 00 00 00 00 00 00 00 00 ff 00 00 00 00 00 00 00 00 00 ff 00 00 00 00 00 00 00 00 01 00 00
 14963 ms  64 B  05 07 00 77 23 2c 23 40 00 71 00 00 ff 00 00 00 00 00 00 00 00 00 ff 00 00 00 00 00 00 00 00 00 ff 00 00 00 00 00 00 00 00 00 ff 00 00 00 00 00 00 00 00 00 ff 00 00 00 00 00 00 00 00 01 00 00
 14964 ms  64 B  05 07 00 80 23 2c 23 40 00 71 00 00 ff 00 00 00 00 00 00 00 00 00 ff 00 00 00 00 00 00 00 00 00 ff 00 00 00 00 00 00 00 00 00 ff 00 00 00 00 00 00 00 00 00 ff 00 00 00 00 00 00 00 00 01 00 00
 14965 ms  64 B  05 07 00 89 23 2c 23 40 00 71 00 00 ff 00 00 00 00 00 00 00 00 00 ff 00 00 00 00 00 00 00 00 00 ff 00 00 00 00 00 00 00 00 00 ff 00 00 00 00 00 00 00 00 00 ff 00 00 00 00 00 00 00 00 01 00 00
 14970 ms  64 B  05 07 00 93 23 32 23 40 00 71 00 00 ff 00 00 00 00 00 00 00 00 00 ff 00 00 00 00 00 00 00 00 00 ff 00 00 00 00 00 00 00 00 00 ff 00 00 00 00 00 00 00 00 00 ff 00 00 00 00 00 00 00 00 01 00 00
 14971 ms  64 B  05 07 00 9f 23 3a 23 40 00 71 00 00 ff 00 00 00 00 00 00 00 00 00 ff 00 00 00 00 00 00 00 00 00 ff 00 00 00 00 00 00 00 00 00 ff 00 00 00 00 00 00 00 00 00 ff 00 00 00 00 00 00 00 00 01 00 00
 14972 ms  64 B  05 07 00 ac 23 45 23 40 00 71 00 00 ff 00 00 00 00 00 00 00 00 00 ff 00 00 00 00 00 00 00 00 00 ff 00 00 00 00 00 00 00 00 00 ff 00 00 00 00 00 00 00 00 00 ff 00 00 00 00 00 00 00 00 01 00 00
 14978 ms  64 B  05 07 00 b6 23 53 23 40 00 71 00 00 ff 00 00 00 00 00 00 00 00 00 ff 00 00 00 00 00 00 00 00 00 ff 00 00 00 00 00 00 00 00 00 ff 00 00 00 00 00 00 00 00 00 ff 00 00 00 00 00 00 00 00 01 00 00
 14979 ms  64 B  05 07 00 c0 23 64 23 40 00 71 00 00 ff 00 00 00 00 00 00 00 00 00 ff 00 00 00 00 00 00 00 00 00 ff 00 00 00 00 00 00 00 00 00 ff 00 00 00 00 00 00 00 00 00 ff 00 00 00 00 00 00 00 00 01 00 00
 14980 ms  64 B  05 07 00 c8 23 78 23 40 00 71 00 00 ff 00 00 00 00 00 00 00 00 00 ff 00 00 00 00 00 00 00 00 00 ff 00 00 00 00 00 00 00 00 00 ff 00 00 00 00 00 00 00 00 00 ff 00 00 00 00 00 00 00 00 01 00 00
 14987 ms  64 B  05 07 00 d2 23 8a 23 40 00 71 00 00 ff 00 00 00 00 00 00 00 00 00 ff 00 00 00 00 00 00 00 00 00 ff 00 00 00 00 00 00 00 00 00 ff 00 00 00 00 00 00 00 00 00 ff 00 00 00 00 00 00 00 00 01 00 00
 14988 ms  64 B  05 07 00 dd 23 9f 23 40 00 71 00 00 ff 00 00 00 00 00 00 00 00 00 ff 00 00 00 00 00 00 00 00 00 ff 00 00 00 00 00 00 00 00 00 ff 00 00 00 00 00 00 00 00 00 ff 00 00 00 00 00 00 00 00 01 00 00
 14989 ms  64 B  05 07 00 eb 23 b6 23 40 00 71 00 00 ff 00 00 00 00 00 00 00 00 00 ff 00 00 00 00 00 00 00 00 00 ff 00 00 00 00 00 00 00 00 00 ff 00 00 00 00 00 00 00 00 00 ff 00 00 00 00 00 00 00 00 01 00 00
 14995 ms  64 B  05 07 00 f6 23 cd 23 40 00 71 00 00 ff 00 00 00 00 00 00 00 00 00 ff 00 00 00 00 00 00 00 00 00 ff 00 00 00 00 00 00 00 00 00 ff 00 00 00 00 00 00 00 00 00 ff 00 00 00 00 00 00 00 00 01 00 00
 14996 ms  64 B  05 07 00 02 24 e6 23 40 00 71 00 00 ff 00 00 00 00 00 00 00 00 00 ff 00 00 00 00 00 00 00 00 00 ff 00 00 00 00 00 00 00 00 00 ff 00 00 00 00 00 00 00 00 00 ff 00 00 00 00 00 00 00 00 01 00 00
 14997 ms  64 B  05 07 00 0e 24 02 24 40 00 71 00 00 ff 00 00 00 00 00 00 00 00 00 ff 00 00 00 00 00 00 00 00 00 ff 00 00 00 00 00 00 00 00 00 ff 00 00 00 00 00 00 00 00 00 ff 00 00 00 00 00 00 00 00 01 00 00
 15005 ms  64 B  05 07 00 19 24 19 24 40 00 71 00 00 ff 00 00 00 00 00 00 00 00 00 ff 00 00 00 00 00 00 00 00 00 ff 00 00 00 00 00 00 00 00 00 ff 00 00 00 00 00 00 00 00 00 ff 00 00 00 00 00 00 00 00 01 00 00
 15006 ms  64 B  05 07 00 25 24 2d 24 40 00 71 00 00 ff 00 00 00 00 00 00 00 00 00 ff 00 00 00 00 00 00 00 00 00 ff 00 00 00 00 00 00 00 00 00 ff 00 00 00 00 00 00 00 00 00 ff 00 00 00 00 00 00 00 00 01 00 00
 15008 ms  64 B  05 07 00 31 24 41 24 40 00 71 00 00 ff 00 00 00 00 00 00 00 00 00 ff 00 00 00 00 00 00 00 00 00 ff 00 00 00 00 00 00 00 00 00 ff 00 00 00 00 00 00 00 00 00 ff 00 00 00 00 00 00 00 00 01 00 00
 15014 ms  64 B  05 07 00 3b 24 53 24 40 00 71 00 00 ff 00 00 00 00 00 00 00 00 00 ff 00 00 00 00 00 00 00 00 00 ff 00 00 00 00 00 00 00 00 00 ff 00 00 00 00 00 00 00 00 00 ff 00 00 00 00 00 00 00 00 01 00 00
 15014 ms  64 B  05 07 00 45 24 63 24 40 00 71 00 00 ff 00 00 00 00 00 00 00 00 00 ff 00 00 00 00 00 00 00 00 00 ff 00 00 00 00 00 00 00 00 00 ff 00 00 00 00 00 00 00 00 00 ff 00 00 00 00 00 00 00 00 01 00 00
 15015 ms  64 B  05 07 00 4d 24 73 24 40 00 71 00 00 ff 00 00 00 00 00 00 00 00 00 ff 00 00 00 00 00 00 00 00 00 ff 00 00 00 00 00 00 00 00 00 ff 00 00 00 00 00 00 00 00 00 ff 00 00 00 00 00 00 00 00 01 00 00
 15021 ms  64 B  05 07 00 56 24 86 24 40 00 71 00 00 ff 00 00 00 00 00 00 00 00 00 ff 00 00 00 00 00 00 00 00 00 ff 00 00 00 00 00 00 00 00 00 ff 00 00 00 00 00 00 00 00 00 ff 00 00 00 00 00 00 00 00 01 00 00
 15022 ms  64 B  05 07 00 5f 24 9b 24 40 00 71 00 00 ff 00 00 00 00 00 00 00 00 00 ff 00 00 00 00 00 00 00 00 00 ff 00 00 00 00 00 00 00 00 00 ff 00 00 00 00 00 00 00 00 00 ff 00 00 00 00 00 00 00 00 01 00 00
 15023 ms  64 B  05 07 00 69 24 b2 24 40 00 71 00 00 ff 00 00 00 00 00 00 00 00 00 ff 00 00 00 00 00 00 00 00 00 ff 00 00 00 00 00 00 00 00 00 ff 00 00 00 00 00 00 00 00 00 ff 00 00 00 00 00 00 00 00 01 00 00
 15029 ms  64 B  05 07 00 73 24 c4 24 40 00 71 00 00 ff 00 00 00 00 00 00 00 00 00 ff 00 00 00 00 00 00 00 00 00 ff 00 00 00 00 00 00 00 00 00 ff 00 00 00 00 00 00 00 00 00 ff 00 00 00 00 00 00 00 00 01 00 00
 15030 ms  64 B  05 07 00 7e 24 d4 24 40 00 71 00 00 ff 00 00 00 00 00 00 00 00 00 ff 00 00 00 00 00 00 00 00 00 ff 00 00 00 00 00 00 00 00 00 ff 00 00 00 00 00 00 00 00 00 ff 00 00 00 00 00 00 00 00 01 00 00
 15031 ms  64 B  05 07 00 8c 24 e4 24 40 00 71 00 00 ff 00 00 00 00 00 00 00 00 00 ff 00 00 00 00 00 00 00 00 00 ff 00 00 00 00 00 00 00 00 00 ff 00 00 00 00 00 00 00 00 00 ff 00 00 00 00 00 00 00 00 01 00 00
 15037 ms  64 B  05 07 00 99 24 f4 24 40 00 71 00 00 ff 00 00 00 00 00 00 00 00 00 ff 00 00 00 00 00 00 00 00 00 ff 00 00 00 00 00 00 00 00 00 ff 00 00 00 00 00 00 00 00 00 ff 00 00 00 00 00 00 00 00 01 00 00
 15038 ms  64 B  05 07 00 a6 24 05 25 40 00 71 00 00 ff 00 00 00 00 00 00 00 00 00 ff 00 00 00 00 00 00 00 00 00 ff 00 00 00 00 00 00 00 00 00 ff 00 00 00 00 00 00 00 00 00 ff 00 00 00 00 00 00 00 00 01 00 00
 15039 ms  64 B  05 07 00 b6 24 17 25 40 00 71 00 00 ff 00 00 00 00 00 00 00 00 00 ff 00 00 00 00 00 00 00 00 00 ff 00 00 00 00 00 00 00 00 00 ff 00 00 00 00 00 00 00 00 00 ff 00 00 00 00 00 00 00 00 01 00 00
 15044 ms  64 B  05 07 00 c2 24 28 25 40 00 71 00 00 ff 00 00 00 00 00 00 00 00 00 ff 00 00 00 00 00 00 00 00 00 ff 00 00 00 00 00 00 00 00 00 ff 00 00 00 00 00 00 00 00 00 ff 00 00 00 00 00 00 00 00 01 00 00
 15045 ms  64 B  05 07 00 ce 24 38 25 40 00 71 00 00 ff 00 00 00 00 00 00 00 00 00 ff 00 00 00 00 00 00 00 00 00 ff 00 00 00 00 00 00 00 00 00 ff 00 00 00 00 00 00 00 00 00 ff 00 00 00 00 00 00 00 00 01 00 00
 15046 ms  64 B  05 07 00 d9 24 49 25 40 00 71 00 00 ff 00 00 00 00 00 00 00 00 00 ff 00 00 00 00 00 00 00 00 00 ff 00 00 00 00 00 00 00 00 00 ff 00 00 00 00 00 00 00 00 00 ff 00 00 00 00 00 00 00 00 01 00 00
 15052 ms  64 B  05 07 00 e6 24 5c 25 40 00 71 00 00 ff 00 00 00 00 00 00 00 00 00 ff 00 00 00 00 00 00 00 00 00 ff 00 00 00 00 00 00 00 00 00 ff 00 00 00 00 00 00 00 00 00 ff 00 00 00 00 00 00 00 00 01 00 00
 15053 ms  64 B  05 07 00 f3 24 71 25 40 00 71 00 00 ff 00 00 00 00 00 00 00 00 00 ff 00 00 00 00 00 00 00 00 00 ff 00 00 00 00 00 00 00 00 00 ff 00 00 00 00 00 00 00 00 00 ff 00 00 00 00 00 00 00 00 01 00 00
 15054 ms  64 B  05 07 00 03 25 88 25 40 00 71 00 00 ff 00 00 00 00 00 00 00 00 00 ff 00 00 00 00 00 00 00 00 00 ff 00 00 00 00 00 00 00 00 00 ff 00 00 00 00 00 00 00 00 00 ff 00 00 00 00 00 00 00 00 01 00 00
 15059 ms  64 B  05 07 00 0f 25 9a 25 40 00 71 00 00 ff 00 00 00 00 00 00 00 00 00 ff 00 00 00 00 00 00 00 00 00 ff 00 00 00 00 00 00 00 00 00 ff 00 00 00 00 00 00 00 00 00 ff 00 00 00 00 00 00 00 00 01 00 00
 15060 ms  64 B  05 07 00 1b 25 aa 25 40 00 71 00 00 ff 00 00 00 00 00 00 00 00 00 ff 00 00 00 00 00 00 00 00 00 ff 00 00 00 00 00 00 00 00 00 ff 00 00 00 00 00 00 00 00 00 ff 00 00 00 00 00 00 00 00 01 00 00
 15061 ms  64 B  05 07 00 26 25 ba 25 40 00 71 00 00 ff 00 00 00 00 00 00 00 00 00 ff 00 00 00 00 00 00 00 00 00 ff 00 00 00 00 00 00 00 00 00 ff 00 00 00 00 00 00 00 00 00 ff 00 00 00 00 00 00 00 00 01 00 00
 15066 ms  64 B  05 07 00 31 25 ca 25 40 00 71 00 00 ff 00 00 00 00 00 00 00 00 00 ff 00 00 00 00 00 00 00 00 00 ff 00 00 00 00 00 00 00 00 00 ff 00 00 00 00 00 00 00 00 00 ff 00 00 00 00 00 00 00 00 01 00 00
 15067 ms  64 B  05 07 00 3d 25 db 25 40 00 71 00 00 ff 00 00 00 00 00 00 00 00 00 ff 00 00 00 00 00 00 00 00 00 ff 00 00 00 00 00 00 00 00 00 ff 00 00 00 00 00 00 00 00 00 ff 00 00 00 00 00 00 00 00 01 00 00
 15068 ms  64 B  05 07 00 4a 25 ed 25 40 00 71 00 00 ff 00 00 00 00 00 00 00 00 00 ff 00 00 00 00 00 00 00 00 00 ff 00 00 00 00 00 00 00 00 00 ff 00 00 00 00 00 00 00 00 00 ff 00 00 00 00 00 00 00 00 01 00 00
 15074 ms  64 B  05 07 00 56 25 fb 25 40 00 71 00 00 ff 00 00 00 00 00 00 00 00 00 ff 00 00 00 00 00 00 00 00 00 ff 00 00 00 00 00 00 00 00 00 ff 00 00 00 00 00 00 00 00 00 ff 00 00 00 00 00 00 00 00 01 00 00
 15075 ms  64 B  05 07 00 61 25 07 26 40 00 71 00 00 ff 00 00 00 00 00 00 00 00 00 ff 00 00 00 00 00 00 00 00 00 ff 00 00 00 00 00 00 00 00 00 ff 00 00 00 00 00 00 00 00 00 ff 00 00 00 00 00 00 00 00 01 00 00
 15076 ms  64 B  05 07 00 6d 25 12 26 40 00 71 00 00 ff 00 00 00 00 00 00 00 00 00 ff 00 00 00 00 00 00 00 00 00 ff 00 00 00 00 00 00 00 00 00 ff 00 00 00 00 00 00 00 00 00 ff 00 00 00 00 00 00 00 00 01 00 00
 15081 ms  64 B  05 07 00 78 25 21 26 40 00 71 00 00 ff 00 00 00 00 00 00 00 00 00 ff 00 00 00 00 00 00 00 00 00 ff 00 00 00 00 00 00 00 00 00 ff 00 00 00 00 00 00 00 00 00 ff 00 00 00 00 00 00 00 00 01 00 00
 15082 ms  64 B  05 07 00 84 25 32 26 40 00 71 00 00 ff 00 00 00 00 00 00 00 00 00 ff 00 00 00 00 00 00 00 00 00 ff 00 00 00 00 00 00 00 00 00 ff 00 00 00 00 00 00 00 00 00 ff 00 00 00 00 00 00 00 00 01 00 00
 15083 ms  64 B  05 07 00 90 25 45 26 40 00 71 00 00 ff 00 00 00 00 00 00 00 00 00 ff 00 00 00 00 00 00 00 00 00 ff 00 00 00 00 00 00 00 00 00 ff 00 00 00 00 00 00 00 00 00 ff 00 00 00 00 00 00 00 00 01 00 00
 15088 ms  64 B  05 07 00 9d 25 56 26 40 00 71 00 00 ff 00 00 00 00 00 00 00 00 00 ff 00 00 00 00 00 00 00 00 00 ff 00 00 00 00 00 00 00 00 00 ff 00 00 00 00 00 00 00 00 00 ff 00 00 00 00 00 00 00 00 01 00 00
 15089 ms  64 B  05 07 00 aa 25 66 26 40 00 71 00 00 ff 00 00 00 00 00 00 00 00 00 ff 00 00 00 00 00 00 00 00 00 ff 00 00 00 00 00 00 00 00 00 ff 00 00 00 00 00 00 00 00 00 ff 00 00 00 00 00 00 00 00 01 00 00
 15090 ms  64 B  05 07 00 ba 25 77 26 40 00 71 00 00 ff 00 00 00 00 00 00 00 00 00 ff 00 00 00 00 00 00 00 00 00 ff 00 00 00 00 00 00 00 00 00 ff 00 00 00 00 00 00 00 00 00 ff 00 00 00 00 00 00 00 00 01 00 00
 15095 ms  64 B  05 07 00 c6 25 87 26 40 00 71 00 00 ff 00 00 00 00 00 00 00 00 00 ff 00 00 00 00 00 00 00 00 00 ff 00 00 00 00 00 00 00 00 00 ff 00 00 00 00 00 00 00 00 00 ff 00 00 00 00 00 00 00 00 01 00 00
 15096 ms  64 B  05 07 00 d2 25 98 26 40 00 71 00 00 ff 00 00 00 00 00 00 00 00 00 ff 00 00 00 00 00 00 00 00 00 ff 00 00 00 00 00 00 00 00 00 ff 00 00 00 00 00 00 00 00 00 ff 00 00 00 00 00 00 00 00 01 00 00
 15097 ms  64 B  05 07 00 dd 25 a9 26 40 00 71 00 00 ff 00 00 00 00 00 00 00 00 00 ff 00 00 00 00 00 00 00 00 00 ff 00 00 00 00 00 00 00 00 00 ff 00 00 00 00 00 00 00 00 00 ff 00 00 00 00 00 00 00 00 01 00 00
 15102 ms  64 B  05 07 00 e8 25 b9 26 40 00 71 00 00 ff 00 00 00 00 00 00 00 00 00 ff 00 00 00 00 00 00 00 00 00 ff 00 00 00 00 00 00 00 00 00 ff 00 00 00 00 00 00 00 00 00 ff 00 00 00 00 00 00 00 00 01 00 00
 15103 ms  64 B  05 07 00 f4 25 ca 26 40 00 71 00 00 ff 00 00 00 00 00 00 00 00 00 ff 00 00 00 00 00 00 00 00 00 ff 00 00 00 00 00 00 00 00 00 ff 00 00 00 00 00 00 00 00 00 ff 00 00 00 00 00 00 00 00 01 00 00
 15104 ms  64 B  05 07 00 01 26 db 26 40 00 71 00 00 ff 00 00 00 00 00 00 00 00 00 ff 00 00 00 00 00 00 00 00 00 ff 00 00 00 00 00 00 00 00 00 ff 00 00 00 00 00 00 00 00 00 ff 00 00 00 00 00 00 00 00 01 00 00
 15109 ms  64 B  05 07 00 0b 26 e9 26 40 00 71 00 00 ff 00 00 00 00 00 00 00 00 00 ff 00 00 00 00 00 00 00 00 00 ff 00 00 00 00 00 00 00 00 00 ff 00 00 00 00 00 00 00 00 00 ff 00 00 00 00 00 00 00 00 01 00 00
 15110 ms  64 B  05 07 00 14 26 f5 26 40 00 71 00 00 ff 00 00 00 00 00 00 00 00 00 ff 00 00 00 00 00 00 00 00 00 ff 00 00 00 00 00 00 00 00 00 ff 00 00 00 00 00 00 00 00 00 ff 00 00 00 00 00 00 00 00 01 00 00
 15111 ms  64 B  05 07 00 1c 26 00 27 40 00 71 00 00 ff 00 00 00 00 00 00 00 00 00 ff 00 00 00 00 00 00 00 00 00 ff 00 00 00 00 00 00 00 00 00 ff 00 00 00 00 00 00 00 00 00 ff 00 00 00 00 00 00 00 00 01 00 00
 15117 ms  64 B  05 07 00 26 26 0f 27 40 00 71 00 00 ff 00 00 00 00 00 00 00 00 00 ff 00 00 00 00 00 00 00 00 00 ff 00 00 00 00 00 00 00 00 00 ff 00 00 00 00 00 00 00 00 00 ff 00 00 00 00 00 00 00 00 01 00 00
 15118 ms  64 B  05 07 00 32 26 20 27 40 00 71 00 00 ff 00 00 00 00 00 00 00 00 00 ff 00 00 00 00 00 00 00 00 00 ff 00 00 00 00 00 00 00 00 00 ff 00 00 00 00 00 00 00 00 00 ff 00 00 00 00 00 00 00 00 01 00 00
 15119 ms  64 B  05 07 00 3f 26 33 27 40 00 71 00 00 ff 00 00 00 00 00 00 00 00 00 ff 00 00 00 00 00 00 00 00 00 ff 00 00 00 00 00 00 00 00 00 ff 00 00 00 00 00 00 00 00 00 ff 00 00 00 00 00 00 00 00 01 00 00
 15126 ms  64 B  05 07 00 48 26 41 27 40 00 71 00 00 ff 00 00 00 00 00 00 00 00 00 ff 00 00 00 00 00 00 00 00 00 ff 00 00 00 00 00 00 00 00 00 ff 00 00 00 00 00 00 00 00 00 ff 00 00 00 00 00 00 00 00 01 00 00
 15127 ms  64 B  05 07 00 4f 26 4d 27 40 00 71 00 00 ff 00 00 00 00 00 00 00 00 00 ff 00 00 00 00 00 00 00 00 00 ff 00 00 00 00 00 00 00 00 00 ff 00 00 00 00 00 00 00 00 00 ff 00 00 00 00 00 00 00 00 01 00 00
 15128 ms  64 B  05 07 00 54 26 59 27 40 00 71 00 00 ff 00 00 00 00 00 00 00 00 00 ff 00 00 00 00 00 00 00 00 00 ff 00 00 00 00 00 00 00 00 00 ff 00 00 00 00 00 00 00 00 00 ff 00 00 00 00 00 00 00 00 01 00 00
 15135 ms  64 B  05 07 00 5c 26 6d 27 40 00 71 00 00 ff 00 00 00 00 00 00 00 00 00 ff 00 00 00 00 00 00 00 00 00 ff 00 00 00 00 00 00 00 00 00 ff 00 00 00 00 00 00 00 00 00 ff 00 00 00 00 00 00 00 00 01 00 00
 15136 ms  64 B  05 07 00 65 26 86 27 40 00 71 00 00 ff 00 00 00 00 00 00 00 00 00 ff 00 00 00 00 00 00 00 00 00 ff 00 00 00 00 00 00 00 00 00 ff 00 00 00 00 00 00 00 00 00 ff 00 00 00 00 00 00 00 00 01 00 00
 15137 ms  64 B  05 07 00 70 26 a4 27 40 00 71 00 00 ff 00 00 00 00 00 00 00 00 00 ff 00 00 00 00 00 00 00 00 00 ff 00 00 00 00 00 00 00 00 00 ff 00 00 00 00 00 00 00 00 00 ff 00 00 00 00 00 00 00 00 01 00 00
 15142 ms  64 B  05 07 00 79 26 bc 27 40 00 71 00 00 ff 00 00 00 00 00 00 00 00 00 ff 00 00 00 00 00 00 00 00 00 ff 00 00 00 00 00 00 00 00 00 ff 00 00 00 00 00 00 00 00 00 ff 00 00 00 00 00 00 00 00 01 00 00
 15143 ms  64 B  05 07 00 82 26 d6 27 40 00 71 00 00 ff 00 00 00 00 00 00 00 00 00 ff 00 00 00 00 00 00 00 00 00 ff 00 00 00 00 00 00 00 00 00 ff 00 00 00 00 00 00 00 00 00 ff 00 00 00 00 00 00 00 00 01 00 00
 15144 ms  64 B  05 07 00 8c 26 f0 27 40 00 71 00 00 ff 00 00 00 00 00 00 00 00 00 ff 00 00 00 00 00 00 00 00 00 ff 00 00 00 00 00 00 00 00 00 ff 00 00 00 00 00 00 00 00 00 ff 00 00 00 00 00 00 00 00 01 00 00
 15149 ms  64 B  05 07 00 96 26 06 28 40 00 71 00 00 ff 00 00 00 00 00 00 00 00 00 ff 00 00 00 00 00 00 00 00 00 ff 00 00 00 00 00 00 00 00 00 ff 00 00 00 00 00 00 00 00 00 ff 00 00 00 00 00 00 00 00 01 00 00
 15150 ms  64 B  05 07 00 a1 26 1b 28 40 00 71 00 00 ff 00 00 00 00 00 00 00 00 00 ff 00 00 00 00 00 00 00 00 00 ff 00 00 00 00 00 00 00 00 00 ff 00 00 00 00 00 00 00 00 00 ff 00 00 00 00 00 00 00 00 01 00 00
 15151 ms  64 B  05 07 00 af 26 2e 28 40 00 71 00 00 ff 00 00 00 00 00 00 00 00 00 ff 00 00 00 00 00 00 00 00 00 ff 00 00 00 00 00 00 00 00 00 ff 00 00 00 00 00 00 00 00 00 ff 00 00 00 00 00 00 00 00 01 00 00
 15156 ms  64 B  05 07 00 bc 26 42 28 40 00 71 00 00 ff 00 00 00 00 00 00 00 00 00 ff 00 00 00 00 00 00 00 00 00 ff 00 00 00 00 00 00 00 00 00 ff 00 00 00 00 00 00 00 00 00 ff 00 00 00 00 00 00 00 00 01 00 00
 15157 ms  64 B  05 07 00 ca 26 57 28 40 00 71 00 00 ff 00 00 00 00 00 00 00 00 00 ff 00 00 00 00 00 00 00 00 00 ff 00 00 00 00 00 00 00 00 00 ff 00 00 00 00 00 00 00 00 00 ff 00 00 00 00 00 00 00 00 01 00 00
 15158 ms  64 B  05 07 00 da 26 6e 28 40 00 71 00 00 ff 00 00 00 00 00 00 00 00 00 ff 00 00 00 00 00 00 00 00 00 ff 00 00 00 00 00 00 00 00 00 ff 00 00 00 00 00 00 00 00 00 ff 00 00 00 00 00 00 00 00 01 00 00
 15163 ms  64 B  05 07 00 e9 26 80 28 40 00 71 00 00 ff 00 00 00 00 00 00 00 00 00 ff 00 00 00 00 00 00 00 00 00 ff 00 00 00 00 00 00 00 00 00 ff 00 00 00 00 00 00 00 00 00 ff 00 00 00 00 00 00 00 00 01 00 00
 15164 ms  64 B  05 07 00 f6 26 91 28 40 00 71 00 00 ff 00 00 00 00 00 00 00 00 00 ff 00 00 00 00 00 00 00 00 00 ff 00 00 00 00 00 00 00 00 00 ff 00 00 00 00 00 00 00 00 00 ff 00 00 00 00 00 00 00 00 01 00 00
 15165 ms  64 B  05 07 00 04 27 9f 28 40 00 71 00 00 ff 00 00 00 00 00 00 00 00 00 ff 00 00 00 00 00 00 00 00 00 ff 00 00 00 00 00 00 00 00 00 ff 00 00 00 00 00 00 00 00 00 ff 00 00 00 00 00 00 00 00 01 00 00
 15171 ms  64 B  05 07 00 10 27 ae 28 40 00 71 00 00 ff 00 00 00 00 00 00 00 00 00 ff 00 00 00 00 00 00 00 00 00 ff 00 00 00 00 00 00 00 00 00 ff 00 00 00 00 00 00 00 00 00 ff 00 00 00 00 00 00 00 00 01 00 00
 15172 ms  64 B  05 07 00 1c 27 bb 28 40 00 71 00 00 ff 00 00 00 00 00 00 00 00 00 ff 00 00 00 00 00 00 00 00 00 ff 00 00 00 00 00 00 00 00 00 ff 00 00 00 00 00 00 00 00 00 ff 00 00 00 00 00 00 00 00 01 00 00
 15173 ms  64 B  05 07 00 27 27 c6 28 40 00 71 00 00 ff 00 00 00 00 00 00 00 00 00 ff 00 00 00 00 00 00 00 00 00 ff 00 00 00 00 00 00 00 00 00 ff 00 00 00 00 00 00 00 00 00 ff 00 00 00 00 00 00 00 00 01 00 00
 15178 ms  64 B  05 07 00 32 27 d3 28 40 00 71 00 00 ff 00 00 00 00 00 00 00 00 00 ff 00 00 00 00 00 00 00 00 00 ff 00 00 00 00 00 00 00 00 00 ff 00 00 00 00 00 00 00 00 00 ff 00 00 00 00 00 00 00 00 01 00 00
 15179 ms  64 B  05 07 00 3e 27 df 28 40 00 71 00 00 ff 00 00 00 00 00 00 00 00 00 ff 00 00 00 00 00 00 00 00 00 ff 00 00 00 00 00 00 00 00 00 ff 00 00 00 00 00 00 00 00 00 ff 00 00 00 00 00 00 00 00 01 00 00
 15180 ms  64 B  05 07 00 4a 27 eb 28 40 00 71 00 00 ff 00 00 00 00 00 00 00 00 00 ff 00 00 00 00 00 00 00 00 00 ff 00 00 00 00 00 00 00 00 00 ff 00 00 00 00 00 00 00 00 00 ff 00 00 00 00 00 00 00 00 01 00 00
 15185 ms  64 B  05 07 00 54 27 fa 28 40 00 71 00 00 ff 00 00 00 00 00 00 00 00 00 ff 00 00 00 00 00 00 00 00 00 ff 00 00 00 00 00 00 00 00 00 ff 00 00 00 00 00 00 00 00 00 ff 00 00 00 00 00 00 00 00 01 00 00
 15186 ms  64 B  05 07 00 5e 27 0b 29 40 00 71 00 00 ff 00 00 00 00 00 00 00 00 00 ff 00 00 00 00 00 00 00 00 00 ff 00 00 00 00 00 00 00 00 00 ff 00 00 00 00 00 00 00 00 00 ff 00 00 00 00 00 00 00 00 01 00 00
 15187 ms  64 B  05 07 00 66 27 1e 29 40 00 71 00 00 ff 00 00 00 00 00 00 00 00 00 ff 00 00 00 00 00 00 00 00 00 ff 00 00 00 00 00 00 00 00 00 ff 00 00 00 00 00 00 00 00 00 ff 00 00 00 00 00 00 00 00 01 00 00
 15192 ms  64 B  05 07 00 6f 27 2f 29 40 00 71 00 00 ff 00 00 00 00 00 00 00 00 00 ff 00 00 00 00 00 00 00 00 00 ff 00 00 00 00 00 00 00 00 00 ff 00 00 00 00 00 00 00 00 00 ff 00 00 00 00 00 00 00 00 01 00 00
 15193 ms  64 B  05 07 00 78 27 3f 29 40 00 71 00 00 ff 00 00 00 00 00 00 00 00 00 ff 00 00 00 00 00 00 00 00 00 ff 00 00 00 00 00 00 00 00 00 ff 00 00 00 00 00 00 00 00 00 ff 00 00 00 00 00 00 00 00 01 00 00
 15194 ms  64 B  05 07 00 82 27 50 29 40 00 71 00 00 ff 00 00 00 00 00 00 00 00 00 ff 00 00 00 00 00 00 00 00 00 ff 00 00 00 00 00 00 00 00 00 ff 00 00 00 00 00 00 00 00 00 ff 00 00 00 00 00 00 00 00 01 00 00
 15204 ms  64 B  05 07 00 8b 27 60 29 40 00 71 00 00 ff 00 00 00 00 00 00 00 00 00 ff 00 00 00 00 00 00 00 00 00 ff 00 00 00 00 00 00 00 00 00 ff 00 00 00 00 00 00 00 00 00 ff 00 00 00 00 00 00 00 00 01 00 00
 15205 ms  64 B  05 07 00 94 27 71 29 40 00 71 00 00 ff 00 00 00 00 00 00 00 00 00 ff 00 00 00 00 00 00 00 00 00 ff 00 00 00 00 00 00 00 00 00 ff 00 00 00 00 00 00 00 00 00 ff 00 00 00 00 00 00 00 00 01 00 00
 15206 ms  64 B  05 07 00 9e 27 82 29 40 00 71 00 00 ff 00 00 00 00 00 00 00 00 00 ff 00 00 00 00 00 00 00 00 00 ff 00 00 00 00 00 00 00 00 00 ff 00 00 00 00 00 00 00 00 00 ff 00 00 00 00 00 00 00 00 01 00 00
 15211 ms  64 B  05 07 00 a8 27 95 29 40 00 71 00 00 ff 00 00 00 00 00 00 00 00 00 ff 00 00 00 00 00 00 00 00 00 ff 00 00 00 00 00 00 00 00 00 ff 00 00 00 00 00 00 00 00 00 ff 00 00 00 00 00 00 00 00 01 00 00
 15212 ms  64 B  05 07 00 b3 27 aa 29 40 00 71 00 00 ff 00 00 00 00 00 00 00 00 00 ff 00 00 00 00 00 00 00 00 00 ff 00 00 00 00 00 00 00 00 00 ff 00 00 00 00 00 00 00 00 00 ff 00 00 00 00 00 00 00 00 01 00 00
 15213 ms  64 B  05 07 00 c1 27 c1 29 40 00 71 00 00 ff 00 00 00 00 00 00 00 00 00 ff 00 00 00 00 00 00 00 00 00 ff 00 00 00 00 00 00 00 00 00 ff 00 00 00 00 00 00 00 00 00 ff 00 00 00 00 00 00 00 00 01 00 00
 15221 ms  64 B  05 07 00 cc 27 d6 29 40 00 71 00 00 ff 00 00 00 00 00 00 00 00 00 ff 00 00 00 00 00 00 00 00 00 ff 00 00 00 00 00 00 00 00 00 ff 00 00 00 00 00 00 00 00 00 ff 00 00 00 00 00 00 00 00 01 00 00
 15222 ms  64 B  05 07 00 d8 27 eb 29 40 00 71 00 00 ff 00 00 00 00 00 00 00 00 00 ff 00 00 00 00 00 00 00 00 00 ff 00 00 00 00 00 00 00 00 00 ff 00 00 00 00 00 00 00 00 00 ff 00 00 00 00 00 00 00 00 01 00 00
 15223 ms  64 B  05 07 00 e4 27 00 2a 40 00 71 00 00 ff 00 00 00 00 00 00 00 00 00 ff 00 00 00 00 00 00 00 00 00 ff 00 00 00 00 00 00 00 00 00 ff 00 00 00 00 00 00 00 00 00 ff 00 00 00 00 00 00 00 00 01 00 00
 15228 ms  64 B  05 07 00 ef 27 17 2a 40 00 71 00 00 ff 00 00 00 00 00 00 00 00 00 ff 00 00 00 00 00 00 00 00 00 ff 00 00 00 00 00 00 00 00 00 ff 00 00 00 00 00 00 00 00 00 ff 00 00 00 00 00 00 00 00 01 00 00
 15229 ms  64 B  05 07 00 fb 27 31 2a 40 00 71 00 00 ff 00 00 00 00 00 00 00 00 00 ff 00 00 00 00 00 00 00 00 00 ff 00 00 00 00 00 00 00 00 00 ff 00 00 00 00 00 00 00 00 00 ff 00 00 00 00 00 00 00 00 01 00 00
 15230 ms  64 B  05 07 00 07 28 4c 2a 40 00 71 00 00 ff 00 00 00 00 00 00 00 00 00 ff 00 00 00 00 00 00 00 00 00 ff 00 00 00 00 00 00 00 00 00 ff 00 00 00 00 00 00 00 00 00 ff 00 00 00 00 00 00 00 00 01 00 00
 15235 ms  64 B  05 07 00 12 28 65 2a 40 00 71 00 00 ff 00 00 00 00 00 00 00 00 00 ff 00 00 00 00 00 00 00 00 00 ff 00 00 00 00 00 00 00 00 00 ff 00 00 00 00 00 00 00 00 00 ff 00 00 00 00 00 00 00 00 01 00 00
 15236 ms  64 B  05 07 00 1e 28 7e 2a 40 00 71 00 00 ff 00 00 00 00 00 00 00 00 00 ff 00 00 00 00 00 00 00 00 00 ff 00 00 00 00 00 00 00 00 00 ff 00 00 00 00 00 00 00 00 00 ff 00 00 00 00 00 00 00 00 01 00 00
 15237 ms  64 B  05 07 00 2a 28 96 2a 40 00 71 00 00 ff 00 00 00 00 00 00 00 00 00 ff 00 00 00 00 00 00 00 00 00 ff 00 00 00 00 00 00 00 00 00 ff 00 00 00 00 00 00 00 00 00 ff 00 00 00 00 00 00 00 00 01 00 00
 15243 ms  64 B  05 07 00 34 28 ad 2a 40 00 71 00 00 ff 00 00 00 00 00 00 00 00 00 ff 00 00 00 00 00 00 00 00 00 ff 00 00 00 00 00 00 00 00 00 ff 00 00 00 00 00 00 00 00 00 ff 00 00 00 00 00 00 00 00 01 00 00
 15244 ms  64 B  05 07 00 3e 28 c2 2a 40 00 71 00 00 ff 00 00 00 00 00 00 00 00 00 ff 00 00 00 00 00 00 00 00 00 ff 00 00 00 00 00 00 00 00 00 ff 00 00 00 00 00 00 00 00 00 ff 00 00 00 00 00 00 00 00 01 00 00
 15245 ms  64 B  05 07 00 46 28 d6 2a 40 00 71 00 00 ff 00 00 00 00 00 00 00 00 00 ff 00 00 00 00 00 00 00 00 00 ff 00 00 00 00 00 00 00 00 00 ff 00 00 00 00 00 00 00 00 00 ff 00 00 00 00 00 00 00 00 01 00 00
 15251 ms  64 B  05 07 00 50 28 ec 2a 40 00 71 00 00 ff 00 00 00 00 00 00 00 00 00 ff 00 00 00 00 00 00 00 00 00 ff 00 00 00 00 00 00 00 00 00 ff 00 00 00 00 00 00 00 00 00 ff 00 00 00 00 00 00 00 00 01 00 00
 15251 ms  64 B  05 07 00 5b 28 00 2b 40 00 71 00 00 ff 00 00 00 00 00 00 00 00 00 ff 00 00 00 00 00 00 00 00 00 ff 00 00 00 00 00 00 00 00 00 ff 00 00 00 00 00 00 00 00 00 ff 00 00 00 00 00 00 00 00 01 00 00
 15252 ms  64 B  05 07 00 69 28 15 2b 40 00 71 00 00 ff 00 00 00 00 00 00 00 00 00 ff 00 00 00 00 00 00 00 00 00 ff 00 00 00 00 00 00 00 00 00 ff 00 00 00 00 00 00 00 00 00 ff 00 00 00 00 00 00 00 00 01 00 00
 15258 ms  64 B  05 07 00 73 28 34 2b 40 00 71 00 00 ff 00 00 00 00 00 00 00 00 00 ff 00 00 00 00 00 00 00 00 00 ff 00 00 00 00 00 00 00 00 00 ff 00 00 00 00 00 00 00 00 00 ff 00 00 00 00 00 00 00 00 01 00 00
 15259 ms  64 B  05 07 00 7d 28 5a 2b 40 00 71 00 00 ff 00 00 00 00 00 00 00 00 00 ff 00 00 00 00 00 00 00 00 00 ff 00 00 00 00 00 00 00 00 00 ff 00 00 00 00 00 00 00 00 00 ff 00 00 00 00 00 00 00 00 01 00 00
 15260 ms  64 B  05 07 00 86 28 86 2b 40 00 71 00 00 ff 00 00 00 00 00 00 00 00 00 ff 00 00 00 00 00 00 00 00 00 ff 00 00 00 00 00 00 00 00 00 ff 00 00 00 00 00 00 00 00 00 ff 00 00 00 00 00 00 00 00 01 00 00
 15266 ms  64 B  05 07 00 90 28 9d 2b 40 00 71 00 00 ff 00 00 00 00 00 00 00 00 00 ff 00 00 00 00 00 00 00 00 00 ff 00 00 00 00 00 00 00 00 00 ff 00 00 00 00 00 00 00 00 00 ff 00 00 00 00 00 00 00 00 01 00 00
 15267 ms  64 B  05 07 00 9c 28 ae 2b 40 00 71 00 00 ff 00 00 00 00 00 00 00 00 00 ff 00 00 00 00 00 00 00 00 00 ff 00 00 00 00 00 00 00 00 00 ff 00 00 00 00 00 00 00 00 00 ff 00 00 00 00 00 00 00 00 01 00 00
 15268 ms  64 B  05 07 00 a9 28 b8 2b 40 00 71 00 00 ff 00 00 00 00 00 00 00 00 00 ff 00 00 00 00 00 00 00 00 00 ff 00 00 00 00 00 00 00 00 00 ff 00 00 00 00 00 00 00 00 00 ff 00 00 00 00 00 00 00 00 01 00 00
 15273 ms  64 B  05 07 00 b4 28 c8 2b 40 00 71 00 00 ff 00 00 00 00 00 00 00 00 00 ff 00 00 00 00 00 00 00 00 00 ff 00 00 00 00 00 00 00 00 00 ff 00 00 00 00 00 00 00 00 00 ff 00 00 00 00 00 00 00 00 01 00 00
 15274 ms  64 B  05 07 00 c0 28 d9 2b 40 00 71 00 00 ff 00 00 00 00 00 00 00 00 00 ff 00 00 00 00 00 00 00 00 00 ff 00 00 00 00 00 00 00 00 00 ff 00 00 00 00 00 00 00 00 00 ff 00 00 00 00 00 00 00 00 01 00 00
 15275 ms  64 B  05 07 00 cc 28 ea 2b 40 00 71 00 00 ff 00 00 00 00 00 00 00 00 00 ff 00 00 00 00 00 00 00 00 00 ff 00 00 00 00 00 00 00 00 00 ff 00 00 00 00 00 00 00 00 00 ff 00 00 00 00 00 00 00 00 01 00 00
 15280 ms  64 B  05 07 00 d7 28 f8 2b 40 00 71 00 00 ff 00 00 00 00 00 00 00 00 00 ff 00 00 00 00 00 00 00 00 00 ff 00 00 00 00 00 00 00 00 00 ff 00 00 00 00 00 00 00 00 00 ff 00 00 00 00 00 00 00 00 01 00 00
 15281 ms  64 B  05 07 00 e3 28 05 2c 40 00 71 00 00 ff 00 00 00 00 00 00 00 00 00 ff 00 00 00 00 00 00 00 00 00 ff 00 00 00 00 00 00 00 00 00 ff 00 00 00 00 00 00 00 00 00 ff 00 00 00 00 00 00 00 00 01 00 00
 15282 ms  64 B  05 07 00 ef 28 10 2c 40 00 71 00 00 ff 00 00 00 00 00 00 00 00 00 ff 00 00 00 00 00 00 00 00 00 ff 00 00 00 00 00 00 00 00 00 ff 00 00 00 00 00 00 00 00 00 ff 00 00 00 00 00 00 00 00 01 00 00
 15287 ms  64 B  05 07 00 fa 28 1d 2c 40 00 71 00 00 ff 00 00 00 00 00 00 00 00 00 ff 00 00 00 00 00 00 00 00 00 ff 00 00 00 00 00 00 00 00 00 ff 00 00 00 00 00 00 00 00 00 ff 00 00 00 00 00 00 00 00 01 00 00
 15288 ms  64 B  05 07 00 06 29 29 2c 40 00 71 00 00 ff 00 00 00 00 00 00 00 00 00 ff 00 00 00 00 00 00 00 00 00 ff 00 00 00 00 00 00 00 00 00 ff 00 00 00 00 00 00 00 00 00 ff 00 00 00 00 00 00 00 00 01 00 00
 15289 ms  64 B  05 07 00 12 29 35 2c 40 00 71 00 00 ff 00 00 00 00 00 00 00 00 00 ff 00 00 00 00 00 00 00 00 00 ff 00 00 00 00 00 00 00 00 00 ff 00 00 00 00 00 00 00 00 00 ff 00 00 00 00 00 00 00 00 01 00 00
 15294 ms  64 B  05 07 00 1c 29 40 2c 40 00 71 00 00 ff 00 00 00 00 00 00 00 00 00 ff 00 00 00 00 00 00 00 00 00 ff 00 00 00 00 00 00 00 00 00 ff 00 00 00 00 00 00 00 00 00 ff 00 00 00 00 00 00 00 00 01 00 00
 15295 ms  64 B  05 07 00 26 29 4d 2c 40 00 71 00 00 ff 00 00 00 00 00 00 00 00 00 ff 00 00 00 00 00 00 00 00 00 ff 00 00 00 00 00 00 00 00 00 ff 00 00 00 00 00 00 00 00 00 ff 00 00 00 00 00 00 00 00 01 00 00
 15296 ms  64 B  05 07 00 2e 29 5b 2c 40 00 71 00 00 ff 00 00 00 00 00 00 00 00 00 ff 00 00 00 00 00 00 00 00 00 ff 00 00 00 00 00 00 00 00 00 ff 00 00 00 00 00 00 00 00 00 ff 00 00 00 00 00 00 00 00 01 00 00
 15301 ms  64 B  05 07 00 36 29 67 2c 40 00 71 00 00 ff 00 00 00 00 00 00 00 00 00 ff 00 00 00 00 00 00 00 00 00 ff 00 00 00 00 00 00 00 00 00 ff 00 00 00 00 00 00 00 00 00 ff 00 00 00 00 00 00 00 00 01 00 00
 15302 ms  64 B  05 07 00 40 29 74 2c 40 00 71 00 00 ff 00 00 00 00 00 00 00 00 00 ff 00 00 00 00 00 00 00 00 00 ff 00 00 00 00 00 00 00 00 00 ff 00 00 00 00 00 00 00 00 00 ff 00 00 00 00 00 00 00 00 01 00 00
 15303 ms  64 B  05 07 00 4b 29 81 2c 40 00 71 00 00 ff 00 00 00 00 00 00 00 00 00 ff 00 00 00 00 00 00 00 00 00 ff 00 00 00 00 00 00 00 00 00 ff 00 00 00 00 00 00 00 00 00 ff 00 00 00 00 00 00 00 00 01 00 00
 15308 ms  64 B  05 07 00 55 29 8d 2c 40 00 71 00 00 ff 00 00 00 00 00 00 00 00 00 ff 00 00 00 00 00 00 00 00 00 ff 00 00 00 00 00 00 00 00 00 ff 00 00 00 00 00 00 00 00 00 ff 00 00 00 00 00 00 00 00 01 00 00
 15309 ms  64 B  05 07 00 5e 29 9a 2c 40 00 71 00 00 ff 00 00 00 00 00 00 00 00 00 ff 00 00 00 00 00 00 00 00 00 ff 00 00 00 00 00 00 00 00 00 ff 00 00 00 00 00 00 00 00 00 ff 00 00 00 00 00 00 00 00 01 00 00
 15310 ms  64 B  05 07 00 67 29 a7 2c 40 00 71 00 00 ff 00 00 00 00 00 00 00 00 00 ff 00 00 00 00 00 00 00 00 00 ff 00 00 00 00 00 00 00 00 00 ff 00 00 00 00 00 00 00 00 00 ff 00 00 00 00 00 00 00 00 01 00 00
 15315 ms  64 B  05 07 00 71 29 b3 2c 40 00 71 00 00 ff 00 00 00 00 00 00 00 00 00 ff 00 00 00 00 00 00 00 00 00 ff 00 00 00 00 00 00 00 00 00 ff 00 00 00 00 00 00 00 00 00 ff 00 00 00 00 00 00 00 00 01 00 00
 15316 ms  64 B  05 07 00 79 29 c0 2c 40 00 71 00 00 ff 00 00 00 00 00 00 00 00 00 ff 00 00 00 00 00 00 00 00 00 ff 00 00 00 00 00 00 00 00 00 ff 00 00 00 00 00 00 00 00 00 ff 00 00 00 00 00 00 00 00 01 00 00
 15317 ms  64 B  05 07 00 82 29 cd 2c 40 00 71 00 00 ff 00 00 00 00 00 00 00 00 00 ff 00 00 00 00 00 00 00 00 00 ff 00 00 00 00 00 00 00 00 00 ff 00 00 00 00 00 00 00 00 00 ff 00 00 00 00 00 00 00 00 01 00 00
 15322 ms  64 B  05 07 00 8c 29 db 2c 40 00 71 00 00 ff 00 00 00 00 00 00 00 00 00 ff 00 00 00 00 00 00 00 00 00 ff 00 00 00 00 00 00 00 00 00 ff 00 00 00 00 00 00 00 00 00 ff 00 00 00 00 00 00 00 00 01 00 00
 15323 ms  64 B  05 07 00 98 29 ec 2c 40 00 71 00 00 ff 00 00 00 00 00 00 00 00 00 ff 00 00 00 00 00 00 00 00 00 ff 00 00 00 00 00 00 00 00 00 ff 00 00 00 00 00 00 00 00 00 ff 00 00 00 00 00 00 00 00 01 00 00
 15324 ms  64 B  05 07 00 a5 29 fe 2c 40 00 71 00 00 ff 00 00 00 00 00 00 00 00 00 ff 00 00 00 00 00 00 00 00 00 ff 00 00 00 00 00 00 00 00 00 ff 00 00 00 00 00 00 00 00 00 ff 00 00 00 00 00 00 00 00 01 00 00
 15331 ms  64 B  05 07 00 af 29 14 2d 40 00 71 00 00 ff 00 00 00 00 00 00 00 00 00 ff 00 00 00 00 00 00 00 00 00 ff 00 00 00 00 00 00 00 00 00 ff 00 00 00 00 00 00 00 00 00 ff 00 00 00 00 00 00 00 00 01 00 00
 15332 ms  64 B  05 07 00 b9 29 2d 2d 40 00 71 00 00 ff 00 00 00 00 00 00 00 00 00 ff 00 00 00 00 00 00 00 00 00 ff 00 00 00 00 00 00 00 00 00 ff 00 00 00 00 00 00 00 00 00 ff 00 00 00 00 00 00 00 00 01 00 00
 15333 ms  64 B  05 07 00 c1 29 4a 2d 40 00 71 00 00 ff 00 00 00 00 00 00 00 00 00 ff 00 00 00 00 00 00 00 00 00 ff 00 00 00 00 00 00 00 00 00 ff 00 00 00 00 00 00 00 00 00 ff 00 00 00 00 00 00 00 00 01 00 00
 15339 ms  64 B  05 07 00 cb 29 63 2d 40 00 71 00 00 ff 00 00 00 00 00 00 00 00 00 ff 00 00 00 00 00 00 00 00 00 ff 00 00 00 00 00 00 00 00 00 ff 00 00 00 00 00 00 00 00 00 ff 00 00 00 00 00 00 00 00 01 00 00
 15340 ms  64 B  05 07 00 d6 29 7c 2d 40 00 71 00 00 ff 00 00 00 00 00 00 00 00 00 ff 00 00 00 00 00 00 00 00 00 ff 00 00 00 00 00 00 00 00 00 ff 00 00 00 00 00 00 00 00 00 ff 00 00 00 00 00 00 00 00 01 00 00
 15341 ms  64 B  05 07 00 e4 29 96 2d 40 00 71 00 00 ff 00 00 00 00 00 00 00 00 00 ff 00 00 00 00 00 00 00 00 00 ff 00 00 00 00 00 00 00 00 00 ff 00 00 00 00 00 00 00 00 00 ff 00 00 00 00 00 00 00 00 01 00 00
 15347 ms  64 B  05 07 00 ef 29 ad 2d 40 00 71 00 00 ff 00 00 00 00 00 00 00 00 00 ff 00 00 00 00 00 00 00 00 00 ff 00 00 00 00 00 00 00 00 00 ff 00 00 00 00 00 00 00 00 00 ff 00 00 00 00 00 00 00 00 01 00 00
 15348 ms  64 B  05 07 00 fb 29 c1 2d 40 00 71 00 00 ff 00 00 00 00 00 00 00 00 00 ff 00 00 00 00 00 00 00 00 00 ff 00 00 00 00 00 00 00 00 00 ff 00 00 00 00 00 00 00 00 00 ff 00 00 00 00 00 00 00 00 01 00 00
 15349 ms  64 B  05 07 00 07 2a d5 2d 40 00 71 00 00 ff 00 00 00 00 00 00 00 00 00 ff 00 00 00 00 00 00 00 00 00 ff 00 00 00 00 00 00 00 00 00 ff 00 00 00 00 00 00 00 00 00 ff 00 00 00 00 00 00 00 00 01 00 00
 15354 ms  64 B  05 07 00 15 2a ea 2d 40 00 71 00 00 ff 00 00 00 00 00 00 00 00 00 ff 00 00 00 00 00 00 00 00 00 ff 00 00 00 00 00 00 00 00 00 ff 00 00 00 00 00 00 00 00 00 ff 00 00 00 00 00 00 00 00 01 00 00
 15355 ms  64 B  05 07 00 25 2a fe 2d 40 00 71 00 00 ff 00 00 00 00 00 00 00 00 00 ff 00 00 00 00 00 00 00 00 00 ff 00 00 00 00 00 00 00 00 00 ff 00 00 00 00 00 00 00 00 00 ff 00 00 00 00 00 00 00 00 01 00 00
 15356 ms  64 B  05 07 00 39 2a 13 2e 40 00 71 00 00 ff 00 00 00 00 00 00 00 00 00 ff 00 00 00 00 00 00 00 00 00 ff 00 00 00 00 00 00 00 00 00 ff 00 00 00 00 00 00 00 00 00 ff 00 00 00 00 00 00 00 00 01 00 00
 15361 ms  64 B  05 07 00 46 2a 27 2e 40 00 71 00 00 ff 00 00 00 00 00 00 00 00 00 ff 00 00 00 00 00 00 00 00 00 ff 00 00 00 00 00 00 00 00 00 ff 00 00 00 00 00 00 00 00 00 ff 00 00 00 00 00 00 00 00 01 00 00
 15362 ms  64 B  05 07 00 52 2a 3c 2e 40 00 71 00 00 ff 00 00 00 00 00 00 00 00 00 ff 00 00 00 00 00 00 00 00 00 ff 00 00 00 00 00 00 00 00 00 ff 00 00 00 00 00 00 00 00 00 ff 00 00 00 00 00 00 00 00 01 00 00
 15363 ms  64 B  05 07 00 5c 2a 52 2e 40 00 71 00 00 ff 00 00 00 00 00 00 00 00 00 ff 00 00 00 00 00 00 00 00 00 ff 00 00 00 00 00 00 00 00 00 ff 00 00 00 00 00 00 00 00 00 ff 00 00 00 00 00 00 00 00 01 00 00
 15369 ms  64 B  05 07 00 67 2a 64 2e 40 00 71 00 00 ff 00 00 00 00 00 00 00 00 00 ff 00 00 00 00 00 00 00 00 00 ff 00 00 00 00 00 00 00 00 00 ff 00 00 00 00 00 00 00 00 00 ff 00 00 00 00 00 00 00 00 01 00 00
 15370 ms  64 B  05 07 00 73 2a 74 2e 40 00 71 00 00 ff 00 00 00 00 00 00 00 00 00 ff 00 00 00 00 00 00 00 00 00 ff 00 00 00 00 00 00 00 00 00 ff 00 00 00 00 00 00 00 00 00 ff 00 00 00 00 00 00 00 00 01 00 00
 15371 ms  64 B  05 07 00 7f 2a 84 2e 40 00 71 00 00 ff 00 00 00 00 00 00 00 00 00 ff 00 00 00 00 00 00 00 00 00 ff 00 00 00 00 00 00 00 00 00 ff 00 00 00 00 00 00 00 00 00 ff 00 00 00 00 00 00 00 00 01 00 00
 15376 ms  64 B  05 07 00 8a 2a 8f 2e 40 00 71 00 00 ff 00 00 00 00 00 00 00 00 00 ff 00 00 00 00 00 00 00 00 00 ff 00 00 00 00 00 00 00 00 00 ff 00 00 00 00 00 00 00 00 00 ff 00 00 00 00 00 00 00 00 01 00 00
 15377 ms  64 B  05 07 00 96 2a 98 2e 40 00 71 00 00 ff 00 00 00 00 00 00 00 00 00 ff 00 00 00 00 00 00 00 00 00 ff 00 00 00 00 00 00 00 00 00 ff 00 00 00 00 00 00 00 00 00 ff 00 00 00 00 00 00 00 00 01 00 00
 15378 ms  64 B  05 07 00 a2 2a 9e 2e 40 00 71 00 00 ff 00 00 00 00 00 00 00 00 00 ff 00 00 00 00 00 00 00 00 00 ff 00 00 00 00 00 00 00 00 00 ff 00 00 00 00 00 00 00 00 00 ff 00 00 00 00 00 00 00 00 01 00 00
 15383 ms  64 B  05 07 00 ad 2a a8 2e 40 00 71 00 00 ff 00 00 00 00 00 00 00 00 00 ff 00 00 00 00 00 00 00 00 00 ff 00 00 00 00 00 00 00 00 00 ff 00 00 00 00 00 00 00 00 00 ff 00 00 00 00 00 00 00 00 01 00 00
 15384 ms  64 B  05 07 00 b9 2a b5 2e 40 00 71 00 00 ff 00 00 00 00 00 00 00 00 00 ff 00 00 00 00 00 00 00 00 00 ff 00 00 00 00 00 00 00 00 00 ff 00 00 00 00 00 00 00 00 00 ff 00 00 00 00 00 00 00 00 01 00 00
 15385 ms  64 B  05 07 00 c5 2a c3 2e 40 00 71 00 00 ff 00 00 00 00 00 00 00 00 00 ff 00 00 00 00 00 00 00 00 00 ff 00 00 00 00 00 00 00 00 00 ff 00 00 00 00 00 00 00 00 00 ff 00 00 00 00 00 00 00 00 01 00 00
 15390 ms  64 B  05 07 00 cf 2a d1 2e 40 00 71 00 00 ff 00 00 00 00 00 00 00 00 00 ff 00 00 00 00 00 00 00 00 00 ff 00 00 00 00 00 00 00 00 00 ff 00 00 00 00 00 00 00 00 00 ff 00 00 00 00 00 00 00 00 01 00 00
 15391 ms  64 B  05 07 00 d9 2a e2 2e 40 00 71 00 00 ff 00 00 00 00 00 00 00 00 00 ff 00 00 00 00 00 00 00 00 00 ff 00 00 00 00 00 00 00 00 00 ff 00 00 00 00 00 00 00 00 00 ff 00 00 00 00 00 00 00 00 01 00 00
 15392 ms  64 B  05 07 00 e2 2a f5 2e 40 00 71 00 00 ff 00 00 00 00 00 00 00 00 00 ff 00 00 00 00 00 00 00 00 00 ff 00 00 00 00 00 00 00 00 00 ff 00 00 00 00 00 00 00 00 00 ff 00 00 00 00 00 00 00 00 01 00 00
 15398 ms  64 B  05 07 00 ec 2a 0d 2f 40 00 71 00 00 ff 00 00 00 00 00 00 00 00 00 ff 00 00 00 00 00 00 00 00 00 ff 00 00 00 00 00 00 00 00 00 ff 00 00 00 00 00 00 00 00 00 ff 00 00 00 00 00 00 00 00 01 00 00
 15399 ms  64 B  05 07 00 f5 2a 2a 2f 40 00 71 00 00 ff 00 00 00 00 00 00 00 00 00 ff 00 00 00 00 00 00 00 00 00 ff 00 00 00 00 00 00 00 00 00 ff 00 00 00 00 00 00 00 00 00 ff 00 00 00 00 00 00 00 00 01 00 00
 15400 ms  64 B  05 07 00 fe 2a 4d 2f 40 00 71 00 00 ff 00 00 00 00 00 00 00 00 00 ff 00 00 00 00 00 00 00 00 00 ff 00 00 00 00 00 00 00 00 00 ff 00 00 00 00 00 00 00 00 00 ff 00 00 00 00 00 00 00 00 01 00 00
 15406 ms  64 B  05 07 00 08 2b 68 2f 40 00 71 00 00 ff 00 00 00 00 00 00 00 00 00 ff 00 00 00 00 00 00 00 00 00 ff 00 00 00 00 00 00 00 00 00 ff 00 00 00 00 00 00 00 00 00 ff 00 00 00 00 00 00 00 00 01 00 00
 15407 ms  64 B  05 07 00 10 2b 81 2f 40 00 71 00 00 ff 00 00 00 00 00 00 00 00 00 ff 00 00 00 00 00 00 00 00 00 ff 00 00 00 00 00 00 00 00 00 ff 00 00 00 00 00 00 00 00 00 ff 00 00 00 00 00 00 00 00 01 00 00
 15408 ms  64 B  05 07 00 19 2b 99 2f 40 00 71 00 00 ff 00 00 00 00 00 00 00 00 00 ff 00 00 00 00 00 00 00 00 00 ff 00 00 00 00 00 00 00 00 00 ff 00 00 00 00 00 00 00 00 00 ff 00 00 00 00 00 00 00 00 01 00 00
 15415 ms  64 B  05 07 00 21 2b b0 2f 40 00 71 00 00 ff 00 00 00 00 00 00 00 00 00 ff 00 00 00 00 00 00 00 00 00 ff 00 00 00 00 00 00 00 00 00 ff 00 00 00 00 00 00 00 00 00 ff 00 00 00 00 00 00 00 00 01 00 00
 15416 ms  64 B  05 07 00 2b 2b c4 2f 40 00 71 00 00 ff 00 00 00 00 00 00 00 00 00 ff 00 00 00 00 00 00 00 00 00 ff 00 00 00 00 00 00 00 00 00 ff 00 00 00 00 00 00 00 00 00 ff 00 00 00 00 00 00 00 00 01 00 00
 15417 ms  64 B  05 07 00 35 2b d8 2f 40 00 71 00 00 ff 00 00 00 00 00 00 00 00 00 ff 00 00 00 00 00 00 00 00 00 ff 00 00 00 00 00 00 00 00 00 ff 00 00 00 00 00 00 00 00 00 ff 00 00 00 00 00 00 00 00 01 00 00
 15423 ms  64 B  05 07 00 3e 2b ea 2f 40 00 71 00 00 ff 00 00 00 00 00 00 00 00 00 ff 00 00 00 00 00 00 00 00 00 ff 00 00 00 00 00 00 00 00 00 ff 00 00 00 00 00 00 00 00 00 ff 00 00 00 00 00 00 00 00 01 00 00
 15424 ms  64 B  05 07 00 47 2b fa 2f 40 00 71 00 00 ff 00 00 00 00 00 00 00 00 00 ff 00 00 00 00 00 00 00 00 00 ff 00 00 00 00 00 00 00 00 00 ff 00 00 00 00 00 00 00 00 00 ff 00 00 00 00 00 00 00 00 01 00 00
 15425 ms  64 B  05 07 00 51 2b 0a 30 40 00 71 00 00 ff 00 00 00 00 00 00 00 00 00 ff 00 00 00 00 00 00 00 00 00 ff 00 00 00 00 00 00 00 00 00 ff 00 00 00 00 00 00 00 00 00 ff 00 00 00 00 00 00 00 00 01 00 00
 15432 ms  64 B  05 07 00 59 2b 1d 30 40 00 71 00 00 ff 00 00 00 00 00 00 00 00 00 ff 00 00 00 00 00 00 00 00 00 ff 00 00 00 00 00 00 00 00 00 ff 00 00 00 00 00 00 00 00 00 ff 00 00 00 00 00 00 00 00 01 00 00
 15433 ms  64 B  05 07 00 60 2b 32 30 40 00 71 00 00 ff 00 00 00 00 00 00 00 00 00 ff 00 00 00 00 00 00 00 00 00 ff 00 00 00 00 00 00 00 00 00 ff 00 00 00 00 00 00 00 00 00 ff 00 00 00 00 00 00 00 00 01 00 00
 15434 ms  64 B  05 07 00 66 2b 49 30 40 00 71 00 00 ff 00 00 00 00 00 00 00 00 00 ff 00 00 00 00 00 00 00 00 00 ff 00 00 00 00 00 00 00 00 00 ff 00 00 00 00 00 00 00 00 00 ff 00 00 00 00 00 00 00 00 01 00 00
 15439 ms  64 B  05 07 00 6d 2b 58 30 40 00 71 00 00 ff 00 00 00 00 00 00 00 00 00 ff 00 00 00 00 00 00 00 00 00 ff 00 00 00 00 00 00 00 00 00 ff 00 00 00 00 00 00 00 00 00 ff 00 00 00 00 00 00 00 00 01 00 00
 15440 ms  64 B  05 07 00 74 2b 65 30 40 00 71 00 00 ff 00 00 00 00 00 00 00 00 00 ff 00 00 00 00 00 00 00 00 00 ff 00 00 00 00 00 00 00 00 00 ff 00 00 00 00 00 00 00 00 00 ff 00 00 00 00 00 00 00 00 01 00 00
 15441 ms  64 B  05 07 00 7b 2b 6f 30 40 00 71 00 00 ff 00 00 00 00 00 00 00 00 00 ff 00 00 00 00 00 00 00 00 00 ff 00 00 00 00 00 00 00 00 00 ff 00 00 00 00 00 00 00 00 00 ff 00 00 00 00 00 00 00 00 01 00 00
 15446 ms  64 B  05 07 00 82 2b 7b 30 40 00 71 00 00 ff 00 00 00 00 00 00 00 00 00 ff 00 00 00 00 00 00 00 00 00 ff 00 00 00 00 00 00 00 00 00 ff 00 00 00 00 00 00 00 00 00 ff 00 00 00 00 00 00 00 00 01 00 00
 15447 ms  64 B  05 07 00 89 2b 88 30 40 00 71 00 00 ff 00 00 00 00 00 00 00 00 00 ff 00 00 00 00 00 00 00 00 00 ff 00 00 00 00 00 00 00 00 00 ff 00 00 00 00 00 00 00 00 00 ff 00 00 00 00 00 00 00 00 01 00 00
 15448 ms  64 B  05 07 00 90 2b 95 30 40 00 71 00 00 ff 00 00 00 00 00 00 00 00 00 ff 00 00 00 00 00 00 00 00 00 ff 00 00 00 00 00 00 00 00 00 ff 00 00 00 00 00 00 00 00 00 ff 00 00 00 00 00 00 00 00 01 00 00
 15453 ms  64 B  05 07 00 9a 2b a2 30 40 00 71 00 00 ff 00 00 00 00 00 00 00 00 00 ff 00 00 00 00 00 00 00 00 00 ff 00 00 00 00 00 00 00 00 00 ff 00 00 00 00 00 00 00 00 00 ff 00 00 00 00 00 00 00 00 01 00 00
 15454 ms  64 B  05 07 00 a5 2b ae 30 40 00 71 00 00 ff 00 00 00 00 00 00 00 00 00 ff 00 00 00 00 00 00 00 00 00 ff 00 00 00 00 00 00 00 00 00 ff 00 00 00 00 00 00 00 00 00 ff 00 00 00 00 00 00 00 00 01 00 00
 15455 ms  64 B  05 07 00 b4 2b ba 30 40 00 71 00 00 ff 00 00 00 00 00 00 00 00 00 ff 00 00 00 00 00 00 00 00 00 ff 00 00 00 00 00 00 00 00 00 ff 00 00 00 00 00 00 00 00 00 ff 00 00 00 00 00 00 00 00 01 00 00
 15461 ms  64 B  05 07 00 be 2b c5 30 40 00 71 00 00 ff 00 00 00 00 00 00 00 00 00 ff 00 00 00 00 00 00 00 00 00 ff 00 00 00 00 00 00 00 00 00 ff 00 00 00 00 00 00 00 00 00 ff 00 00 00 00 00 00 00 00 01 00 00
 15462 ms  64 B  05 07 00 c7 2b d2 30 40 00 71 00 00 ff 00 00 00 00 00 00 00 00 00 ff 00 00 00 00 00 00 00 00 00 ff 00 00 00 00 00 00 00 00 00 ff 00 00 00 00 00 00 00 00 00 ff 00 00 00 00 00 00 00 00 01 00 00
 15463 ms  64 B  05 07 00 d0 2b e0 30 40 00 71 00 00 ff 00 00 00 00 00 00 00 00 00 ff 00 00 00 00 00 00 00 00 00 ff 00 00 00 00 00 00 00 00 00 ff 00 00 00 00 00 00 00 00 00 ff 00 00 00 00 00 00 00 00 01 00 00
 15468 ms  64 B  05 07 00 da 2b ea 30 40 00 71 00 00 ff 00 00 00 00 00 00 00 00 00 ff 00 00 00 00 00 00 00 00 00 ff 00 00 00 00 00 00 00 00 00 ff 00 00 00 00 00 00 00 00 00 ff 00 00 00 00 00 00 00 00 01 00 00
 15469 ms  64 B  05 07 00 e5 2b f3 30 40 00 71 00 00 ff 00 00 00 00 00 00 00 00 00 ff 00 00 00 00 00 00 00 00 00 ff 00 00 00 00 00 00 00 00 00 ff 00 00 00 00 00 00 00 00 00 ff 00 00 00 00 00 00 00 00 01 00 00
 15470 ms  64 B  05 07 00 f3 2b fa 30 40 00 71 00 00 ff 00 00 00 00 00 00 00 00 00 ff 00 00 00 00 00 00 00 00 00 ff 00 00 00 00 00 00 00 00 00 ff 00 00 00 00 00 00 00 00 00 ff 00 00 00 00 00 00 00 00 01 00 00
 15476 ms  64 B  05 07 00 fd 2b 03 31 40 00 71 00 00 ff 00 00 00 00 00 00 00 00 00 ff 00 00 00 00 00 00 00 00 00 ff 00 00 00 00 00 00 00 00 00 ff 00 00 00 00 00 00 00 00 00 ff 00 00 00 00 00 00 00 00 01 00 00
 15476 ms  64 B  05 07 00 07 2c 0b 31 40 00 71 00 00 ff 00 00 00 00 00 00 00 00 00 ff 00 00 00 00 00 00 00 00 00 ff 00 00 00 00 00 00 00 00 00 ff 00 00 00 00 00 00 00 00 00 ff 00 00 00 00 00 00 00 00 01 00 00
 15477 ms  64 B  05 07 00 0f 2c 13 31 40 00 71 00 00 ff 00 00 00 00 00 00 00 00 00 ff 00 00 00 00 00 00 00 00 00 ff 00 00 00 00 00 00 00 00 00 ff 00 00 00 00 00 00 00 00 00 ff 00 00 00 00 00 00 00 00 01 00 00
 15484 ms  64 B  05 07 00 18 2c 1b 31 40 00 71 00 00 ff 00 00 00 00 00 00 00 00 00 ff 00 00 00 00 00 00 00 00 00 ff 00 00 00 00 00 00 00 00 00 ff 00 00 00 00 00 00 00 00 00 ff 00 00 00 00 00 00 00 00 01 00 00
switched back to normal mode (time is up)
2615 packets in 15.5 s; by report id: 2 → 14, 5 → 2601
 15488 ms  64 B  05 07 00 21 2c 23 00 00 27 00 00 00 00 00 00 00 00 00 00 00 00 00 00 00 00 00 00 00 00 00 00 00 00 00 00 00 00 00 00 00 00 00 00 00 00 00 00 00 00 00 00 00 00 00 00 00 00 00 00 00 00 00 00 00
 15488 ms  64 B  05 07 00 2b 2c 2c 31 40 00 71 00 00 ff 00 00 00 00 00 00 00 00 00 ff 00 00 00 00 00 00 00 00 00 ff 00 00 00 00 00 00 00 00 00 ff 00 00 00 00 00 00 00 00 00 ff 00 00 00 00 00 00 00 00 01 00 00
