transport: OS HID driver via node-hid (\\?\HID#VID_08D3&PID_1000&MI_00&Col03#8&2be7b944&1&0002#{4d1e55b2-f16f-11cf-88cb-001111000030})
direct mode requested: 05 1f f7 fc 12
   397 ms  64 B  05 1f f7 fc 13 00 00 00 25 00 00 00 00 00 00 00 00 00 00 00 00 00 00 00 00 00 00 00 00 00 00 00 00 00 00 00 00 00 00 00 00 00 00 00 00 00 00 00 00 00 00 00 00 00 00 00 00 00 00 00 00 00 00 00
  2448 ms  64 B  05 04 00 32 24 43 14 40 00 71 00 00 ff 00 00 00 00 00 00 00 00 00 ff 00 00 00 00 00 00 00 00 00 ff 00 00 00 00 00 00 00 00 00 ff 00 00 00 00 00 00 00 00 00 ff 00 00 00 00 00 00 00 00 01 00 00
  2449 ms  64 B  05 07 00 32 24 43 14 40 00 71 00 00 ff 00 00 00 00 00 00 00 00 00 ff 00 00 00 00 00 00 00 00 00 ff 00 00 00 00 00 00 00 00 00 ff 00 00 00 00 00 00 00 00 00 ff 00 00 00 00 00 00 00 00 01 00 00
           … repeated 121×
  2735 ms  64 B  05 07 00 6c 24 1c 14 40 00 71 00 00 ff 00 00 00 00 00 00 00 00 00 ff 00 00 00 00 00 00 00 00 00 ff 00 00 00 00 00 00 00 00 00 ff 00 00 00 00 00 00 00 00 00 ff 00 00 00 00 00 00 00 00 01 00 00
  2736 ms  64 B  05 07 00 c2 24 e1 13 40 00 71 00 00 ff 00 00 00 00 00 00 00 00 00 ff 00 00 00 00 00 00 00 00 00 ff 00 00 00 00 00 00 00 00 00 ff 00 00 00 00 00 00 00 00 00 ff 00 00 00 00 00 00 00 00 01 00 00
  2737 ms  64 B  05 07 00 35 25 93 13 40 00 71 00 00 ff 00 00 00 00 00 00 00 00 00 ff 00 00 00 00 00 00 00 00 00 ff 00 00 00 00 00 00 00 00 00 ff 00 00 00 00 00 00 00 00 00 ff 00 00 00 00 00 00 00 00 01 00 00
  2742 ms  64 B  05 07 00 52 25 7f 13 40 00 71 00 00 ff 00 00 00 00 00 00 00 00 00 ff 00 00 00 00 00 00 00 00 00 ff 00 00 00 00 00 00 00 00 00 ff 00 00 00 00 00 00 00 00 00 ff 00 00 00 00 00 00 00 00 01 00 00
           … repeated 1×
  2744 ms  64 B  05 07 00 35 25 93 13 40 00 71 00 00 ff 00 00 00 00 00 00 00 00 00 ff 00 00 00 00 00 00 00 00 00 ff 00 00 00 00 00 00 00 00 00 ff 00 00 00 00 00 00 00 00 00 ff 00 00 00 00 00 00 00 00 01 00 00
           … repeated 6×
  2762 ms  64 B  05 07 00 37 25 96 13 40 00 71 00 00 ff 00 00 00 00 00 00 00 00 00 ff 00 00 00 00 00 00 00 00 00 ff 00 00 00 00 00 00 00 00 00 ff 00 00 00 00 00 00 00 00 00 ff 00 00 00 00 00 00 00 00 01 00 00
  2764 ms  64 B  05 07 00 39 25 9b 13 40 00 71 00 00 ff 00 00 00 00 00 00 00 00 00 ff 00 00 00 00 00 00 00 00 00 ff 00 00 00 00 00 00 00 00 00 ff 00 00 00 00 00 00 00 00 00 ff 00 00 00 00 00 00 00 00 01 00 00
  2765 ms  64 B  05 07 00 3c 25 a0 13 40 00 71 00 00 ff 00 00 00 00 00 00 00 00 00 ff 00 00 00 00 00 00 00 00 00 ff 00 00 00 00 00 00 00 00 00 ff 00 00 00 00 00 00 00 00 00 ff 00 00 00 00 00 00 00 00 01 00 00
  2769 ms  64 B  05 07 00 3b 25 a2 13 40 00 71 00 00 ff 00 00 00 00 00 00 00 00 00 ff 00 00 00 00 00 00 00 00 00 ff 00 00 00 00 00 00 00 00 00 ff 00 00 00 00 00 00 00 00 00 ff 00 00 00 00 00 00 00 00 01 00 00
  2770 ms  64 B  05 07 00 39 25 a1 13 40 00 71 00 00 ff 00 00 00 00 00 00 00 00 00 ff 00 00 00 00 00 00 00 00 00 ff 00 00 00 00 00 00 00 00 00 ff 00 00 00 00 00 00 00 00 00 ff 00 00 00 00 00 00 00 00 01 00 00
  2771 ms  64 B  05 07 00 35 25 a0 13 40 00 71 00 00 ff 00 00 00 00 00 00 00 00 00 ff 00 00 00 00 00 00 00 00 00 ff 00 00 00 00 00 00 00 00 00 ff 00 00 00 00 00 00 00 00 00 ff 00 00 00 00 00 00 00 00 01 00 00
  2776 ms  64 B  05 07 00 34 25 9d 13 40 00 71 00 00 ff 00 00 00 00 00 00 00 00 00 ff 00 00 00 00 00 00 00 00 00 ff 00 00 00 00 00 00 00 00 00 ff 00 00 00 00 00 00 00 00 00 ff 00 00 00 00 00 00 00 00 01 00 00
  2777 ms  64 B  05 07 00 34 25 98 13 40 00 71 00 00 ff 00 00 00 00 00 00 00 00 00 ff 00 00 00 00 00 00 00 00 00 ff 00 00 00 00 00 00 00 00 00 ff 00 00 00 00 00 00 00 00 00 ff 00 00 00 00 00 00 00 00 01 00 00
  2778 ms  64 B  05 07 00 35 25 93 13 40 00 71 00 00 ff 00 00 00 00 00 00 00 00 00 ff 00 00 00 00 00 00 00 00 00 ff 00 00 00 00 00 00 00 00 00 ff 00 00 00 00 00 00 00 00 00 ff 00 00 00 00 00 00 00 00 01 00 00
  2784 ms  64 B  05 07 00 33 25 91 13 40 00 71 00 00 ff 00 00 00 00 00 00 00 00 00 ff 00 00 00 00 00 00 00 00 00 ff 00 00 00 00 00 00 00 00 00 ff 00 00 00 00 00 00 00 00 00 ff 00 00 00 00 00 00 00 00 01 00 00
  2785 ms  64 B  05 07 00 31 25 92 13 40 00 71 00 00 ff 00 00 00 00 00 00 00 00 00 ff 00 00 00 00 00 00 00 00 00 ff 00 00 00 00 00 00 00 00 00 ff 00 00 00 00 00 00 00 00 00 ff 00 00 00 00 00 00 00 00 01 00 00
  2786 ms  64 B  05 07 00 2e 25 93 13 40 00 71 00 00 ff 00 00 00 00 00 00 00 00 00 ff 00 00 00 00 00 00 00 00 00 ff 00 00 00 00 00 00 00 00 00 ff 00 00 00 00 00 00 00 00 00 ff 00 00 00 00 00 00 00 00 01 00 00
  2791 ms  64 B  05 07 00 2c 25 93 13 40 00 71 00 00 ff 00 00 00 00 00 00 00 00 00 ff 00 00 00 00 00 00 00 00 00 ff 00 00 00 00 00 00 00 00 00 ff 00 00 00 00 00 00 00 00 00 ff 00 00 00 00 00 00 00 00 01 00 00
  2792 ms  64 B  05 07 00 2a 25 93 13 40 00 71 00 00 ff 00 00 00 00 00 00 00 00 00 ff 00 00 00 00 00 00 00 00 00 ff 00 00 00 00 00 00 00 00 00 ff 00 00 00 00 00 00 00 00 00 ff 00 00 00 00 00 00 00 00 01 00 00
  2793 ms  64 B  05 07 00 27 25 93 13 40 00 71 00 00 ff 00 00 00 00 00 00 00 00 00 ff 00 00 00 00 00 00 00 00 00 ff 00 00 00 00 00 00 00 00 00 ff 00 00 00 00 00 00 00 00 00 ff 00 00 00 00 00 00 00 00 01 00 00
  2798 ms  64 B  05 07 00 25 25 93 13 40 00 71 00 00 ff 00 00 00 00 00 00 00 00 00 ff 00 00 00 00 00 00 00 00 00 ff 00 00 00 00 00 00 00 00 00 ff 00 00 00 00 00 00 00 00 00 ff 00 00 00 00 00 00 00 00 01 00 00
  2799 ms  64 B  05 07 00 23 25 93 13 40 00 71 00 00 ff 00 00 00 00 00 00 00 00 00 ff 00 00 00 00 00 00 00 00 00 ff 00 00 00 00 00 00 00 00 00 ff 00 00 00 00 00 00 00 00 00 ff 00 00 00 00 00 00 00 00 01 00 00
  2800 ms  64 B  05 07 00 20 25 93 13 40 00 71 00 00 ff 00 00 00 00 00 00 00 00 00 ff 00 00 00 00 00 00 00 00 00 ff 00 00 00 00 00 00 00 00 00 ff 00 00 00 00 00 00 00 00 00 ff 00 00 00 00 00 00 00 00 01 00 00
  2805 ms  64 B  05 07 00 1f 25 93 13 40 00 71 00 00 ff 00 00 00 00 00 00 00 00 00 ff 00 00 00 00 00 00 00 00 00 ff 00 00 00 00 00 00 00 00 00 ff 00 00 00 00 00 00 00 00 00 ff 00 00 00 00 00 00 00 00 01 00 00
           … repeated 1×
  2807 ms  64 B  05 07 00 20 25 93 13 40 00 71 00 00 ff 00 00 00 00 00 00 00 00 00 ff 00 00 00 00 00 00 00 00 00 ff 00 00 00 00 00 00 00 00 00 ff 00 00 00 00 00 00 00 00 00 ff 00 00 00 00 00 00 00 00 01 00 00
  2813 ms  64 B  05 07 00 1e 25 93 13 40 00 71 00 00 ff 00 00 00 00 00 00 00 00 00 ff 00 00 00 00 00 00 00 00 00 ff 00 00 00 00 00 00 00 00 00 ff 00 00 00 00 00 00 00 00 00 ff 00 00 00 00 00 00 00 00 01 00 00
  2814 ms  64 B  05 07 00 1c 25 93 13 40 00 71 00 00 ff 00 00 00 00 00 00 00 00 00 ff 00 00 00 00 00 00 00 00 00 ff 00 00 00 00 00 00 00 00 00 ff 00 00 00 00 00 00 00 00 00 ff 00 00 00 00 00 00 00 00 01 00 00
  2815 ms  64 B  05 07 00 19 25 93 13 40 00 71 00 00 ff 00 00 00 00 00 00 00 00 00 ff 00 00 00 00 00 00 00 00 00 ff 00 00 00 00 00 00 00 00 00 ff 00 00 00 00 00 00 00 00 00 ff 00 00 00 00 00 00 00 00 01 00 00
  2821 ms  64 B  05 07 00 18 25 93 13 40 00 71 00 00 ff 00 00 00 00 00 00 00 00 00 ff 00 00 00 00 00 00 00 00 00 ff 00 00 00 00 00 00 00 00 00 ff 00 00 00 00 00 00 00 00 00 ff 00 00 00 00 00 00 00 00 01 00 00
           … repeated 1×
  2823 ms  64 B  05 07 00 19 25 93 13 40 00 71 00 00 ff 00 00 00 00 00 00 00 00 00 ff 00 00 00 00 00 00 00 00 00 ff 00 00 00 00 00 00 00 00 00 ff 00 00 00 00 00 00 00 00 00 ff 00 00 00 00 00 00 00 00 01 00 00
           … repeated 6×
  2849 ms  64 B  05 07 00 19 25 96 13 40 00 71 00 00 ff 00 00 00 00 00 00 00 00 00 ff 00 00 00 00 00 00 00 00 00 ff 00 00 00 00 00 00 00 00 00 ff 00 00 00 00 00 00 00 00 00 ff 00 00 00 00 00 00 00 00 01 00 00
  2850 ms  64 B  05 07 00 19 25 9b 13 40 00 71 00 00 ff 00 00 00 00 00 00 00 00 00 ff 00 00 00 00 00 00 00 00 00 ff 00 00 00 00 00 00 00 00 00 ff 00 00 00 00 00 00 00 00 00 ff 00 00 00 00 00 00 00 00 01 00 00
  2851 ms  64 B  05 07 00 19 25 a0 13 40 00 71 00 00 ff 00 00 00 00 00 00 00 00 00 ff 00 00 00 00 00 00 00 00 00 ff 00 00 00 00 00 00 00 00 00 ff 00 00 00 00 00 00 00 00 00 ff 00 00 00 00 00 00 00 00 01 00 00
  2860 ms  64 B  05 07 00 17 25 a2 13 40 00 71 00 00 ff 00 00 00 00 00 00 00 00 00 ff 00 00 00 00 00 00 00 00 00 ff 00 00 00 00 00 00 00 00 00 ff 00 00 00 00 00 00 00 00 00 ff 00 00 00 00 00 00 00 00 01 00 00
  2861 ms  64 B  05 07 00 15 25 a1 13 40 00 71 00 00 ff 00 00 00 00 00 00 00 00 00 ff 00 00 00 00 00 00 00 00 00 ff 00 00 00 00 00 00 00 00 00 ff 00 00 00 00 00 00 00 00 00 ff 00 00 00 00 00 00 00 00 01 00 00
  2862 ms  64 B  05 07 00 12 25 a0 13 40 00 71 00 00 ff 00 00 00 00 00 00 00 00 00 ff 00 00 00 00 00 00 00 00 00 ff 00 00 00 00 00 00 00 00 00 ff 00 00 00 00 00 00 00 00 00 ff 00 00 00 00 00 00 00 00 01 00 00
  2871 ms  64 B  05 07 00 11 25 a0 13 40 00 71 00 00 ff 00 00 00 00 00 00 00 00 00 ff 00 00 00 00 00 00 00 00 00 ff 00 00 00 00 00 00 00 00 00 ff 00 00 00 00 00 00 00 00 00 ff 00 00 00 00 00 00 00 00 01 00 00
           … repeated 1×
  2873 ms  64 B  05 07 00 12 25 a0 13 40 00 71 00 00 ff 00 00 00 00 00 00 00 00 00 ff 00 00 00 00 00 00 00 00 00 ff 00 00 00 00 00 00 00 00 00 ff 00 00 00 00 00 00 00 00 00 ff 00 00 00 00 00 00 00 00 01 00 00
           … repeated 3×
  2891 ms  64 B  05 07 00 10 25 a2 13 40 00 71 00 00 ff 00 00 00 00 00 00 00 00 00 ff 00 00 00 00 00 00 00 00 00 ff 00 00 00 00 00 00 00 00 00 ff 00 00 00 00 00 00 00 00 00 ff 00 00 00 00 00 00 00 00 01 00 00
  2892 ms  64 B  05 07 00 0e 25 a6 13 40 00 71 00 00 ff 00 00 00 00 00 00 00 00 00 ff 00 00 00 00 00 00 00 00 00 ff 00 00 00 00 00 00 00 00 00 ff 00 00 00 00 00 00 00 00 00 ff 00 00 00 00 00 00 00 00 01 00 00
  2893 ms  64 B  05 07 00 0b 25 ac 13 40 00 71 00 00 ff 00 00 00 00 00 00 00 00 00 ff 00 00 00 00 00 00 00 00 00 ff 00 00 00 00 00 00 00 00 00 ff 00 00 00 00 00 00 00 00 00 ff 00 00 00 00 00 00 00 00 01 00 00
  2902 ms  64 B  05 07 00 0a 25 ae 13 40 00 71 00 00 ff 00 00 00 00 00 00 00 00 00 ff 00 00 00 00 00 00 00 00 00 ff 00 00 00 00 00 00 00 00 00 ff 00 00 00 00 00 00 00 00 00 ff 00 00 00 00 00 00 00 00 01 00 00
           … repeated 1×
  2904 ms  64 B  05 07 00 0b 25 ac 13 40 00 71 00 00 ff 00 00 00 00 00 00 00 00 00 ff 00 00 00 00 00 00 00 00 00 ff 00 00 00 00 00 00 00 00 00 ff 00 00 00 00 00 00 00 00 00 ff 00 00 00 00 00 00 00 00 01 00 00
           … repeated 9×
  2948 ms  64 B  05 07 00 09 25 ac 13 40 00 71 00 00 ff 00 00 00 00 00 00 00 00 00 ff 00 00 00 00 00 00 00 00 00 ff 00 00 00 00 00 00 00 00 00 ff 00 00 00 00 00 00 00 00 00 ff 00 00 00 00 00 00 00 00 01 00 00
  2949 ms  64 B  05 07 00 04 25 ac 13 40 00 71 00 00 ff 00 00 00 00 00 00 00 00 00 ff 00 00 00 00 00 00 00 00 00 ff 00 00 00 00 00 00 00 00 00 ff 00 00 00 00 00 00 00 00 00 ff 00 00 00 00 00 00 00 00 01 00 00
  2958 ms  64 B  05 07 00 03 25 b1 13 40 00 71 00 04 01 57 23 4f 21 06 00 0a 00 00 ff 00 00 00 00 00 00 00 00 00 ff 00 00 00 00 00 00 00 00 00 ff 00 00 00 00 00 00 00 00 00 ff 00 00 00 00 00 00 00 00 02 00 00
  2959 ms  64 B  05 07 00 04 25 b9 13 40 00 71 00 07 01 57 23 4f 21 06 00 0a 00 00 ff 00 00 00 00 00 00 00 00 00 ff 00 00 00 00 00 00 00 00 00 ff 00 00 00 00 00 00 00 00 00 ff 00 00 00 00 00 00 00 00 02 00 00
  2969 ms  64 B  05 07 00 04 25 bf 13 40 00 71 00 07 01 31 23 5b 21 06 00 0a 00 00 ff 00 00 00 00 00 00 00 00 00 ff 00 00 00 00 00 00 00 00 00 ff 00 00 00 00 00 00 00 00 00 ff 00 00 00 00 00 00 00 00 02 00 00
  2970 ms  64 B  05 07 00 04 25 c5 13 40 00 71 00 07 01 11 23 68 21 06 00 0a 00 00 ff 00 00 00 00 00 00 00 00 00 ff 00 00 00 00 00 00 00 00 00 ff 00 00 00 00 00 00 00 00 00 ff 00 00 00 00 00 00 00 00 02 00 00
  2980 ms  64 B  05 07 00 02 25 cb 13 40 00 71 00 07 01 ee 22 70 21 06 00 0a 00 00 ff 00 00 00 00 00 00 00 00 00 ff 00 00 00 00 00 00 00 00 00 ff 00 00 00 00 00 00 00 00 00 ff 00 00 00 00 00 00 00 00 02 00 00
  2981 ms  64 B  05 07 00 fd 24 d2 13 40 00 71 00 07 01 cb 22 75 21 06 00 0a 00 00 ff 00 00 00 00 00 00 00 00 00 ff 00 00 00 00 00 00 00 00 00 ff 00 00 00 00 00 00 00 00 00 ff 00 00 00 00 00 00 00 00 02 00 00
  2991 ms  64 B  05 07 00 fc 24 d4 13 40 00 71 00 07 01 ca 22 72 21 06 00 0a 00 04 02 3d 29 b3 24 06 00 0a 00 00 ff 00 00 00 00 00 00 00 00 00 ff 00 00 00 00 00 00 00 00 00 ff 00 00 00 00 00 00 00 00 03 00 00
  2992 ms  64 B  05 07 00 fd 24 d2 13 40 00 71 00 07 01 e0 22 68 21 06 00 0a 00 07 02 3d 29 b3 24 06 00 0a 00 00 ff 00 00 00 00 00 00 00 00 00 ff 00 00 00 00 00 00 00 00 00 ff 00 00 00 00 00 00 00 00 03 00 00
  3001 ms  64 B  05 07 00 fd 24 cd 13 40 00 71 00 07 01 d8 22 6b 21 06 00 0a 00 07 02 3d 29 b3 24 06 00 0a 00 00 ff 00 00 00 00 00 00 00 00 00 ff 00 00 00 00 00 00 00 00 00 ff 00 00 00 00 00 00 00 00 03 00 00
  3002 ms  64 B  05 07 00 fd 24 c5 13 40 00 71 00 07 01 c4 22 75 21 06 00 0a 00 07 02 3d 29 b3 24 06 00 0a 00 00 ff 00 00 00 00 00 00 00 00 00 ff 00 00 00 00 00 00 00 00 00 ff 00 00 00 00 00 00 00 00 03 00 00
  3011 ms  64 B  05 07 00 fb 24 c3 13 40 00 71 00 07 01 b2 22 7b 21 06 00 0a 00 07 02 3d 29 b3 24 06 00 0a 00 00 ff 00 00 00 00 00 00 00 00 00 ff 00 00 00 00 00 00 00 00 00 ff 00 00 00 00 00 00 00 00 03 00 00
  3012 ms  64 B  05 07 00 f6 24 c5 13 40 00 71 00 07 01 9b 22 81 21 06 00 0a 00 07 02 3d 29 b3 24 06 00 0a 00 00 ff 00 00 00 00 00 00 00 00 00 ff 00 00 00 00 00 00 00 00 00 ff 00 00 00 00 00 00 00 00 03 00 00
  3022 ms  64 B  05 07 00 f5 24 c3 13 40 00 71 00 07 01 8e 22 84 21 06 00 0a 00 07 02 3d 29 b3 24 06 00 0a 00 00 ff 00 00 00 00 00 00 00 00 00 ff 00 00 00 00 00 00 00 00 00 ff 00 00 00 00 00 00 00 00 03 00 00
  3023 ms  64 B  05 07 00 f5 24 bf 13 40 00 71 00 07 01 80 22 89 21 06 00 0a 00 07 02 3d 29 b3 24 06 00 0a 00 00 ff 00 00 00 00 00 00 00 00 00 ff 00 00 00 00 00 00 00 00 00 ff 00 00 00 00 00 00 00 00 03 00 00
  3024 ms  64 B  05 07 00 f6 24 b9 13 40 00 71 00 07 01 70 22 8e 21 06 00 0a 00 07 02 3d 29 b3 24 06 00 0a 00 00 ff 00 00 00 00 00 00 00 00 00 ff 00 00 00 00 00 00 00 00 00 ff 00 00 00 00 00 00 00 00 03 00 00
  3033 ms  64 B  05 07 00 f6 24 b7 13 40 00 71 00 07 01 60 22 90 21 06 00 0a 00 07 02 3d 29 b3 24 06 00 0a 00 00 ff 00 00 00 00 00 00 00 00 00 ff 00 00 00 00 00 00 00 00 00 ff 00 00 00 00 00 00 00 00 03 00 00
  3034 ms  64 B  05 07 00 f6 24 b9 13 40 00 71 00 07 01 54 22 8e 21 06 00 0a 00 07 02 3d 29 b3 24 06 00 0a 00 00 ff 00 00 00 00 00 00 00 00 00 ff 00 00 00 00 00 00 00 00 00 ff 00 00 00 00 00 00 00 00 03 00 00
  3046 ms  64 B  05 07 00 f6 24 b9 13 40 00 71 00 07 01 48 22 92 21 06 00 0a 00 07 02 30 29 af 24 06 00 0a 00 00 ff 00 00 00 00 00 00 00 00 00 ff 00 00 00 00 00 00 00 00 00 ff 00 00 00 00 00 00 00 00 03 00 00
  3047 ms  64 B  05 07 00 f6 24 b9 13 40 00 71 00 07 01 3f 22 9a 21 06 00 0a 00 07 02 19 29 a7 24 06 00 0a 00 00 ff 00 00 00 00 00 00 00 00 00 ff 00 00 00 00 00 00 00 00 00 ff 00 00 00 00 00 00 00 00 03 00 00
  3056 ms  64 B  05 07 00 f6 24 b9 13 40 00 71 00 07 01 3c 22 9c 21 06 00 0a 00 07 02 14 29 a5 24 06 00 0a 00 00 ff 00 00 00 00 00 00 00 00 00 ff 00 00 00 00 00 00 00 00 00 ff 00 00 00 00 00 00 00 00 03 00 00
  3057 ms  64 B  05 07 00 f6 24 b9 13 40 00 71 00 07 01 3f 22 9a 21 06 00 0a 00 07 02 19 29 a7 24 06 00 0a 00 00 ff 00 00 00 00 00 00 00 00 00 ff 00 00 00 00 00 00 00 00 00 ff 00 00 00 00 00 00 00 00 03 00 00
  3066 ms  64 B  05 07 00 f6 24 bd 13 40 00 71 00 07 01 3a 22 9a 21 06 00 0a 00 07 02 19 29 a7 24 06 00 0a 00 00 ff 00 00 00 00 00 00 00 00 00 ff 00 00 00 00 00 00 00 00 00 ff 00 00 00 00 00 00 00 00 03 00 00
  3067 ms  64 B  05 07 00 f6 24 c5 13 40 00 71 00 07 01 31 22 9a 21 06 00 0a 00 07 02 19 29 a7 24 06 00 0a 00 00 ff 00 00 00 00 00 00 00 00 00 ff 00 00 00 00 00 00 00 00 00 ff 00 00 00 00 00 00 00 00 03 00 00
  3077 ms  64 B  05 07 00 f6 24 cb 13 40 00 71 00 07 01 2c 22 9a 21 06 00 0a 00 07 02 1b 29 a7 24 06 00 0a 00 00 ff 00 00 00 00 00 00 00 00 00 ff 00 00 00 00 00 00 00 00 00 ff 00 00 00 00 00 00 00 00 03 00 00
  3078 ms  64 B  05 07 00 f6 24 d2 13 40 00 71 00 07 01 2a 22 9a 21 06 00 0a 00 07 02 20 29 a7 24 06 00 0a 00 00 ff 00 00 00 00 00 00 00 00 00 ff 00 00 00 00 00 00 00 00 00 ff 00 00 00 00 00 00 00 00 03 00 00
  3089 ms  64 B  05 07 00 f6 24 d4 13 40 00 71 00 07 01 27 22 9a 21 06 00 0a 00 07 02 23 29 ab 24 06 00 0a 00 00 ff 00 00 00 00 00 00 00 00 00 ff 00 00 00 00 00 00 00 00 00 ff 00 00 00 00 00 00 00 00 03 00 00
  3089 ms  64 B  05 07 00 f6 24 d2 13 40 00 71 00 07 01 23 22 9a 21 06 00 0a 00 07 02 28 29 b3 24 06 00 0a 00 00 ff 00 00 00 00 00 00 00 00 00 ff 00 00 00 00 00 00 00 00 00 ff 00 00 00 00 00 00 00 00 03 00 00
  3100 ms  64 B  05 07 00 f8 24 d7 13 40 00 71 00 07 01 22 22 9a 21 06 00 0a 00 07 02 2b 29 b5 24 06 00 0a 00 04 04 04 29 73 27 06 00 0a 00 04 05 69 20 4c 1f 06 00 0a 00 00 ff 00 00 00 00 00 00 00 00 05 00 00
  3100 ms  64 B  05 07 00 fd 24 df 13 40 00 71 00 07 01 23 22 9a 21 06 00 0a 00 07 02 2f 29 b3 24 06 00 0a 00 07 04 04 29 73 27 06 00 0a 00 07 05 69 20 4c 1f 06 00 0a 00 00 ff 00 00 00 00 00 00 00 00 05 00 00
  3111 ms  64 B  05 07 00 fe 24 e1 13 40 00 71 00 07 01 23 22 9a 21 06 00 0a 00 07 02 32 29 b3 24 06 00 0a 00 07 04 04 29 73 27 06 00 0a 00 07 05 69 20 4c 1f 06 00 0a 00 00 ff 00 00 00 00 00 00 00 00 05 00 00
  3111 ms  64 B  05 07 00 fd 24 df 13 40 00 71 00 07 01 23 22 9a 21 06 00 0a 00 07 02 36 29 b3 24 06 00 0a 00 07 04 04 29 73 27 06 00 0a 00 07 05 69 20 4c 1f 06 00 0a 00 00 ff 00 00 00 00 00 00 00 00 05 00 00
  3121 ms  64 B  05 07 00 fd 24 e4 13 40 00 71 00 07 01 25 22 9a 21 06 00 0a 00 07 02 37 29 b3 24 06 00 0a 00 07 04 04 29 73 27 06 00 0a 00 07 05 69 20 4c 1f 06 00 0a 00 00 ff 00 00 00 00 00 00 00 00 05 00 00
  3121 ms  64 B  05 07 00 fd 24 ec 13 40 00 71 00 07 01 2a 22 9a 21 06 00 0a 00 07 02 36 29 b3 24 06 00 0a 00 07 04 04 29 73 27 06 00 0a 00 07 05 69 20 4c 1f 06 00 0a 00 00 ff 00 00 00 00 00 00 00 00 05 00 00
  3131 ms  64 B  05 07 00 fd 24 ee 13 40 00 71 00 07 01 2b 22 9a 21 06 00 0a 00 07 02 36 29 b3 24 06 00 0a 00 07 04 04 29 73 27 06 00 0a 00 07 05 69 20 4c 1f 06 00 0a 00 00 ff 00 00 00 00 00 00 00 00 05 00 00
  3131 ms  64 B  05 07 00 fd 24 ec 13 40 00 71 00 07 01 2a 22 9a 21 06 00 0a 00 07 02 36 29 b3 24 06 00 0a 00 07 04 04 29 73 27 06 00 0a 00 07 05 69 20 4c 1f 06 00 0a 00 00 ff 00 00 00 00 00 00 00 00 05 00 00
  3140 ms  64 B  05 07 00 fd 24 ec 13 40 00 71 00 07 01 2c 22 9a 21 06 00 0a 00 07 02 38 29 b8 24 06 00 0a 00 04 04 04 29 73 27 06 00 0a 00 07 05 69 20 4c 1f 06 00 0a 00 00 ff 00 00 00 00 00 00 00 00 05 00 00
  3141 ms  64 B  05 07 00 fd 24 ec 13 40 00 71 00 07 01 31 22 9a 21 06 00 0a 00 07 02 3d 29 c0 24 06 00 0a 00 07 05 69 20 4c 1f 06 00 0a 00 00 ff 00 00 00 00 00 00 00 00 00 ff 00 00 00 00 00 00 00 00 04 00 00
  3152 ms  64 B  05 07 00 ff 24 ec 13 40 00 71 00 07 01 34 22 9a 21 06 00 0a 00 07 02 3e 29 c2 24 06 00 0a 00 07 05 69 20 4c 1f 06 00 0a 00 00 ff 00 00 00 00 00 00 00 00 00 ff 00 00 00 00 00 00 00 00 04 00 00
  3152 ms  64 B  05 07 00 04 25 ec 13 40 00 71 00 07 01 38 22 9a 21 06 00 0a 00 07 02 3d 29 c0 24 06 00 0a 00 07 05 69 20 4c 1f 06 00 0a 00 00 ff 00 00 00 00 00 00 00 00 00 ff 00 00 00 00 00 00 00 00 04 00 00
  3163 ms  64 B  05 07 00 05 25 ec 13 40 00 71 00 07 01 39 22 9a 21 06 00 0a 00 07 02 3d 29 c0 24 06 00 0a 00 04 05 69 20 4c 1f 06 00 0a 00 00 ff 00 00 00 00 00 00 00 00 00 ff 00 00 00 00 00 00 00 00 04 00 00
  3163 ms  64 B  05 07 00 04 25 ec 13 40 00 71 00 07 01 38 22 9a 21 06 00 0a 00 07 02 3d 29 c0 24 06 00 0a 00 00 ff 00 00 00 00 00 00 00 00 00 ff 00 00 00 00 00 00 00 00 00 ff 00 00 00 00 00 00 00 00 03 00 00
  3173 ms  64 B  05 07 00 04 25 ec 13 40 00 71 00 07 01 55 22 90 21 06 00 0a 00 07 02 3d 29 c0 24 06 00 0a 00 00 ff 00 00 00 00 00 00 00 00 00 ff 00 00 00 00 00 00 00 00 00 ff 00 00 00 00 00 00 00 00 03 00 00
  3173 ms  64 B  05 07 00 04 25 ec 13 40 00 71 00 07 01 85 22 81 21 06 00 0a 00 07 02 3d 29 c0 24 06 00 0a 00 00 ff 00 00 00 00 00 00 00 00 00 ff 00 00 00 00 00 00 00 00 00 ff 00 00 00 00 00 00 00 00 03 00 00
  3184 ms  64 B  05 07 00 04 25 ec 13 40 00 71 00 07 01 6f 22 4a 21 06 00 0a 00 07 02 3d 29 c0 24 06 00 0a 00 00 ff 00 00 00 00 00 00 00 00 00 ff 00 00 00 00 00 00 00 00 00 ff 00 00 00 00 00 00 00 00 03 00 00
  3184 ms  64 B  05 07 00 04 25 ec 13 40 00 71 00 07 01 31 22 f7 20 06 00 0a 00 07 02 3d 29 c0 24 06 00 0a 00 00 ff 00 00 00 00 00 00 00 00 00 ff 00 00 00 00 00 00 00 00 00 ff 00 00 00 00 00 00 00 00 03 00 00
  3194 ms  64 B  05 07 00 04 25 ec 13 40 00 71 00 07 01 f5 21 b2 20 06 00 0a 00 07 02 3d 29 c0 24 06 00 0a 00 00 ff 00 00 00 00 00 00 00 00 00 ff 00 00 00 00 00 00 00 00 00 ff 00 00 00 00 00 00 00 00 03 00 00
  3194 ms  64 B  05 07 00 04 25 ec 13 40 00 71 00 07 01 ab 21 6c 20 06 00 0a 00 07 02 3d 29 c0 24 06 00 0a 00 00 ff 00 00 00 00 00 00 00 00 00 ff 00 00 00 00 00 00 00 00 00 ff 00 00 00 00 00 00 00 00 03 00 00
  3204 ms  64 B  05 07 00 04 25 ec 13 40 00 71 00 07 01 95 21 5b 20 06 00 0a 00 07 02 3d 29 c0 24 06 00 0a 00 00 ff 00 00 00 00 00 00 00 00 00 ff 00 00 00 00 00 00 00 00 00 ff 00 00 00 00 00 00 00 00 03 00 00
  3205 ms  64 B  05 07 00 04 25 ec 13 40 00 71 00 07 01 9d 21 6c 20 06 00 0a 00 07 02 3d 29 c0 24 06 00 0a 00 00 ff 00 00 00 00 00 00 00 00 00 ff 00 00 00 00 00 00 00 00 00 ff 00 00 00 00 00 00 00 00 03 00 00
  3214 ms  64 B  05 07 00 04 25 ec 13 40 00 71 00 07 01 a3 21 7f 20 06 00 0a 00 07 02 3d 29 c0 24 06 00 0a 00 00 ff 00 00 00 00 00 00 00 00 00 ff 00 00 00 00 00 00 00 00 00 ff 00 00 00 00 00 00 00 00 03 00 00
  3215 ms  64 B  05 07 00 04 25 ec 13 40 00 71 00 07 01 b2 21 9f 20 06 00 0a 00 07 02 3d 29 c0 24 06 00 0a 00 00 ff 00 00 00 00 00 00 00 00 00 ff 00 00 00 00 00 00 00 00 00 ff 00 00 00 00 00 00 00 00 03 00 00
  3225 ms  64 B  05 07 00 04 25 ec 13 40 00 71 00 07 01 c1 21 bc 20 06 00 0a 00 07 02 3d 29 c0 24 06 00 0a 00 00 ff 00 00 00 00 00 00 00 00 00 ff 00 00 00 00 00 00 00 00 00 ff 00 00 00 00 00 00 00 00 03 00 00
  3226 ms  64 B  05 07 00 04 25 ec 13 40 00 71 00 07 01 d6 21 dd 20 06 00 0a 00 07 02 3d 29 c0 24 06 00 0a 00 00 ff 00 00 00 00 00 00 00 00 00 ff 00 00 00 00 00 00 00 00 00 ff 00 00 00 00 00 00 00 00 03 00 00
  3236 ms  64 B  05 07 00 04 25 ec 13 40 00 71 00 07 01 e5 21 fc 20 06 00 0a 00 07 02 3d 29 c0 24 06 00 0a 00 00 ff 00 00 00 00 00 00 00 00 00 ff 00 00 00 00 00 00 00 00 00 ff 00 00 00 00 00 00 00 00 03 00 00
  3237 ms  64 B  05 07 00 04 25 ec 13 40 00 71 00 07 01 f2 21 1d 21 06 00 0a 00 07 02 3d 29 c0 24 06 00 0a 00 00 ff 00 00 00 00 00 00 00 00 00 ff 00 00 00 00 00 00 00 00 00 ff 00 00 00 00 00 00 00 00 03 00 00
  3246 ms  64 B  05 07 00 04 25 ec 13 40 00 71 00 07 01 00 22 33 21 06 00 0a 00 07 02 3d 29 c0 24 06 00 0a 00 00 ff 00 00 00 00 00 00 00 00 00 ff 00 00 00 00 00 00 00 00 00 ff 00 00 00 00 00 00 00 00 03 00 00
  3247 ms  64 B  05 07 00 04 25 ec 13 40 00 71 00 07 01 0e 22 42 21 06 00 0a 00 07 02 3d 29 c0 24 06 00 0a 00 00 ff 00 00 00 00 00 00 00 00 00 ff 00 00 00 00 00 00 00 00 00 ff 00 00 00 00 00 00 00 00 03 00 00
  3256 ms  64 B  05 07 00 04 25 ec 13 40 00 71 00 07 01 1a 22 54 21 06 00 0a 00 07 02 3d 29 c0 24 06 00 0a 00 00 ff 00 00 00 00 00 00 00 00 00 ff 00 00 00 00 00 00 00 00 00 ff 00 00 00 00 00 00 00 00 03 00 00
  3257 ms  64 B  05 07 00 04 25 ec 13 40 00 71 00 07 01 23 22 68 21 06 00 0a 00 07 02 3d 29 c0 24 06 00 0a 00 00 ff 00 00 00 00 00 00 00 00 00 ff 00 00 00 00 00 00 00 00 00 ff 00 00 00 00 00 00 00 00 03 00 00
  3267 ms  64 B  05 07 00 04 25 ec 13 40 00 71 00 07 01 2b 22 76 21 06 00 0a 00 07 02 3d 29 c0 24 06 00 0a 00 00 ff 00 00 00 00 00 00 00 00 00 ff 00 00 00 00 00 00 00 00 00 ff 00 00 00 00 00 00 00 00 03 00 00
  3268 ms  64 B  05 07 00 04 25 ec 13 40 00 71 00 07 01 31 22 81 21 06 00 0a 00 07 02 3d 29 c0 24 06 00 0a 00 00 ff 00 00 00 00 00 00 00 00 00 ff 00 00 00 00 00 00 00 00 00 ff 00 00 00 00 00 00 00 00 03 00 00
  3277 ms  64 B  05 07 00 04 25 ec 13 40 00 71 00 07 01 38 22 8d 21 06 00 0a 00 07 02 3d 29 c0 24 06 00 0a 00 00 ff 00 00 00 00 00 00 00 00 00 ff 00 00 00 00 00 00 00 00 00 ff 00 00 00 00 00 00 00 00 03 00 00
  3278 ms  64 B  05 07 00 04 25 ec 13 40 00 71 00 07 01 3f 22 9a 21 06 00 0a 00 07 02 3d 29 c0 24 06 00 0a 00 00 ff 00 00 00 00 00 00 00 00 00 ff 00 00 00 00 00 00 00 00 00 ff 00 00 00 00 00 00 00 00 03 00 00
  3288 ms  64 B  05 07 00 04 25 ec 13 40 00 71 00 07 01 44 22 a2 21 06 00 0a 00 07 02 3d 29 c0 24 06 00 0a 00 00 ff 00 00 00 00 00 00 00 00 00 ff 00 00 00 00 00 00 00 00 00 ff 00 00 00 00 00 00 00 00 03 00 00
  3289 ms  64 B  05 07 00 04 25 ec 13 40 00 71 00 07 01 46 22 a6 21 06 00 0a 00 07 02 3d 29 c0 24 06 00 0a 00 00 ff 00 00 00 00 00 00 00 00 00 ff 00 00 00 00 00 00 00 00 00 ff 00 00 00 00 00 00 00 00 03 00 00
  3300 ms  64 B  05 07 00 04 25 ec 13 40 00 71 00 07 01 49 22 a8 21 06 00 0a 00 07 02 3d 29 c0 24 06 00 0a 00 00 ff 00 00 00 00 00 00 00 00 00 ff 00 00 00 00 00 00 00 00 00 ff 00 00 00 00 00 00 00 00 03 00 00
  3300 ms  64 B  05 07 00 04 25 ec 13 40 00 71 00 07 01 4d 22 a6 21 06 00 0a 00 07 02 3d 29 c0 24 06 00 0a 00 00 ff 00 00 00 00 00 00 00 00 00 ff 00 00 00 00 00 00 00 00 00 ff 00 00 00 00 00 00 00 00 03 00 00
  3310 ms  64 B  05 07 00 04 25 e7 13 40 00 71 00 07 01 4e 22 ab 21 06 00 0a 00 07 02 3d 29 c0 24 06 00 0a 00 00 ff 00 00 00 00 00 00 00 00 00 ff 00 00 00 00 00 00 00 00 00 ff 00 00 00 00 00 00 00 00 03 00 00
  3310 ms  64 B  05 07 00 04 25 df 13 40 00 71 00 07 01 4d 22 b3 21 06 00 0a 00 07 02 3d 29 c0 24 06 00 0a 00 00 ff 00 00 00 00 00 00 00 00 00 ff 00 00 00 00 00 00 00 00 00 ff 00 00 00 00 00 00 00 00 03 00 00
  3320 ms  64 B  05 07 00 04 25 dd 13 40 00 71 00 07 01 4d 22 b5 21 06 00 0a 00 07 02 3b 29 bb 24 06 00 0a 00 00 ff 00 00 00 00 00 00 00 00 00 ff 00 00 00 00 00 00 00 00 00 ff 00 00 00 00 00 00 00 00 03 00 00
  3320 ms  64 B  05 07 00 04 25 df 13 40 00 71 00 07 01 4d 22 b3 21 06 00 0a 00 07 02 36 29 b3 24 06 00 0a 00 00 ff 00 00 00 00 00 00 00 00 00 ff 00 00 00 00 00 00 00 00 00 ff 00 00 00 00 00 00 00 00 03 00 00
  3330 ms  64 B  05 07 00 04 25 df 13 40 00 71 00 07 01 4d 22 b0 21 06 00 0a 00 07 02 35 29 b1 24 06 00 0a 00 00 ff 00 00 00 00 00 00 00 00 00 ff 00 00 00 00 00 00 00 00 00 ff 00 00 00 00 00 00 00 00 03 00 00
  3330 ms  64 B  05 07 00 04 25 df 13 40 00 71 00 07 01 4d 22 ab 21 06 00 0a 00 07 02 35 29 b2 24 06 00 0a 00 00 ff 00 00 00 00 00 00 00 00 00 ff 00 00 00 00 00 00 00 00 00 ff 00 00 00 00 00 00 00 00 03 00 00
  3331 ms  64 B  05 07 00 04 25 df 13 40 00 71 00 07 01 4d 22 a6 21 06 00 0a 00 07 02 36 29 b3 24 06 00 0a 00 00 ff 00 00 00 00 00 00 00 00 00 ff 00 00 00 00 00 00 00 00 00 ff 00 00 00 00 00 00 00 00 03 00 00
  3340 ms  64 B  05 07 00 04 25 df 13 40 00 71 00 07 01 4d 22 a4 21 06 00 0a 00 07 02 36 29 b3 24 06 00 0a 00 00 ff 00 00 00 00 00 00 00 00 00 ff 00 00 00 00 00 00 00 00 00 ff 00 00 00 00 00 00 00 00 03 00 00
  3341 ms  64 B  05 07 00 04 25 df 13 40 00 71 00 07 01 4d 22 a6 21 06 00 0a 00 07 02 36 29 b3 24 06 00 0a 00 00 ff 00 00 00 00 00 00 00 00 00 ff 00 00 00 00 00 00 00 00 00 ff 00 00 00 00 00 00 00 00 03 00 00
           … repeated 4×
  3372 ms  64 B  05 07 00 04 25 df 13 40 00 71 00 07 01 4d 22 a2 21 06 00 0a 00 07 02 36 29 b3 24 06 00 0a 00 00 ff 00 00 00 00 00 00 00 00 00 ff 00 00 00 00 00 00 00 00 00 ff 00 00 00 00 00 00 00 00 03 00 00
  3373 ms  64 B  05 07 00 04 25 df 13 40 00 71 00 07 01 4d 22 9a 21 06 00 0a 00 07 02 36 29 b3 24 06 00 0a 00 00 ff 00 00 00 00 00 00 00 00 00 ff 00 00 00 00 00 00 00 00 00 ff 00 00 00 00 00 00 00 00 03 00 00
  3387 ms  64 B  05 07 00 02 25 df 13 40 00 71 00 07 01 4b 22 98 21 06 00 0a 00 07 02 36 29 b3 24 06 00 0a 00 04 04 cc 28 8c 27 06 00 0a 00 00 ff 00 00 00 00 00 00 00 00 00 ff 00 00 00 00 00 00 00 00 04 00 00
  3387 ms  64 B  05 07 00 fd 24 df 13 40 00 71 00 07 01 46 22 9a 21 06 00 0a 00 07 02 36 29 b3 24 06 00 0a 00 07 04 cc 28 8c 27 06 00 0a 00 00 ff 00 00 00 00 00 00 00 00 00 ff 00 00 00 00 00 00 00 00 04 00 00
  3397 ms  64 B  05 07 00 fc 24 df 13 40 00 71 00 07 01 45 22 9a 21 06 00 0a 00 07 02 36 29 b3 24 06 00 0a 00 07 04 c5 28 8f 27 06 00 0a 00 00 ff 00 00 00 00 00 00 00 00 00 ff 00 00 00 00 00 00 00 00 04 00 00
  3398 ms  64 B  05 07 00 fd 24 df 13 40 00 71 00 07 01 46 22 9a 21 06 00 0a 00 07 02 36 29 b3 24 06 00 0a 00 07 04 cc 28 8c 27 06 00 0a 00 00 ff 00 00 00 00 00 00 00 00 00 ff 00 00 00 00 00 00 00 00 04 00 00
           … repeated 4×
  3431 ms  64 B  05 07 00 fd 24 df 13 40 00 71 00 07 01 46 22 9a 21 06 00 0a 00 07 02 36 29 b3 24 06 00 0a 00 04 04 cc 28 8c 27 06 00 0a 00 00 ff 00 00 00 00 00 00 00 00 00 ff 00 00 00 00 00 00 00 00 04 00 00
  3432 ms  64 B  05 07 00 fd 24 df 13 40 00 71 00 07 01 46 22 9a 21 06 00 0a 00 07 02 36 29 b3 24 06 00 0a 00 00 ff 00 00 00 00 00 00 00 00 00 ff 00 00 00 00 00 00 00 00 00 ff 00 00 00 00 00 00 00 00 03 00 00
  3442 ms  64 B  05 07 00 fd 24 df 13 40 00 71 00 07 01 2f 22 7e 21 06 00 0a 00 07 02 36 29 b3 24 06 00 0a 00 00 ff 00 00 00 00 00 00 00 00 00 ff 00 00 00 00 00 00 00 00 00 ff 00 00 00 00 00 00 00 00 03 00 00
  3443 ms  64 B  05 07 00 fd 24 df 13 40 00 71 00 07 01 0c 22 55 21 06 00 0a 00 07 02 36 29 b3 24 06 00 0a 00 00 ff 00 00 00 00 00 00 00 00 00 ff 00 00 00 00 00 00 00 00 00 ff 00 00 00 00 00 00 00 00 03 00 00
  3444 ms  64 B  05 07 00 fd 24 df 13 40 00 71 00 07 01 dd 21 1d 21 06 00 0a 00 07 02 36 29 b3 24 06 00 0a 00 00 ff 00 00 00 00 00 00 00 00 00 ff 00 00 00 00 00 00 00 00 00 ff 00 00 00 00 00 00 00 00 03 00 00
  3454 ms  64 B  05 07 00 fd 24 df 13 40 00 71 00 07 01 b6 21 ee 20 06 00 0a 00 07 02 36 29 b3 24 06 00 0a 00 00 ff 00 00 00 00 00 00 00 00 00 ff 00 00 00 00 00 00 00 00 00 ff 00 00 00 00 00 00 00 00 03 00 00
  3455 ms  64 B  05 07 00 fd 24 df 13 40 00 71 00 07 01 8c 21 bc 20 06 00 0a 00 07 02 36 29 b3 24 06 00 0a 00 00 ff 00 00 00 00 00 00 00 00 00 ff 00 00 00 00 00 00 00 00 00 ff 00 00 00 00 00 00 00 00 03 00 00
  3456 ms  64 B  05 07 00 fd 24 df 13 40 00 71 00 07 01 5e 21 86 20 06 00 0a 00 07 02 36 29 b3 24 06 00 0a 00 00 ff 00 00 00 00 00 00 00 00 00 ff 00 00 00 00 00 00 00 00 00 ff 00 00 00 00 00 00 00 00 03 00 00
  3465 ms  64 B  05 07 00 fd 24 df 13 40 00 71 00 07 01 37 21 56 20 06 00 0a 00 07 02 36 29 b3 24 06 00 0a 00 00 ff 00 00 00 00 00 00 00 00 00 ff 00 00 00 00 00 00 00 00 00 ff 00 00 00 00 00 00 00 00 03 00 00
  3466 ms  64 B  05 07 00 fd 24 df 13 40 00 71 00 07 01 12 21 28 20 06 00 0a 00 07 02 36 29 b3 24 06 00 0a 00 00 ff 00 00 00 00 00 00 00 00 00 ff 00 00 00 00 00 00 00 00 00 ff 00 00 00 00 00 00 00 00 03 00 00
  3467 ms  64 B  05 07 00 fd 24 df 13 40 00 71 00 07 01 ef 20 fb 1f 06 00 0a 00 07 02 36 29 b3 24 06 00 0a 00 00 ff 00 00 00 00 00 00 00 00 00 ff 00 00 00 00 00 00 00 00 00 ff 00 00 00 00 00 00 00 00 03 00 00
  3476 ms  64 B  05 07 00 fd 24 df 13 40 00 71 00 07 01 e9 20 f1 1f 06 00 0a 00 07 02 38 29 b3 24 06 00 0a 00 00 ff 00 00 00 00 00 00 00 00 00 ff 00 00 00 00 00 00 00 00 00 ff 00 00 00 00 00 00 00 00 03 00 00
  3477 ms  64 B  05 07 00 fd 24 df 13 40 00 71 00 07 01 f3 20 f9 1f 06 00 0a 00 07 02 3a 29 b3 24 06 00 0a 00 00 ff 00 00 00 00 00 00 00 00 00 ff 00 00 00 00 00 00 00 00 00 ff 00 00 00 00 00 00 00 00 03 00 00
  3478 ms  64 B  05 07 00 fd 24 df 13 40 00 71 00 07 01 0b 21 14 20 06 00 0a 00 07 02 3d 29 b3 24 06 00 0a 00 00 ff 00 00 00 00 00 00 00 00 00 ff 00 00 00 00 00 00 00 00 00 ff 00 00 00 00 00 00 00 00 03 00 00
  3489 ms  64 B  05 07 00 fd 24 df 13 40 00 71 00 07 01 1b 21 28 20 06 00 0a 00 07 02 3e 29 b3 24 06 00 0a 00 00 ff 00 00 00 00 00 00 00 00 00 ff 00 00 00 00 00 00 00 00 00 ff 00 00 00 00 00 00 00 00 03 00 00
  3490 ms  64 B  05 07 00 fd 24 df 13 40 00 71 00 07 01 30 21 41 20 06 00 0a 00 07 02 3e 29 b3 24 06 00 0a 00 00 ff 00 00 00 00 00 00 00 00 00 ff 00 00 00 00 00 00 00 00 00 ff 00 00 00 00 00 00 00 00 03 00 00
  3491 ms  64 B  05 07 00 fd 24 df 13 40 00 71 00 07 01 49 21 60 20 06 00 0a 00 07 02 3d 29 b3 24 06 00 0a 00 00 ff 00 00 00 00 00 00 00 00 00 ff 00 00 00 00 00 00 00 00 00 ff 00 00 00 00 00 00 00 00 03 00 00
  3500 ms  64 B  05 07 00 fd 24 df 13 40 00 71 00 07 01 5f 21 7b 20 06 00 0a 00 07 02 3d 29 b3 24 06 00 0a 00 00 ff 00 00 00 00 00 00 00 00 00 ff 00 00 00 00 00 00 00 00 00 ff 00 00 00 00 00 00 00 00 03 00 00
  3501 ms  64 B  05 07 00 fd 24 df 13 40 00 71 00 07 01 76 21 98 20 06 00 0a 00 07 02 3d 29 b3 24 06 00 0a 00 00 ff 00 00 00 00 00 00 00 00 00 ff 00 00 00 00 00 00 00 00 00 ff 00 00 00 00 00 00 00 00 03 00 00
  3502 ms  64 B  05 07 00 fd 24 df 13 40 00 71 00 07 01 8f 21 b8 20 06 00 0a 00 07 02 3d 29 b3 24 06 00 0a 00 00 ff 00 00 00 00 00 00 00 00 00 ff 00 00 00 00 00 00 00 00 00 ff 00 00 00 00 00 00 00 00 03 00 00
  3514 ms  64 B  05 07 00 fd 24 df 13 40 00 71 00 07 01 ad 21 e0 20 06 00 0a 00 07 02 3d 29 b3 24 06 00 0a 00 00 ff 00 00 00 00 00 00 00 00 00 ff 00 00 00 00 00 00 00 00 00 ff 00 00 00 00 00 00 00 00 03 00 00
  3514 ms  64 B  05 07 00 fd 24 df 13 40 00 71 00 07 01 c8 21 04 21 06 00 0a 00 07 02 3d 29 b3 24 06 00 0a 00 00 ff 00 00 00 00 00 00 00 00 00 ff 00 00 00 00 00 00 00 00 00 ff 00 00 00 00 00 00 00 00 03 00 00
  3524 ms  64 B  05 07 00 fd 24 df 13 40 00 71 00 07 01 e1 21 20 21 06 00 0a 00 07 02 3d 29 b3 24 06 00 0a 00 00 ff 00 00 00 00 00 00 00 00 00 ff 00 00 00 00 00 00 00 00 00 ff 00 00 00 00 00 00 00 00 03 00 00
  3525 ms  64 B  05 07 00 fd 24 df 13 40 00 71 00 07 01 f9 21 35 21 06 00 0a 00 07 02 3d 29 b3 24 06 00 0a 00 00 ff 00 00 00 00 00 00 00 00 00 ff 00 00 00 00 00 00 00 00 00 ff 00 00 00 00 00 00 00 00 03 00 00
  3535 ms  64 B  05 07 00 fd 24 df 13 40 00 71 00 07 01 0d 22 4e 21 06 00 0a 00 07 02 3d 29 b3 24 06 00 0a 00 00 ff 00 00 00 00 00 00 00 00 00 ff 00 00 00 00 00 00 00 00 00 ff 00 00 00 00 00 00 00 00 03 00 00
  3536 ms  64 B  05 07 00 fd 24 df 13 40 00 71 00 07 01 1c 22 68 21 06 00 0a 00 07 02 3d 29 b3 24 06 00 0a 00 00 ff 00 00 00 00 00 00 00 00 00 ff 00 00 00 00 00 00 00 00 00 ff 00 00 00 00 00 00 00 00 03 00 00
  3546 ms  64 B  05 07 00 fd 24 df 13 40 00 71 00 07 01 2b 22 7d 21 06 00 0a 00 07 02 3d 29 b3 24 06 00 0a 00 04 03 04 29 73 27 06 00 0a 00 00 ff 00 00 00 00 00 00 00 00 00 ff 00 00 00 00 00 00 00 00 04 00 00
  3547 ms  64 B  05 07 00 fd 24 df 13 40 00 71 00 07 01 38 22 8e 21 06 00 0a 00 07 02 3d 29 b3 24 06 00 0a 00 07 03 04 29 73 27 06 00 0a 00 00 ff 00 00 00 00 00 00 00 00 00 ff 00 00 00 00 00 00 00 00 04 00 00
  3557 ms  64 B  05 07 00 ff 24 df 13 40 00 71 00 07 01 44 22 9c 21 06 00 0a 00 07 02 3d 29 b3 24 06 00 0a 00 07 03 04 29 73 27 06 00 0a 00 00 ff 00 00 00 00 00 00 00 00 00 ff 00 00 00 00 00 00 00 00 04 00 00
  3558 ms  64 B  05 07 00 04 25 df 13 40 00 71 00 07 01 4d 22 a6 21 06 00 0a 00 07 02 3d 29 b3 24 06 00 0a 00 07 03 04 29 73 27 06 00 0a 00 00 ff 00 00 00 00 00 00 00 00 00 ff 00 00 00 00 00 00 00 00 04 00 00
  3568 ms  64 B  05 07 00 05 25 df 13 40 00 71 00 07 01 72 22 a5 21 06 00 0a 00 07 02 3d 29 b3 24 06 00 0a 00 07 03 04 29 73 27 06 00 0a 00 00 ff 00 00 00 00 00 00 00 00 00 ff 00 00 00 00 00 00 00 00 04 00 00
  3569 ms  64 B  05 07 00 04 25 df 13 40 00 71 00 07 01 a9 22 9a 21 06 00 0a 00 07 02 3d 29 b3 24 06 00 0a 00 07 03 04 29 73 27 06 00 0a 00 00 ff 00 00 00 00 00 00 00 00 00 ff 00 00 00 00 00 00 00 00 04 00 00
  3578 ms  64 B  05 07 00 04 25 df 13 40 00 71 00 07 01 bc 22 98 21 06 00 0a 00 07 02 3d 29 b3 24 06 00 0a 00 07 03 04 29 73 27 06 00 0a 00 00 ff 00 00 00 00 00 00 00 00 00 ff 00 00 00 00 00 00 00 00 04 00 00
  3579 ms  64 B  05 07 00 04 25 df 13 40 00 71 00 07 01 bd 22 9a 21 06 00 0a 00 07 02 3d 29 b3 24 06 00 0a 00 07 03 04 29 73 27 06 00 0a 00 00 ff 00 00 00 00 00 00 00 00 00 ff 00 00 00 00 00 00 00 00 04 00 00
  3589 ms  64 B  05 07 00 04 25 df 13 40 00 71 00 07 01 bd 22 9e 21 06 00 0a 00 07 02 3d 29 b3 24 06 00 0a 00 07 03 04 29 73 27 06 00 0a 00 04 05 69 20 4c 1f 06 00 0a 00 00 ff 00 00 00 00 00 00 00 00 05 00 00
  3589 ms  64 B  05 07 00 04 25 df 13 40 00 71 00 07 01 b7 22 a6 21 06 00 0a 00 07 02 3d 29 b3 24 06 00 0a 00 07 03 04 29 73 27 06 00 0a 00 07 05 69 20 4c 1f 06 00 0a 00 00 ff 00 00 00 00 00 00 00 00 05 00 00
  3599 ms  64 B  05 07 00 04 25 df 13 40 00 71 00 07 01 cb 22 a3 21 06 00 0a 00 07 02 3d 29 b3 24 06 00 0a 00 04 03 04 29 73 27 06 00 0a 00 07 05 69 20 4c 1f 06 00 0a 00 00 ff 00 00 00 00 00 00 00 00 05 00 00
  3600 ms  64 B  05 07 00 04 25 df 13 40 00 71 00 07 01 ee 22 9a 21 06 00 0a 00 07 02 3d 29 b3 24 06 00 0a 00 07 05 69 20 4c 1f 06 00 0a 00 00 ff 00 00 00 00 00 00 00 00 00 ff 00 00 00 00 00 00 00 00 04 00 00
  3611 ms  64 B  05 07 00 04 25 df 13 40 00 71 00 07 01 f2 22 96 21 06 00 0a 00 07 02 3a 29 d1 24 06 00 0a 00 07 05 69 20 4c 1f 06 00 0a 00 00 ff 00 00 00 00 00 00 00 00 00 ff 00 00 00 00 00 00 00 00 04 00 00
  3612 ms  64 B  05 07 00 04 25 df 13 40 00 71 00 07 01 f0 22 92 21 06 00 0a 00 07 02 35 29 ff 24 06 00 0a 00 07 05 69 20 4c 1f 06 00 0a 00 00 ff 00 00 00 00 00 00 00 00 00 ff 00 00 00 00 00 00 00 00 04 00 00
  3613 ms  64 B  05 07 00 04 25 df 13 40 00 71 00 07 01 e7 22 8e 21 06 00 0a 00 07 02 2f 29 3d 25 06 00 0a 00 07 05 69 20 4c 1f 06 00 0a 00 00 ff 00 00 00 00 00 00 00 00 00 ff 00 00 00 00 00 00 00 00 04 00 00
  3623 ms  64 B  05 07 00 04 25 df 13 40 00 71 00 07 01 e6 22 8c 21 06 00 0a 00 07 02 2d 29 4d 25 06 00 0a 00 07 05 69 20 4c 1f 06 00 0a 00 00 ff 00 00 00 00 00 00 00 00 00 ff 00 00 00 00 00 00 00 00 04 00 00
           … repeated 1×
  3625 ms  64 B  05 07 00 04 25 df 13 40 00 71 00 07 01 e7 22 8e 21 06 00 0a 00 07 02 2f 29 3d 25 06 00 0a 00 07 05 69 20 4c 1f 06 00 0a 00 00 ff 00 00 00 00 00 00 00 00 00 ff 00 00 00 00 00 00 00 00 04 00 00
  3633 ms  64 B  05 07 00 04 25 df 13 40 00 71 00 07 01 e7 22 8e 21 06 00 0a 00 07 02 2f 29 3d 25 06 00 0a 00 04 05 69 20 4c 1f 06 00 0a 00 00 ff 00 00 00 00 00 00 00 00 00 ff 00 00 00 00 00 00 00 00 04 00 00
  3634 ms  64 B  05 07 00 04 25 df 13 40 00 71 00 07 01 e7 22 8e 21 06 00 0a 00 07 02 2f 29 3d 25 06 00 0a 00 00 ff 00 00 00 00 00 00 00 00 00 ff 00 00 00 00 00 00 00 00 00 ff 00 00 00 00 00 00 00 00 03 00 00
           … repeated 1×
  3641 ms  64 B  05 07 00 04 25 df 13 40 00 71 00 04 01 e7 22 8e 21 06 00 0a 00 04 02 2f 29 3d 25 06 00 0a 00 00 ff 00 00 00 00 00 00 00 00 00 ff 00 00 00 00 00 00 00 00 00 ff 00 00 00 00 00 00 00 00 03 00 00
  3642 ms  64 B  05 07 00 04 25 df 13 40 00 71 00 00 ff 00 00 00 00 00 00 00 00 00 ff 00 00 00 00 00 00 00 00 00 ff 00 00 00 00 00 00 00 00 00 ff 00 00 00 00 00 00 00 00 00 ff 00 00 00 00 00 00 00 00 01 00 00
           … repeated 1×
  3649 ms  64 B  05 07 00 02 25 df 13 40 00 71 00 00 ff 00 00 00 00 00 00 00 00 00 ff 00 00 00 00 00 00 00 00 00 ff 00 00 00 00 00 00 00 00 00 ff 00 00 00 00 00 00 00 00 00 ff 00 00 00 00 00 00 00 00 01 00 00
  3650 ms  64 B  05 07 00 00 25 df 13 40 00 71 00 00 ff 00 00 00 00 00 00 00 00 00 ff 00 00 00 00 00 00 00 00 00 ff 00 00 00 00 00 00 00 00 00 ff 00 00 00 00 00 00 00 00 00 ff 00 00 00 00 00 00 00 00 01 00 00
  3651 ms  64 B  05 07 00 fd 24 df 13 40 00 71 00 00 ff 00 00 00 00 00 00 00 00 00 ff 00 00 00 00 00 00 00 00 00 ff 00 00 00 00 00 00 00 00 00 ff 00 00 00 00 00 00 00 00 00 ff 00 00 00 00 00 00 00 00 01 00 00
  3658 ms  64 B  05 07 00 fe 24 df 13 40 00 71 00 00 ff 00 00 00 00 00 00 00 00 00 ff 00 00 00 00 00 00 00 00 00 ff 00 00 00 00 00 00 00 00 00 ff 00 00 00 00 00 00 00 00 00 ff 00 00 00 00 00 00 00 00 01 00 00
  3659 ms  64 B  05 07 00 00 25 df 13 40 00 71 00 00 ff 00 00 00 00 00 00 00 00 00 ff 00 00 00 00 00 00 00 00 00 ff 00 00 00 00 00 00 00 00 00 ff 00 00 00 00 00 00 00 00 00 ff 00 00 00 00 00 00 00 00 01 00 00
  3660 ms  64 B  05 07 00 04 25 df 13 40 00 71 00 00 ff 00 00 00 00 00 00 00 00 00 ff 00 00 00 00 00 00 00 00 00 ff 00 00 00 00 00 00 00 00 00 ff 00 00 00 00 00 00 00 00 00 ff 00 00 00 00 00 00 00 00 01 00 00
  3667 ms  64 B  05 07 00 05 25 df 13 40 00 71 00 00 ff 00 00 00 00 00 00 00 00 00 ff 00 00 00 00 00 00 00 00 00 ff 00 00 00 00 00 00 00 00 00 ff 00 00 00 00 00 00 00 00 00 ff 00 00 00 00 00 00 00 00 01 00 00
           … repeated 1×
  3669 ms  64 B  05 07 00 04 25 df 13 40 00 71 00 00 ff 00 00 00 00 00 00 00 00 00 ff 00 00 00 00 00 00 00 00 00 ff 00 00 00 00 00 00 00 00 00 ff 00 00 00 00 00 00 00 00 00 ff 00 00 00 00 00 00 00 00 01 00 00
  3674 ms  64 B  05 07 00 06 25 df 13 40 00 71 00 00 ff 00 00 00 00 00 00 00 00 00 ff 00 00 00 00 00 00 00 00 00 ff 00 00 00 00 00 00 00 00 00 ff 00 00 00 00 00 00 00 00 00 ff 00 00 00 00 00 00 00 00 01 00 00
  3675 ms  64 B  05 07 00 08 25 df 13 40 00 71 00 00 ff 00 00 00 00 00 00 00 00 00 ff 00 00 00 00 00 00 00 00 00 ff 00 00 00 00 00 00 00 00 00 ff 00 00 00 00 00 00 00 00 00 ff 00 00 00 00 00 00 00 00 01 00 00
  3676 ms  64 B  05 07 00 0b 25 df 13 40 00 71 00 00 ff 00 00 00 00 00 00 00 00 00 ff 00 00 00 00 00 00 00 00 00 ff 00 00 00 00 00 00 00 00 00 ff 00 00 00 00 00 00 00 00 00 ff 00 00 00 00 00 00 00 00 01 00 00
  3681 ms  64 B  05 07 00 0e 25 e2 13 40 00 71 00 00 ff 00 00 00 00 00 00 00 00 00 ff 00 00 00 00 00 00 00 00 00 ff 00 00 00 00 00 00 00 00 00 ff 00 00 00 00 00 00 00 00 00 ff 00 00 00 00 00 00 00 00 01 00 00
  3682 ms  64 B  05 07 00 12 25 e7 13 40 00 71 00 00 ff 00 00 00 00 00 00 00 00 00 ff 00 00 00 00 00 00 00 00 00 ff 00 00 00 00 00 00 00 00 00 ff 00 00 00 00 00 00 00 00 00 ff 00 00 00 00 00 00 00 00 01 00 00
  3683 ms  64 B  05 07 00 19 25 ec 13 40 00 71 00 00 ff 00 00 00 00 00 00 00 00 00 ff 00 00 00 00 00 00 00 00 00 ff 00 00 00 00 00 00 00 00 00 ff 00 00 00 00 00 00 00 00 00 ff 00 00 00 00 00 00 00 00 01 00 00
  3687 ms  64 B  05 07 00 21 25 f1 13 40 00 71 00 00 ff 00 00 00 00 00 00 00 00 00 ff 00 00 00 00 00 00 00 00 00 ff 00 00 00 00 00 00 00 00 00 ff 00 00 00 00 00 00 00 00 00 ff 00 00 00 00 00 00 00 00 01 00 00
  3688 ms  64 B  05 07 00 2d 25 f4 13 40 00 71 00 00 ff 00 00 00 00 00 00 00 00 00 ff 00 00 00 00 00 00 00 00 00 ff 00 00 00 00 00 00 00 00 00 ff 00 00 00 00 00 00 00 00 00 ff 00 00 00 00 00 00 00 00 01 00 00
  3689 ms  64 B  05 07 00 3c 25 f8 13 40 00 71 00 00 ff 00 00 00 00 00 00 00 00 00 ff 00 00 00 00 00 00 00 00 00 ff 00 00 00 00 00 00 00 00 00 ff 00 00 00 00 00 00 00 00 00 ff 00 00 00 00 00 00 00 00 01 00 00
  3695 ms  64 B  05 07 00 4b 25 fe 13 40 00 71 00 00 ff 00 00 00 00 00 00 00 00 00 ff 00 00 00 00 00 00 00 00 00 ff 00 00 00 00 00 00 00 00 00 ff 00 00 00 00 00 00 00 00 00 ff 00 00 00 00 00 00 00 00 01 00 00
  3696 ms  64 B  05 07 00 5e 25 07 14 40 00 71 00 00 ff 00 00 00 00 00 00 00 00 00 ff 00 00 00 00 00 00 00 00 00 ff 00 00 00 00 00 00 00 00 00 ff 00 00 00 00 00 00 00 00 00 ff 00 00 00 00 00 00 00 00 01 00 00
  3697 ms  64 B  05 07 00 74 25 11 14 40 00 71 00 00 ff 00 00 00 00 00 00 00 00 00 ff 00 00 00 00 00 00 00 00 00 ff 00 00 00 00 00 00 00 00 00 ff 00 00 00 00 00 00 00 00 00 ff 00 00 00 00 00 00 00 00 01 00 00
  3703 ms  64 B  05 07 00 89 25 1f 14 40 00 71 00 00 ff 00 00 00 00 00 00 00 00 00 ff 00 00 00 00 00 00 00 00 00 ff 00 00 00 00 00 00 00 00 00 ff 00 00 00 00 00 00 00 00 00 ff 00 00 00 00 00 00 00 00 01 00 00
  3704 ms  64 B  05 07 00 a0 25 30 14 40 00 71 00 00 ff 00 00 00 00 00 00 00 00 00 ff 00 00 00 00 00 00 00 00 00 ff 00 00 00 00 00 00 00 00 00 ff 00 00 00 00 00 00 00 00 00 ff 00 00 00 00 00 00 00 00 01 00 00
  3705 ms  64 B  05 07 00 bb 25 44 14 40 00 71 00 00 ff 00 00 00 00 00 00 00 00 00 ff 00 00 00 00 00 00 00 00 00 ff 00 00 00 00 00 00 00 00 00 ff 00 00 00 00 00 00 00 00 00 ff 00 00 00 00 00 00 00 00 01 00 00
  3709 ms  64 B  05 07 00 c3 25 4a 14 40 00 71 00 00 ff 00 00 00 00 00 00 00 00 00 ff 00 00 00 00 00 00 00 00 00 ff 00 00 00 00 00 00 00 00 00 ff 00 00 00 00 00 00 00 00 00 ff 00 00 00 00 00 00 00 00 01 00 00
           … repeated 1×
  3711 ms  64 B  05 07 00 bb 25 44 14 40 00 71 00 00 ff 00 00 00 00 00 00 00 00 00 ff 00 00 00 00 00 00 00 00 00 ff 00 00 00 00 00 00 00 00 00 ff 00 00 00 00 00 00 00 00 00 ff 00 00 00 00 00 00 00 00 01 00 00
           … repeated 3×
  3723 ms  64 B  05 04 00 bb 25 44 14 40 00 71 00 00 ff 00 00 00 00 00 00 00 00 00 ff 00 00 00 00 00 00 00 00 00 ff 00 00 00 00 00 00 00 00 00 ff 00 00 00 00 00 00 00 00 00 ff 00 00 00 00 00 00 00 00 01 00 00
  4451 ms  64 B  05 04 00 6a 22 f0 17 40 00 71 00 00 ff 00 00 00 00 00 00 00 00 00 ff 00 00 00 00 00 00 00 00 00 ff 00 00 00 00 00 00 00 00 00 ff 00 00 00 00 00 00 00 00 00 ff 00 00 00 00 00 00 00 00 01 00 00
  4451 ms  64 B  05 07 00 6a 22 f0 17 40 00 71 00 00 ff 00 00 00 00 00 00 00 00 00 ff 00 00 00 00 00 00 00 00 00 ff 00 00 00 00 00 00 00 00 00 ff 00 00 00 00 00 00 00 00 00 ff 00 00 00 00 00 00 00 00 01 00 00
           … repeated 7×
  4481 ms  64 B  05 07 00 6a 22 f0 17 40 00 71 00 04 02 83 27 8a 15 40 00 71 00 00 ff 00 00 00 00 00 00 00 00 00 ff 00 00 00 00 00 00 00 00 00 ff 00 00 00 00 00 00 00 00 00 ff 00 00 00 00 00 00 00 00 02 00 00
  4481 ms  64 B  05 07 00 6a 22 f0 17 40 00 71 00 07 02 83 27 8a 15 40 00 71 00 00 ff 00 00 00 00 00 00 00 00 00 ff 00 00 00 00 00 00 00 00 00 ff 00 00 00 00 00 00 00 00 00 ff 00 00 00 00 00 00 00 00 02 00 00
           … repeated 10×
  4511 ms  64 B  05 07 00 51 22 68 17 40 00 71 00 07 02 83 27 8a 15 40 00 71 00 00 ff 00 00 00 00 00 00 00 00 00 ff 00 00 00 00 00 00 00 00 00 ff 00 00 00 00 00 00 00 00 00 ff 00 00 00 00 00 00 00 00 02 00 00
  4511 ms  64 B  05 07 00 2c 22 9a 16 40 00 71 00 07 02 83 27 8a 15 40 00 71 00 00 ff 00 00 00 00 00 00 00 00 00 ff 00 00 00 00 00 00 00 00 00 ff 00 00 00 00 00 00 00 00 00 ff 00 00 00 00 00 00 00 00 02 00 00
  4513 ms  64 B  05 07 00 f9 21 89 15 40 00 71 00 07 02 83 27 8a 15 40 00 71 00 00 ff 00 00 00 00 00 00 00 00 00 ff 00 00 00 00 00 00 00 00 00 ff 00 00 00 00 00 00 00 00 00 ff 00 00 00 00 00 00 00 00 02 00 00
  4518 ms  64 B  05 07 00 ea 21 2c 15 40 00 71 00 07 02 83 27 8a 15 40 00 71 00 00 ff 00 00 00 00 00 00 00 00 00 ff 00 00 00 00 00 00 00 00 00 ff 00 00 00 00 00 00 00 00 00 ff 00 00 00 00 00 00 00 00 02 00 00
  4518 ms  64 B  05 07 00 e5 21 06 15 40 00 71 00 07 02 83 27 8a 15 40 00 71 00 00 ff 00 00 00 00 00 00 00 00 00 ff 00 00 00 00 00 00 00 00 00 ff 00 00 00 00 00 00 00 00 00 ff 00 00 00 00 00 00 00 00 02 00 00
  4519 ms  64 B  05 07 00 eb 21 18 15 40 00 71 00 07 02 83 27 8a 15 40 00 71 00 00 ff 00 00 00 00 00 00 00 00 00 ff 00 00 00 00 00 00 00 00 00 ff 00 00 00 00 00 00 00 00 00 ff 00 00 00 00 00 00 00 00 02 00 00
  4525 ms  64 B  05 07 00 e8 21 fd 14 40 00 71 00 07 02 83 27 8a 15 40 00 71 00 00 ff 00 00 00 00 00 00 00 00 00 ff 00 00 00 00 00 00 00 00 00 ff 00 00 00 00 00 00 00 00 00 ff 00 00 00 00 00 00 00 00 02 00 00
  4526 ms  64 B  05 07 00 e5 21 e8 14 40 00 71 00 07 02 83 27 8a 15 40 00 71 00 00 ff 00 00 00 00 00 00 00 00 00 ff 00 00 00 00 00 00 00 00 00 ff 00 00 00 00 00 00 00 00 00 ff 00 00 00 00 00 00 00 00 02 00 00
  4527 ms  64 B  05 07 00 e4 21 d9 14 40 00 71 00 07 02 83 27 8a 15 40 00 71 00 00 ff 00 00 00 00 00 00 00 00 00 ff 00 00 00 00 00 00 00 00 00 ff 00 00 00 00 00 00 00 00 00 ff 00 00 00 00 00 00 00 00 02 00 00
  4532 ms  64 B  05 07 00 e2 21 c7 14 40 00 71 00 07 02 83 27 8a 15 40 00 71 00 00 ff 00 00 00 00 00 00 00 00 00 ff 00 00 00 00 00 00 00 00 00 ff 00 00 00 00 00 00 00 00 00 ff 00 00 00 00 00 00 00 00 02 00 00
  4533 ms  64 B  05 07 00 e0 21 b7 14 40 00 71 00 07 02 83 27 8a 15 40 00 71 00 00 ff 00 00 00 00 00 00 00 00 00 ff 00 00 00 00 00 00 00 00 00 ff 00 00 00 00 00 00 00 00 00 ff 00 00 00 00 00 00 00 00 02 00 00
  4534 ms  64 B  05 07 00 dd 21 a7 14 40 00 71 00 07 02 83 27 8a 15 40 00 71 00 00 ff 00 00 00 00 00 00 00 00 00 ff 00 00 00 00 00 00 00 00 00 ff 00 00 00 00 00 00 00 00 00 ff 00 00 00 00 00 00 00 00 02 00 00
  4540 ms  64 B  05 07 00 dc 21 9c 14 40 00 71 00 07 02 83 27 8a 15 40 00 71 00 00 ff 00 00 00 00 00 00 00 00 00 ff 00 00 00 00 00 00 00 00 00 ff 00 00 00 00 00 00 00 00 00 ff 00 00 00 00 00 00 00 00 02 00 00
  4541 ms  64 B  05 07 00 dc 21 93 14 40 00 71 00 07 02 83 27 8a 15 40 00 71 00 00 ff 00 00 00 00 00 00 00 00 00 ff 00 00 00 00 00 00 00 00 00 ff 00 00 00 00 00 00 00 00 00 ff 00 00 00 00 00 00 00 00 02 00 00
  4542 ms  64 B  05 07 00 dd 21 8d 14 40 00 71 00 07 02 83 27 8a 15 40 00 71 00 00 ff 00 00 00 00 00 00 00 00 00 ff 00 00 00 00 00 00 00 00 00 ff 00 00 00 00 00 00 00 00 00 ff 00 00 00 00 00 00 00 00 02 00 00
  4547 ms  64 B  05 07 00 dd 21 8a 14 40 00 71 00 07 02 83 27 8a 15 40 00 71 00 00 ff 00 00 00 00 00 00 00 00 00 ff 00 00 00 00 00 00 00 00 00 ff 00 00 00 00 00 00 00 00 00 ff 00 00 00 00 00 00 00 00 02 00 00
           … repeated 1×
  4549 ms  64 B  05 07 00 dd 21 8d 14 40 00 71 00 07 02 83 27 8a 15 40 00 71 00 00 ff 00 00 00 00 00 00 00 00 00 ff 00 00 00 00 00 00 00 00 00 ff 00 00 00 00 00 00 00 00 00 ff 00 00 00 00 00 00 00 00 02 00 00
  4555 ms  64 B  05 07 00 df 21 8d 14 40 00 71 00 07 02 83 27 8a 15 40 00 71 00 00 ff 00 00 00 00 00 00 00 00 00 ff 00 00 00 00 00 00 00 00 00 ff 00 00 00 00 00 00 00 00 00 ff 00 00 00 00 00 00 00 00 02 00 00
  4556 ms  64 B  05 07 00 e1 21 8d 14 40 00 71 00 07 02 83 27 8a 15 40 00 71 00 00 ff 00 00 00 00 00 00 00 00 00 ff 00 00 00 00 00 00 00 00 00 ff 00 00 00 00 00 00 00 00 00 ff 00 00 00 00 00 00 00 00 02 00 00
  4557 ms  64 B  05 07 00 e4 21 8d 14 40 00 71 00 07 02 83 27 8a 15 40 00 71 00 00 ff 00 00 00 00 00 00 00 00 00 ff 00 00 00 00 00 00 00 00 00 ff 00 00 00 00 00 00 00 00 00 ff 00 00 00 00 00 00 00 00 02 00 00
  4562 ms  64 B  05 07 00 e5 21 8d 14 40 00 71 00 07 02 83 27 8a 15 40 00 71 00 00 ff 00 00 00 00 00 00 00 00 00 ff 00 00 00 00 00 00 00 00 00 ff 00 00 00 00 00 00 00 00 00 ff 00 00 00 00 00 00 00 00 02 00 00
           … repeated 1×
  4564 ms  64 B  05 07 00 e4 21 8d 14 40 00 71 00 07 02 83 27 8a 15 40 00 71 00 00 ff 00 00 00 00 00 00 00 00 00 ff 00 00 00 00 00 00 00 00 00 ff 00 00 00 00 00 00 00 00 00 ff 00 00 00 00 00 00 00 00 02 00 00
  4570 ms  64 B  05 07 00 e6 21 90 14 40 00 71 00 07 02 83 27 8a 15 40 00 71 00 00 ff 00 00 00 00 00 00 00 00 00 ff 00 00 00 00 00 00 00 00 00 ff 00 00 00 00 00 00 00 00 00 ff 00 00 00 00 00 00 00 00 02 00 00
  4571 ms  64 B  05 07 00 e8 21 95 14 40 00 71 00 07 02 83 27 8a 15 40 00 71 00 00 ff 00 00 00 00 00 00 00 00 00 ff 00 00 00 00 00 00 00 00 00 ff 00 00 00 00 00 00 00 00 00 ff 00 00 00 00 00 00 00 00 02 00 00
  4572 ms  64 B  05 07 00 eb 21 9a 14 40 00 71 00 07 02 83 27 8a 15 40 00 71 00 00 ff 00 00 00 00 00 00 00 00 00 ff 00 00 00 00 00 00 00 00 00 ff 00 00 00 00 00 00 00 00 00 ff 00 00 00 00 00 00 00 00 02 00 00
  4579 ms  64 B  05 07 00 ed 21 9e 14 40 00 71 00 07 02 83 27 8a 15 40 00 71 00 00 ff 00 00 00 00 00 00 00 00 00 ff 00 00 00 00 00 00 00 00 00 ff 00 00 00 00 00 00 00 00 00 ff 00 00 00 00 00 00 00 00 02 00 00
  4580 ms  64 B  05 07 00 ef 21 a2 14 40 00 71 00 07 02 83 27 8a 15 40 00 71 00 00 ff 00 00 00 00 00 00 00 00 00 ff 00 00 00 00 00 00 00 00 00 ff 00 00 00 00 00 00 00 00 00 ff 00 00 00 00 00 00 00 00 02 00 00
  4581 ms  64 B  05 07 00 f2 21 a7 14 40 00 71 00 07 02 83 27 8a 15 40 00 71 00 00 ff 00 00 00 00 00 00 00 00 00 ff 00 00 00 00 00 00 00 00 00 ff 00 00 00 00 00 00 00 00 00 ff 00 00 00 00 00 00 00 00 02 00 00
  4589 ms  64 B  05 07 00 f3 21 ab 14 40 00 71 00 07 02 83 27 8a 15 40 00 71 00 00 ff 00 00 00 00 00 00 00 00 00 ff 00 00 00 00 00 00 00 00 00 ff 00 00 00 00 00 00 00 00 00 ff 00 00 00 00 00 00 00 00 02 00 00
  4590 ms  64 B  05 07 00 f3 21 af 14 40 00 71 00 07 02 83 27 8a 15 40 00 71 00 00 ff 00 00 00 00 00 00 00 00 00 ff 00 00 00 00 00 00 00 00 00 ff 00 00 00 00 00 00 00 00 00 ff 00 00 00 00 00 00 00 00 02 00 00
  4591 ms  64 B  05 07 00 f2 21 b4 14 40 00 71 00 07 02 83 27 8a 15 40 00 71 00 00 ff 00 00 00 00 00 00 00 00 00 ff 00 00 00 00 00 00 00 00 00 ff 00 00 00 00 00 00 00 00 00 ff 00 00 00 00 00 00 00 00 02 00 00
  4600 ms  64 B  05 07 00 f2 21 b9 14 40 00 71 00 07 02 83 27 8a 15 40 00 71 00 00 ff 00 00 00 00 00 00 00 00 00 ff 00 00 00 00 00 00 00 00 00 ff 00 00 00 00 00 00 00 00 00 ff 00 00 00 00 00 00 00 00 02 00 00
  4601 ms  64 B  05 07 00 f2 21 bc 14 40 00 71 00 07 02 83 27 8a 15 40 00 71 00 00 ff 00 00 00 00 00 00 00 00 00 ff 00 00 00 00 00 00 00 00 00 ff 00 00 00 00 00 00 00 00 00 ff 00 00 00 00 00 00 00 00 02 00 00
  4602 ms  64 B  05 07 00 f2 21 c0 14 40 00 71 00 07 02 83 27 8a 15 40 00 71 00 00 ff 00 00 00 00 00 00 00 00 00 ff 00 00 00 00 00 00 00 00 00 ff 00 00 00 00 00 00 00 00 00 ff 00 00 00 00 00 00 00 00 02 00 00
  4611 ms  64 B  05 07 00 f2 21 c3 14 40 00 71 00 07 02 83 27 8a 15 40 00 71 00 00 ff 00 00 00 00 00 00 00 00 00 ff 00 00 00 00 00 00 00 00 00 ff 00 00 00 00 00 00 00 00 00 ff 00 00 00 00 00 00 00 00 02 00 00
  4612 ms  64 B  05 07 00 f2 21 c8 14 40 00 71 00 07 02 83 27 8a 15 40 00 71 00 00 ff 00 00 00 00 00 00 00 00 00 ff 00 00 00 00 00 00 00 00 00 ff 00 00 00 00 00 00 00 00 00 ff 00 00 00 00 00 00 00 00 02 00 00
  4613 ms  64 B  05 07 00 f2 21 cd 14 40 00 71 00 07 02 83 27 8a 15 40 00 71 00 00 ff 00 00 00 00 00 00 00 00 00 ff 00 00 00 00 00 00 00 00 00 ff 00 00 00 00 00 00 00 00 00 ff 00 00 00 00 00 00 00 00 02 00 00
  4623 ms  64 B  05 07 00 f2 21 d7 14 40 00 71 00 07 02 83 27 8a 15 40 00 71 00 00 ff 00 00 00 00 00 00 00 00 00 ff 00 00 00 00 00 00 00 00 00 ff 00 00 00 00 00 00 00 00 00 ff 00 00 00 00 00 00 00 00 02 00 00
  4624 ms  64 B  05 07 00 f2 21 e6 14 40 00 71 00 07 02 83 27 8a 15 40 00 71 00 00 ff 00 00 00 00 00 00 00 00 00 ff 00 00 00 00 00 00 00 00 00 ff 00 00 00 00 00 00 00 00 00 ff 00 00 00 00 00 00 00 00 02 00 00
  4636 ms  64 B  05 07 00 f0 21 ee 14 40 00 71 00 07 02 83 27 8a 15 40 00 71 00 00 ff 00 00 00 00 00 00 00 00 00 ff 00 00 00 00 00 00 00 00 00 ff 00 00 00 00 00 00 00 00 00 ff 00 00 00 00 00 00 00 00 02 00 00
  4636 ms  64 B  05 07 00 eb 21 f2 14 40 00 71 00 07 02 83 27 8a 15 40 00 71 00 00 ff 00 00 00 00 00 00 00 00 00 ff 00 00 00 00 00 00 00 00 00 ff 00 00 00 00 00 00 00 00 00 ff 00 00 00 00 00 00 00 00 02 00 00
  4648 ms  64 B  05 07 00 ea 21 f8 14 40 00 71 00 04 01 03 23 e7 1e 06 00 0a 00 07 02 83 27 8a 15 40 00 71 00 00 ff 00 00 00 00 00 00 00 00 00 ff 00 00 00 00 00 00 00 00 00 ff 00 00 00 00 00 00 00 00 03 00 00
  4648 ms  64 B  05 07 00 eb 21 ff 14 40 00 71 00 07 01 03 23 e7 1e 06 00 0a 00 07 02 83 27 8a 15 40 00 71 00 00 ff 00 00 00 00 00 00 00 00 00 ff 00 00 00 00 00 00 00 00 00 ff 00 00 00 00 00 00 00 00 03 00 00
  4660 ms  64 B  05 07 00 eb 21 01 15 40 00 71 00 07 01 03 23 e7 1e 06 00 0a 00 07 02 83 27 8a 15 40 00 71 00 00 ff 00 00 00 00 00 00 00 00 00 ff 00 00 00 00 00 00 00 00 00 ff 00 00 00 00 00 00 00 00 03 00 00
  4661 ms  64 B  05 07 00 eb 21 ff 14 40 00 71 00 07 01 03 23 e7 1e 06 00 0a 00 07 02 83 27 8a 15 40 00 71 00 00 ff 00 00 00 00 00 00 00 00 00 ff 00 00 00 00 00 00 00 00 00 ff 00 00 00 00 00 00 00 00 03 00 00
  4672 ms  64 B  05 07 00 eb 21 03 15 40 00 71 00 07 01 03 23 e7 1e 06 00 0a 00 07 02 83 27 8a 15 40 00 71 00 00 ff 00 00 00 00 00 00 00 00 00 ff 00 00 00 00 00 00 00 00 00 ff 00 00 00 00 00 00 00 00 03 00 00
  4673 ms  64 B  05 07 00 eb 21 0b 15 40 00 71 00 07 01 03 23 e7 1e 06 00 0a 00 07 02 83 27 8a 15 40 00 71 00 00 ff 00 00 00 00 00 00 00 00 00 ff 00 00 00 00 00 00 00 00 00 ff 00 00 00 00 00 00 00 00 03 00 00
  4686 ms  64 B  05 07 00 eb 21 0d 15 40 00 71 00 07 01 03 23 e7 1e 06 00 0a 00 07 02 83 27 8a 15 40 00 71 00 00 ff 00 00 00 00 00 00 00 00 00 ff 00 00 00 00 00 00 00 00 00 ff 00 00 00 00 00 00 00 00 03 00 00
  4686 ms  64 B  05 07 00 eb 21 0b 15 40 00 71 00 07 01 03 23 e7 1e 06 00 0a 00 07 02 83 27 8a 15 40 00 71 00 00 ff 00 00 00 00 00 00 00 00 00 ff 00 00 00 00 00 00 00 00 00 ff 00 00 00 00 00 00 00 00 03 00 00
  4697 ms  64 B  05 07 00 e9 21 10 15 40 00 71 00 07 01 03 23 e7 1e 06 00 0a 00 07 02 83 27 8a 15 40 00 71 00 00 ff 00 00 00 00 00 00 00 00 00 ff 00 00 00 00 00 00 00 00 00 ff 00 00 00 00 00 00 00 00 03 00 00
  4698 ms  64 B  05 07 00 e4 21 18 15 40 00 71 00 07 01 03 23 e7 1e 06 00 0a 00 07 02 83 27 8a 15 40 00 71 00 00 ff 00 00 00 00 00 00 00 00 00 ff 00 00 00 00 00 00 00 00 00 ff 00 00 00 00 00 00 00 00 03 00 00
  4709 ms  64 B  05 07 00 e3 21 1e 15 40 00 71 00 07 01 03 23 e7 1e 06 00 0a 00 07 02 83 27 8a 15 40 00 71 00 04 05 11 21 35 1c 06 00 0a 00 00 ff 00 00 00 00 00 00 00 00 00 ff 00 00 00 00 00 00 00 00 04 00 00
  4710 ms  64 B  05 07 00 e4 21 25 15 40 00 71 00 07 01 03 23 e7 1e 06 00 0a 00 07 02 83 27 8a 15 40 00 71 00 07 05 11 21 35 1c 06 00 0a 00 00 ff 00 00 00 00 00 00 00 00 00 ff 00 00 00 00 00 00 00 00 04 00 00
  4722 ms  64 B  05 07 00 e4 21 27 15 40 00 71 00 07 01 03 23 e7 1e 06 00 0a 00 07 02 83 27 8a 15 40 00 71 00 07 05 2f 21 4a 1c 06 00 0a 00 00 ff 00 00 00 00 00 00 00 00 00 ff 00 00 00 00 00 00 00 00 04 00 00
  4722 ms  64 B  05 07 00 e4 21 25 15 40 00 71 00 07 01 03 23 e7 1e 06 00 0a 00 07 02 83 27 8a 15 40 00 71 00 07 05 49 21 5a 1c 06 00 0a 00 00 ff 00 00 00 00 00 00 00 00 00 ff 00 00 00 00 00 00 00 00 04 00 00
  4734 ms  64 B  05 07 00 e4 21 25 15 40 00 71 00 07 01 03 23 e7 1e 06 00 0a 00 07 02 83 27 8a 15 40 00 71 00 07 05 5a 21 64 1c 06 00 0a 00 00 ff 00 00 00 00 00 00 00 00 00 ff 00 00 00 00 00 00 00 00 04 00 00
  4734 ms  64 B  05 07 00 e4 21 25 15 40 00 71 00 07 01 03 23 e7 1e 06 00 0a 00 07 02 83 27 8a 15 40 00 71 00 07 05 6b 21 6c 1c 06 00 0a 00 00 ff 00 00 00 00 00 00 00 00 00 ff 00 00 00 00 00 00 00 00 04 00 00
  4735 ms  64 B  05 07 00 e4 21 25 15 40 00 71 00 07 01 03 23 e7 1e 06 00 0a 00 07 02 83 27 8a 15 40 00 71 00 07 05 7a 21 73 1c 06 00 0a 00 00 ff 00 00 00 00 00 00 00 00 00 ff 00 00 00 00 00 00 00 00 04 00 00
  4745 ms  64 B  05 07 00 e2 21 29 15 40 00 71 00 07 01 03 23 e7 1e 06 00 0a 00 07 02 83 27 8a 15 40 00 71 00 07 05 88 21 72 1c 06 00 0a 00 00 ff 00 00 00 00 00 00 00 00 00 ff 00 00 00 00 00 00 00 00 04 00 00
  4746 ms  64 B  05 07 00 dd 21 31 15 40 00 71 00 07 01 03 23 e7 1e 06 00 0a 00 07 02 83 27 8a 15 40 00 71 00 07 05 8f 21 66 1c 06 00 0a 00 00 ff 00 00 00 00 00 00 00 00 00 ff 00 00 00 00 00 00 00 00 04 00 00
  4758 ms  64 B  05 07 00 dc 21 33 15 40 00 71 00 07 01 03 23 e7 1e 06 00 0a 00 07 02 83 27 8a 15 40 00 71 00 07 05 9c 21 6e 1c 06 00 0a 00 00 ff 00 00 00 00 00 00 00 00 00 ff 00 00 00 00 00 00 00 00 04 00 00
  4758 ms  64 B  05 07 00 dd 21 31 15 40 00 71 00 07 01 03 23 e7 1e 06 00 0a 00 07 02 83 27 8a 15 40 00 71 00 07 05 ac 21 80 1c 06 00 0a 00 00 ff 00 00 00 00 00 00 00 00 00 ff 00 00 00 00 00 00 00 00 04 00 00
  4771 ms  64 B  05 07 00 dd 21 31 15 40 00 71 00 07 01 03 23 e7 1e 06 00 0a 00 07 02 83 27 8a 15 40 00 71 00 07 05 b0 21 83 1c 06 00 0a 00 00 ff 00 00 00 00 00 00 00 00 00 ff 00 00 00 00 00 00 00 00 04 00 00
  4771 ms  64 B  05 07 00 dd 21 31 15 40 00 71 00 07 01 03 23 e7 1e 06 00 0a 00 07 02 83 27 8a 15 40 00 71 00 07 05 ac 21 80 1c 06 00 0a 00 00 ff 00 00 00 00 00 00 00 00 00 ff 00 00 00 00 00 00 00 00 04 00 00
  4783 ms  64 B  05 07 00 dd 21 36 15 40 00 71 00 07 01 03 23 e7 1e 06 00 0a 00 07 02 83 27 8a 15 40 00 71 00 04 03 70 20 4c 1f 06 00 0a 00 07 05 b6 21 85 1c 06 00 0a 00 00 ff 00 00 00 00 00 00 00 00 05 00 00
  4783 ms  64 B  05 07 00 dd 21 3e 15 40 00 71 00 07 01 03 23 e7 1e 06 00 0a 00 07 02 83 27 8a 15 40 00 71 00 07 03 70 20 4c 1f 06 00 0a 00 07 05 c8 21 8d 1c 06 00 0a 00 00 ff 00 00 00 00 00 00 00 00 05 00 00
  4796 ms  64 B  05 07 00 db 21 40 15 40 00 71 00 07 01 03 23 e7 1e 06 00 0a 00 07 02 83 27 8a 15 40 00 71 00 07 03 70 20 4c 1f 06 00 0a 00 07 05 d4 21 97 1c 06 00 0a 00 00 ff 00 00 00 00 00 00 00 00 05 00 00
  4796 ms  64 B  05 07 00 d6 21 3e 15 40 00 71 00 07 01 03 23 e7 1e 06 00 0a 00 07 02 83 27 8a 15 40 00 71 00 07 03 70 20 4c 1f 06 00 0a 00 07 05 dd 21 a6 1c 06 00 0a 00 00 ff 00 00 00 00 00 00 00 00 05 00 00
  4808 ms  64 B  05 07 00 d7 21 39 15 40 00 71 00 07 01 03 23 e7 1e 06 00 0a 00 07 02 61 27 19 15 40 00 71 00 07 03 70 20 4c 1f 06 00 0a 00 07 05 e5 21 ae 1c 06 00 0a 00 00 ff 00 00 00 00 00 00 00 00 05 00 00
  4808 ms  64 B  05 07 00 dd 21 31 15 40 00 71 00 07 01 03 23 e7 1e 06 00 0a 00 07 02 27 27 5d 14 40 00 71 00 07 03 70 20 4c 1f 06 00 0a 00 07 05 eb 21 b2 1c 06 00 0a 00 00 ff 00 00 00 00 00 00 00 00 05 00 00
  4820 ms  64 B  05 07 00 de 21 2f 15 40 00 71 00 07 01 03 23 e7 1e 06 00 0a 00 07 02 1b 27 37 14 40 00 71 00 07 03 70 20 4c 1f 06 00 0a 00 07 05 f2 21 b8 1c 06 00 0a 00 00 ff 00 00 00 00 00 00 00 00 05 00 00
  4820 ms  64 B  05 07 00 dd 21 31 15 40 00 71 00 07 01 03 23 e7 1e 06 00 0a 00 07 02 27 27 5d 14 40 00 71 00 07 03 70 20 4c 1f 06 00 0a 00 07 05 f9 21 bf 1c 06 00 0a 00 00 ff 00 00 00 00 00 00 00 00 05 00 00
  4833 ms  64 B  05 07 00 dd 21 31 15 40 00 71 00 07 01 03 23 e7 1e 06 00 0a 00 07 02 27 27 5d 14 40 00 71 00 07 03 70 20 4c 1f 06 00 0a 00 07 05 fe 21 c1 1c 06 00 0a 00 00 ff 00 00 00 00 00 00 00 00 05 00 00
  4833 ms  64 B  05 07 00 dd 21 31 15 40 00 71 00 07 01 03 23 e7 1e 06 00 0a 00 07 02 27 27 5d 14 40 00 71 00 07 03 70 20 4c 1f 06 00 0a 00 07 05 00 22 bf 1c 06 00 0a 00 00 ff 00 00 00 00 00 00 00 00 05 00 00
  4846 ms  64 B  05 07 00 dd 21 2d 15 40 00 71 00 07 01 03 23 e7 1e 06 00 0a 00 07 02 27 27 5d 14 40 00 71 00 07 03 70 20 4c 1f 06 00 0a 00 07 05 01 22 c3 1c 06 00 0a 00 00 ff 00 00 00 00 00 00 00 00 05 00 00
  4846 ms  64 B  05 07 00 dd 21 25 15 40 00 71 00 07 01 03 23 e7 1e 06 00 0a 00 07 02 27 27 5d 14 40 00 71 00 07 03 70 20 4c 1f 06 00 0a 00 07 05 00 22 cb 1c 06 00 0a 00 00 ff 00 00 00 00 00 00 00 00 05 00 00
  4858 ms  64 B  05 07 00 df 21 23 15 40 00 71 00 07 01 03 23 e7 1e 06 00 0a 00 07 02 27 27 5d 14 40 00 71 00 07 03 70 20 4c 1f 06 00 0a 00 07 05 00 22 cd 1c 06 00 0a 00 00 ff 00 00 00 00 00 00 00 00 05 00 00
  4858 ms  64 B  05 07 00 e4 21 25 15 40 00 71 00 07 01 03 23 e7 1e 06 00 0a 00 07 02 27 27 5d 14 40 00 71 00 07 03 70 20 4c 1f 06 00 0a 00 07 05 00 22 cb 1c 06 00 0a 00 00 ff 00 00 00 00 00 00 00 00 05 00 00
  4870 ms  64 B  05 07 00 e5 21 20 15 40 00 71 00 07 01 03 23 e7 1e 06 00 0a 00 07 02 27 27 5d 14 40 00 71 00 07 03 70 20 4c 1f 06 00 0a 00 07 05 f6 21 bd 1c 06 00 0a 00 00 ff 00 00 00 00 00 00 00 00 05 00 00
  4871 ms  64 B  05 07 00 e4 21 18 15 40 00 71 00 07 01 03 23 e7 1e 06 00 0a 00 07 02 27 27 5d 14 40 00 71 00 07 03 70 20 4c 1f 06 00 0a 00 07 05 e4 21 a6 1c 06 00 0a 00 00 ff 00 00 00 00 00 00 00 00 05 00 00
  4884 ms  64 B  05 07 00 e4 21 16 15 40 00 71 00 07 01 03 23 e7 1e 06 00 0a 00 07 02 29 27 5d 14 40 00 71 00 07 03 70 20 4c 1f 06 00 0a 00 07 05 d6 21 90 1c 06 00 0a 00 00 ff 00 00 00 00 00 00 00 00 05 00 00
  4884 ms  64 B  05 07 00 e4 21 18 15 40 00 71 00 07 01 03 23 e7 1e 06 00 0a 00 07 02 2e 27 5d 14 40 00 71 00 07 03 70 20 4c 1f 06 00 0a 00 07 05 c8 21 74 1c 06 00 0a 00 00 ff 00 00 00 00 00 00 00 00 05 00 00
  4897 ms  64 B  05 07 00 e4 21 18 15 40 00 71 00 07 01 03 23 e7 1e 06 00 0a 00 07 02 2f 27 5d 14 40 00 71 00 07 03 70 20 4c 1f 06 00 0a 00 07 05 c2 21 6e 1c 06 00 0a 00 00 ff 00 00 00 00 00 00 00 00 05 00 00
  4897 ms  64 B  05 07 00 e4 21 18 15 40 00 71 00 07 01 03 23 e7 1e 06 00 0a 00 07 02 2e 27 5d 14 40 00 71 00 07 03 70 20 4c 1f 06 00 0a 00 07 05 c1 21 74 1c 06 00 0a 00 00 ff 00 00 00 00 00 00 00 00 05 00 00
  4911 ms  64 B  05 07 00 e6 21 13 15 40 00 71 00 07 01 03 23 e7 1e 06 00 0a 00 07 02 2e 27 5d 14 40 00 71 00 07 03 70 20 4c 1f 06 00 0a 00 07 05 c0 21 74 1c 06 00 0a 00 00 ff 00 00 00 00 00 00 00 00 05 00 00
  4911 ms  64 B  05 07 00 eb 21 0b 15 40 00 71 00 07 01 03 23 e7 1e 06 00 0a 00 07 02 2e 27 5d 14 40 00 71 00 07 03 70 20 4c 1f 06 00 0a 00 07 05 c1 21 74 1c 06 00 0a 00 00 ff 00 00 00 00 00 00 00 00 05 00 00
  4922 ms  64 B  05 07 00 ec 21 09 15 40 00 71 00 07 01 03 23 e7 1e 06 00 0a 00 07 02 2e 27 5d 14 40 00 71 00 07 03 70 20 4c 1f 06 00 0a 00 07 05 c1 21 74 1c 06 00 0a 00 00 ff 00 00 00 00 00 00 00 00 05 00 00
  4923 ms  64 B  05 07 00 eb 21 0b 15 40 00 71 00 07 01 03 23 e7 1e 06 00 0a 00 07 02 2e 27 5d 14 40 00 71 00 07 03 70 20 4c 1f 06 00 0a 00 07 05 c1 21 74 1c 06 00 0a 00 00 ff 00 00 00 00 00 00 00 00 05 00 00
  4935 ms  64 B  05 07 00 eb 21 0b 15 40 00 71 00 07 01 03 23 e7 1e 06 00 0a 00 07 02 2e 27 58 14 40 00 71 00 07 03 70 20 4c 1f 06 00 0a 00 04 05 c1 21 74 1c 06 00 0a 00 00 ff 00 00 00 00 00 00 00 00 05 00 00
  4936 ms  64 B  05 07 00 eb 21 0b 15 40 00 71 00 07 01 03 23 e7 1e 06 00 0a 00 07 02 2e 27 50 14 40 00 71 00 07 03 70 20 4c 1f 06 00 0a 00 00 ff 00 00 00 00 00 00 00 00 00 ff 00 00 00 00 00 00 00 00 04 00 00
  4949 ms  64 B  05 07 00 eb 21 0b 15 40 00 71 00 07 01 03 23 e7 1e 06 00 0a 00 07 02 2e 27 4e 14 40 00 71 00 07 03 70 20 4c 1f 06 00 0a 00 04 04 73 21 03 1c 06 00 0a 00 00 ff 00 00 00 00 00 00 00 00 05 00 00
  4949 ms  64 B  05 07 00 eb 21 0b 15 40 00 71 00 07 01 03 23 e7 1e 06 00 0a 00 07 02 2e 27 50 14 40 00 71 00 07 03 70 20 4c 1f 06 00 0a 00 07 04 73 21 03 1c 06 00 0a 00 00 ff 00 00 00 00 00 00 00 00 05 00 00
  4961 ms  64 B  05 07 00 eb 21 0b 15 40 00 71 00 07 01 01 23 e7 1e 06 00 0a 00 07 02 2e 27 50 14 40 00 71 00 07 03 70 20 4c 1f 06 00 0a 00 07 04 73 21 03 1c 06 00 0a 00 00 ff 00 00 00 00 00 00 00 00 05 00 00
  4961 ms  64 B  05 07 00 eb 21 0b 15 40 00 71 00 07 01 fc 22 e7 1e 06 00 0a 00 07 02 2e 27 50 14 40 00 71 00 07 03 70 20 4c 1f 06 00 0a 00 07 04 73 21 03 1c 06 00 0a 00 00 ff 00 00 00 00 00 00 00 00 05 00 00
  4974 ms  64 B  05 07 00 eb 21 0b 15 40 00 71 00 07 01 fb 22 e7 1e 06 00 0a 00 07 02 2e 27 50 14 40 00 71 00 07 03 70 20 4c 1f 06 00 0a 00 07 04 7b 21 11 1c 06 00 0a 00 00 ff 00 00 00 00 00 00 00 00 05 00 00
  4974 ms  64 B  05 07 00 eb 21 0b 15 40 00 71 00 07 01 fc 22 e7 1e 06 00 0a 00 07 02 2e 27 50 14 40 00 71 00 07 03 70 20 4c 1f 06 00 0a 00 07 04 88 21 28 1c 06 00 0a 00 00 ff 00 00 00 00 00 00 00 00 05 00 00
  4986 ms  64 B  05 07 00 e9 21 10 15 40 00 71 00 07 01 fc 22 e7 1e 06 00 0a 00 07 02 2e 27 50 14 40 00 71 00 07 03 70 20 4c 1f 06 00 0a 00 07 04 95 21 3a 1c 06 00 0a 00 00 ff 00 00 00 00 00 00 00 00 05 00 00
  4987 ms  64 B  05 07 00 e4 21 18 15 40 00 71 00 07 01 fc 22 e7 1e 06 00 0a 00 07 02 2e 27 50 14 40 00 71 00 07 03 70 20 4c 1f 06 00 0a 00 07 04 a5 21 4d 1c 06 00 0a 00 00 ff 00 00 00 00 00 00 00 00 05 00 00
  4999 ms  64 B  05 07 00 e3 21 1a 15 40 00 71 00 07 01 fc 22 e7 1e 06 00 0a 00 07 02 2e 27 50 14 40 00 71 00 07 03 70 20 4c 1f 06 00 0a 00 07 04 b0 21 60 1c 06 00 0a 00 00 ff 00 00 00 00 00 00 00 00 05 00 00
  4999 ms  64 B  05 07 00 e4 21 18 15 40 00 71 00 07 01 fc 22 e7 1e 06 00 0a 00 07 02 2e 27 50 14 40 00 71 00 07 03 70 20 4c 1f 06 00 0a 00 07 04 ba 21 74 1c 06 00 0a 00 00 ff 00 00 00 00 00 00 00 00 05 00 00
  5012 ms  64 B  05 07 00 e4 21 18 15 40 00 71 00 07 01 fc 22 e7 1e 06 00 0a 00 07 02 2e 27 50 14 40 00 71 00 07 03 70 20 4c 1f 06 00 0a 00 07 04 bd 21 79 1c 06 00 0a 00 00 ff 00 00 00 00 00 00 00 00 05 00 00
  5012 ms  64 B  05 07 00 e4 21 18 15 40 00 71 00 07 01 fc 22 e7 1e 06 00 0a 00 07 02 2e 27 50 14 40 00 71 00 07 03 70 20 4c 1f 06 00 0a 00 07 04 ba 21 74 1c 06 00 0a 00 00 ff 00 00 00 00 00 00 00 00 05 00 00
  5025 ms  64 B  05 07 00 e4 21 18 15 40 00 71 00 07 01 fc 22 e7 1e 06 00 0a 00 07 02 2e 27 50 14 40 00 71 00 07 03 70 20 4c 1f 06 00 0a 00 07 04 b5 21 6a 1c 06 00 0a 00 00 ff 00 00 00 00 00 00 00 00 05 00 00
  5025 ms  64 B  05 07 00 e4 21 18 15 40 00 71 00 07 01 fc 22 e7 1e 06 00 0a 00 07 02 2e 27 50 14 40 00 71 00 07 03 70 20 4c 1f 06 00 0a 00 07 04 ac 21 5a 1c 06 00 0a 00 00 ff 00 00 00 00 00 00 00 00 05 00 00
  5038 ms  64 B  05 07 00 e4 21 18 15 40 00 71 00 07 01 fc 22 e7 1e 06 00 0a 00 07 02 2e 27 50 14 40 00 71 00 07 03 70 20 4c 1f 06 00 0a 00 07 04 a4 21 4e 1c 06 00 0a 00 00 ff 00 00 00 00 00 00 00 00 05 00 00
  5038 ms  64 B  05 07 00 e4 21 18 15 40 00 71 00 07 01 fc 22 e7 1e 06 00 0a 00 07 02 2e 27 50 14 40 00 71 00 07 03 70 20 4c 1f 06 00 0a 00 07 04 97 21 41 1c 06 00 0a 00 00 ff 00 00 00 00 00 00 00 00 05 00 00
  5050 ms  64 B  05 07 00 e4 21 18 15 40 00 71 00 07 01 fc 22 e7 1e 06 00 0a 00 07 02 2e 27 50 14 40 00 71 00 07 03 70 20 4c 1f 06 00 0a 00 07 04 8e 21 35 1c 06 00 0a 00 00 ff 00 00 00 00 00 00 00 00 05 00 00
  5051 ms  64 B  05 07 00 e4 21 18 15 40 00 71 00 07 01 fc 22 e7 1e 06 00 0a 00 07 02 2e 27 50 14 40 00 71 00 07 03 70 20 4c 1f 06 00 0a 00 07 04 88 21 28 1c 06 00 0a 00 00 ff 00 00 00 00 00 00 00 00 05 00 00
  5063 ms  64 B  05 07 00 e6 21 18 15 40 00 71 00 07 01 fc 22 e7 1e 06 00 0a 00 07 02 2e 27 50 14 40 00 71 00 07 03 70 20 4c 1f 06 00 0a 00 07 04 81 21 20 1c 06 00 0a 00 00 ff 00 00 00 00 00 00 00 00 05 00 00
  5064 ms  64 B  05 07 00 eb 21 18 15 40 00 71 00 07 01 fc 22 e7 1e 06 00 0a 00 07 02 2e 27 50 14 40 00 71 00 07 03 70 20 4c 1f 06 00 0a 00 07 04 7a 21 1c 1c 06 00 0a 00 00 ff 00 00 00 00 00 00 00 00 05 00 00
  5077 ms  64 B  05 07 00 ec 21 13 15 40 00 71 00 07 01 fc 22 e7 1e 06 00 0a 00 07 02 2c 27 50 14 40 00 71 00 07 03 70 20 4c 1f 06 00 0a 00 07 04 75 21 12 1c 06 00 0a 00 00 ff 00 00 00 00 00 00 00 00 05 00 00
  5077 ms  64 B  05 07 00 eb 21 0b 15 40 00 71 00 07 01 fc 22 e7 1e 06 00 0a 00 07 02 27 27 50 14 40 00 71 00 07 03 70 20 4c 1f 06 00 0a 00 07 04 73 21 03 1c 06 00 0a 00 00 ff 00 00 00 00 00 00 00 00 05 00 00
  5089 ms  64 B  05 07 00 eb 21 09 15 40 00 71 00 07 01 fc 22 e7 1e 06 00 0a 00 07 02 26 27 50 14 40 00 71 00 07 03 70 20 4c 1f 06 00 0a 00 07 04 70 21 00 1c 06 00 0a 00 00 ff 00 00 00 00 00 00 00 00 05 00 00
  5090 ms  64 B  05 07 00 eb 21 0b 15 40 00 71 00 07 01 fc 22 e7 1e 06 00 0a 00 07 02 27 27 50 14 40 00 71 00 07 03 70 20 4c 1f 06 00 0a 00 07 04 6c 21 03 1c 06 00 0a 00 00 ff 00 00 00 00 00 00 00 00 05 00 00
  5102 ms  64 B  05 07 00 eb 21 0b 15 40 00 71 00 07 01 fc 22 e7 1e 06 00 0a 00 07 02 27 27 50 14 40 00 71 00 04 03 70 20 58 1f 06 00 0a 00 07 04 5b 21 fe 1b 06 00 0a 00 00 ff 00 00 00 00 00 00 00 00 05 00 00
  5103 ms  64 B  05 07 00 eb 21 0b 15 40 00 71 00 07 01 fc 22 e7 1e 06 00 0a 00 07 02 27 27 50 14 40 00 71 00 07 04 42 21 f5 1b 06 00 0a 00 00 ff 00 00 00 00 00 00 00 00 00 ff 00 00 00 00 00 00 00 00 04 00 00
  5115 ms  64 B  05 07 00 eb 21 0b 15 40 00 71 00 07 01 fc 22 e7 1e 06 00 0a 00 07 02 27 27 50 14 40 00 71 00 07 04 3a 21 ef 1b 06 00 0a 00 00 ff 00 00 00 00 00 00 00 00 00 ff 00 00 00 00 00 00 00 00 04 00 00
  5116 ms  64 B  05 07 00 eb 21 0b 15 40 00 71 00 07 01 fc 22 e7 1e 06 00 0a 00 07 02 27 27 50 14 40 00 71 00 07 04 3b 21 e9 1b 06 00 0a 00 00 ff 00 00 00 00 00 00 00 00 00 ff 00 00 00 00 00 00 00 00 04 00 00
  5128 ms  64 B  05 07 00 eb 21 0b 15 40 00 71 00 07 01 fc 22 e7 1e 06 00 0a 00 07 02 27 27 50 14 40 00 71 00 07 04 3a 21 e7 1b 06 00 0a 00 00 ff 00 00 00 00 00 00 00 00 00 ff 00 00 00 00 00 00 00 00 04 00 00
  5128 ms  64 B  05 07 00 eb 21 0b 15 40 00 71 00 07 01 fc 22 e7 1e 06 00 0a 00 07 02 27 27 50 14 40 00 71 00 07 04 3b 21 e9 1b 06 00 0a 00 00 ff 00 00 00 00 00 00 00 00 00 ff 00 00 00 00 00 00 00 00 04 00 00
  5140 ms  64 B  05 07 00 eb 21 0b 15 40 00 71 00 07 01 fc 22 e7 1e 06 00 0a 00 07 02 27 27 50 14 40 00 71 00 07 04 3d 21 e9 1b 06 00 0a 00 00 ff 00 00 00 00 00 00 00 00 00 ff 00 00 00 00 00 00 00 00 04 00 00
  5141 ms  64 B  05 07 00 eb 21 0b 15 40 00 71 00 07 01 fc 22 e7 1e 06 00 0a 00 07 02 27 27 50 14 40 00 71 00 07 04 42 21 e9 1b 06 00 0a 00 00 ff 00 00 00 00 00 00 00 00 00 ff 00 00 00 00 00 00 00 00 04 00 00
  5153 ms  64 B  05 07 00 eb 21 07 15 40 00 71 00 07 01 fc 22 e7 1e 06 00 0a 00 07 02 27 27 4c 14 40 00 71 00 04 03 7e 20 4c 1f 06 00 0a 00 07 04 45 21 e9 1b 06 00 0a 00 00 ff 00 00 00 00 00 00 00 00 05 00 00
  5153 ms  64 B  05 07 00 eb 21 ff 14 40 00 71 00 07 01 fc 22 e7 1e 06 00 0a 00 07 02 27 27 44 14 40 00 71 00 07 03 7e 20 4c 1f 06 00 0a 00 07 04 49 21 e9 1b 06 00 0a 00 00 ff 00 00 00 00 00 00 00 00 05 00 00
  5166 ms  64 B  05 07 00 eb 21 fd 14 40 00 71 00 07 01 fc 22 e7 1e 06 00 0a 00 07 02 27 27 42 14 40 00 71 00 07 03 7e 20 4c 1f 06 00 0a 00 07 04 4c 21 e9 1b 06 00 0a 00 00 ff 00 00 00 00 00 00 00 00 05 00 00
  5167 ms  64 B  05 07 00 eb 21 ff 14 40 00 71 00 07 01 fc 22 e7 1e 06 00 0a 00 07 02 27 27 44 14 40 00 71 00 07 03 7e 20 4c 1f 06 00 0a 00 07 04 50 21 e9 1b 06 00 0a 00 00 ff 00 00 00 00 00 00 00 00 05 00 00
  5179 ms  64 B  05 07 00 eb 21 ff 14 40 00 71 00 07 01 fc 22 e7 1e 06 00 0a 00 07 02 27 27 48 14 40 00 71 00 07 03 7e 20 4c 1f 06 00 0a 00 07 04 53 21 ed 1b 06 00 0a 00 00 ff 00 00 00 00 00 00 00 00 05 00 00
  5179 ms  64 B  05 07 00 eb 21 ff 14 40 00 71 00 07 01 fc 22 e7 1e 06 00 0a 00 07 02 27 27 50 14 40 00 71 00 07 03 7e 20 4c 1f 06 00 0a 00 07 04 57 21 f5 1b 06 00 0a 00 00 ff 00 00 00 00 00 00 00 00 05 00 00
  5191 ms  64 B  05 07 00 eb 21 03 15 40 00 71 00 07 01 fc 22 e7 1e 06 00 0a 00 07 02 27 27 52 14 40 00 71 00 07 03 7e 20 4c 1f 06 00 0a 00 07 04 5a 21 f7 1b 06 00 0a 00 00 ff 00 00 00 00 00 00 00 00 05 00 00
  5192 ms  64 B  05 07 00 eb 21 0b 15 40 00 71 00 07 01 fc 22 e7 1e 06 00 0a 00 07 02 27 27 50 14 40 00 71 00 07 03 7e 20 4c 1f 06 00 0a 00 07 04 5e 21 f5 1b 06 00 0a 00 00 ff 00 00 00 00 00 00 00 00 05 00 00
  5204 ms  64 B  05 07 00 eb 21 0d 15 40 00 71 00 07 01 fc 22 e7 1e 06 00 0a 00 07 02 27 27 50 14 40 00 71 00 07 03 7e 20 4c 1f 06 00 0a 00 07 04 61 21 f5 1b 06 00 0a 00 00 ff 00 00 00 00 00 00 00 00 05 00 00
  5204 ms  64 B  05 07 00 eb 21 0b 15 40 00 71 00 07 01 fc 22 e7 1e 06 00 0a 00 07 02 27 27 50 14 40 00 71 00 07 03 7e 20 4c 1f 06 00 0a 00 07 04 65 21 f5 1b 06 00 0a 00 00 ff 00 00 00 00 00 00 00 00 05 00 00
  5217 ms  64 B  05 07 00 eb 21 0b 15 40 00 71 00 07 01 fc 22 e7 1e 06 00 0a 00 07 02 27 27 50 14 40 00 71 00 07 03 7e 20 4c 1f 06 00 0a 00 07 04 6d 21 03 1c 06 00 0a 00 00 ff 00 00 00 00 00 00 00 00 05 00 00
  5218 ms  64 B  05 07 00 eb 21 0b 15 40 00 71 00 07 01 fc 22 e7 1e 06 00 0a 00 07 02 27 27 50 14 40 00 71 00 07 03 7e 20 4c 1f 06 00 0a 00 07 04 7a 21 1c 1c 06 00 0a 00 00 ff 00 00 00 00 00 00 00 00 05 00 00
  5229 ms  64 B  05 07 00 e9 21 0b 15 40 00 71 00 07 01 fc 22 e7 1e 06 00 0a 00 07 02 27 27 50 14 40 00 71 00 07 03 7e 20 4c 1f 06 00 0a 00 07 04 7d 21 21 1c 06 00 0a 00 00 ff 00 00 00 00 00 00 00 00 05 00 00
  5230 ms  64 B  05 07 00 e4 21 0b 15 40 00 71 00 07 01 fc 22 e7 1e 06 00 0a 00 07 02 27 27 50 14 40 00 71 00 07 03 7e 20 4c 1f 06 00 0a 00 07 04 7a 21 1c 1c 06 00 0a 00 00 ff 00 00 00 00 00 00 00 00 05 00 00
  5243 ms  64 B  05 07 00 e3 21 0b 15 40 00 71 00 07 01 fc 22 e7 1e 06 00 0a 00 07 02 27 27 50 14 40 00 71 00 07 03 7e 20 4c 1f 06 00 0a 00 07 04 87 21 2f 1c 06 00 0a 00 00 ff 00 00 00 00 00 00 00 00 05 00 00
  5244 ms  64 B  05 07 00 e4 21 0b 15 40 00 71 00 07 01 fc 22 e7 1e 06 00 0a 00 07 02 27 27 50 14 40 00 71 00 07 03 7e 20 4c 1f 06 00 0a 00 07 04 9e 21 4d 1c 06 00 0a 00 00 ff 00 00 00 00 00 00 00 00 05 00 00
  5257 ms  64 B  05 07 00 e4 21 0b 15 40 00 71 00 07 01 fc 22 e7 1e 06 00 0a 00 07 02 27 27 50 14 40 00 71 00 07 03 7e 20 4c 1f 06 00 0a 00 07 04 ad 21 62 1c 06 00 0a 00 00 ff 00 00 00 00 00 00 00 00 05 00 00
  5258 ms  64 B  05 07 00 e4 21 0b 15 40 00 71 00 07 01 fc 22 e7 1e 06 00 0a 00 07 02 27 27 50 14 40 00 71 00 07 03 7e 20 4c 1f 06 00 0a 00 07 04 ba 21 74 1c 06 00 0a 00 00 ff 00 00 00 00 00 00 00 00 05 00 00
  5270 ms  64 B  05 07 00 e4 21 10 15 40 00 71 00 07 01 fc 22 e7 1e 06 00 0a 00 07 02 27 27 55 14 40 00 71 00 04 03 7e 20 4c 1f 06 00 0a 00 07 04 be 21 79 1c 06 00 0a 00 00 ff 00 00 00 00 00 00 00 00 05 00 00
  5271 ms  64 B  05 07 00 e4 21 18 15 40 00 71 00 07 01 fc 22 e7 1e 06 00 0a 00 07 02 27 27 5d 14 40 00 71 00 07 04 ba 21 74 1c 06 00 0a 00 00 ff 00 00 00 00 00 00 00 00 00 ff 00 00 00 00 00 00 00 00 04 00 00
  5284 ms  64 B  05 07 00 e4 21 1a 15 40 00 71 00 07 01 fc 22 e7 1e 06 00 0a 00 07 02 29 27 5f 14 40 00 71 00 07 04 b8 21 6a 1c 06 00 0a 00 00 ff 00 00 00 00 00 00 00 00 00 ff 00 00 00 00 00 00 00 00 04 00 00
  5284 ms  64 B  05 07 00 e4 21 18 15 40 00 71 00 07 01 fc 22 e7 1e 06 00 0a 00 07 02 2e 27 5d 14 40 00 71 00 07 04 b3 21 5a 1c 06 00 0a 00 00 ff 00 00 00 00 00 00 00 00 00 ff 00 00 00 00 00 00 00 00 04 00 00
  5296 ms  64 B  05 07 00 e4 21 18 15 40 00 71 00 07 01 fc 22 e7 1e 06 00 0a 00 07 02 2f 27 5d 14 40 00 71 00 07 04 b4 21 60 1c 06 00 0a 00 00 ff 00 00 00 00 00 00 00 00 00 ff 00 00 00 00 00 00 00 00 04 00 00
  5297 ms  64 B  05 07 00 e4 21 18 15 40 00 71 00 07 01 fc 22 e7 1e 06 00 0a 00 07 02 2e 27 5d 14 40 00 71 00 07 04 ba 21 74 1c 06 00 0a 00 00 ff 00 00 00 00 00 00 00 00 00 ff 00 00 00 00 00 00 00 00 04 00 00
  5310 ms  64 B  05 07 00 e4 21 18 15 40 00 71 00 07 01 fc 22 e7 1e 06 00 0a 00 07 02 2e 27 5d 14 40 00 71 00 07 04 bb 21 77 1c 06 00 0a 00 00 ff 00 00 00 00 00 00 00 00 00 ff 00 00 00 00 00 00 00 00 04 00 00
  5311 ms  64 B  05 07 00 e4 21 18 15 40 00 71 00 07 01 fc 22 e7 1e 06 00 0a 00 07 02 2e 27 5d 14 40 00 71 00 07 04 ba 21 74 1c 06 00 0a 00 00 ff 00 00 00 00 00 00 00 00 00 ff 00 00 00 00 00 00 00 00 04 00 00
  5322 ms  64 B  05 07 00 e4 21 18 15 40 00 71 00 07 01 fc 22 e7 1e 06 00 0a 00 07 02 2c 27 58 14 40 00 71 00 07 04 ba 21 74 1c 06 00 0a 00 00 ff 00 00 00 00 00 00 00 00 00 ff 00 00 00 00 00 00 00 00 04 00 00
  5323 ms  64 B  05 07 00 e4 21 18 15 40 00 71 00 07 01 fc 22 e7 1e 06 00 0a 00 07 02 27 27 50 14 40 00 71 00 07 04 ba 21 74 1c 06 00 0a 00 00 ff 00 00 00 00 00 00 00 00 00 ff 00 00 00 00 00 00 00 00 04 00 00
  5337 ms  64 B  05 07 00 e4 21 13 15 40 00 71 00 07 01 fc 22 e7 1e 06 00 0a 00 07 02 26 27 4e 14 40 00 71 00 04 04 ba 21 74 1c 06 00 0a 00 00 ff 00 00 00 00 00 00 00 00 00 ff 00 00 00 00 00 00 00 00 04 00 00
  5337 ms  64 B  05 07 00 e4 21 0b 15 40 00 71 00 07 01 fc 22 e7 1e 06 00 0a 00 07 02 27 27 50 14 40 00 71 00 00 ff 00 00 00 00 00 00 00 00 00 ff 00 00 00 00 00 00 00 00 00 ff 00 00 00 00 00 00 00 00 03 00 00
  5350 ms  64 B  05 07 00 e4 21 09 15 40 00 71 00 07 01 fc 22 e7 1e 06 00 0a 00 07 02 27 27 50 14 40 00 71 00 00 ff 00 00 00 00 00 00 00 00 00 ff 00 00 00 00 00 00 00 00 00 ff 00 00 00 00 00 00 00 00 03 00 00
  5350 ms  64 B  05 07 00 e4 21 0b 15 40 00 71 00 07 01 fc 22 e7 1e 06 00 0a 00 07 02 27 27 50 14 40 00 71 00 00 ff 00 00 00 00 00 00 00 00 00 ff 00 00 00 00 00 00 00 00 00 ff 00 00 00 00 00 00 00 00 03 00 00
  5364 ms  64 B  05 07 00 e4 21 0b 15 40 00 71 00 07 01 fc 22 e7 1e 06 00 0a 00 07 02 27 27 50 14 40 00 71 00 04 05 eb 21 b2 1c 06 00 0a 00 00 ff 00 00 00 00 00 00 00 00 00 ff 00 00 00 00 00 00 00 00 04 00 00
  5364 ms  64 B  05 07 00 e4 21 0b 15 40 00 71 00 07 01 fc 22 e7 1e 06 00 0a 00 07 02 27 27 50 14 40 00 71 00 07 05 eb 21 b2 1c 06 00 0a 00 00 ff 00 00 00 00 00 00 00 00 00 ff 00 00 00 00 00 00 00 00 04 00 00
  5378 ms  64 B  05 07 00 e4 21 10 15 40 00 71 00 07 01 fc 22 e7 1e 06 00 0a 00 07 02 25 27 50 14 40 00 71 00 07 05 eb 21 b2 1c 06 00 0a 00 00 ff 00 00 00 00 00 00 00 00 00 ff 00 00 00 00 00 00 00 00 04 00 00
  5378 ms  64 B  05 07 00 e4 21 18 15 40 00 71 00 07 01 fc 22 e7 1e 06 00 0a 00 07 02 20 27 50 14 40 00 71 00 07 05 eb 21 b2 1c 06 00 0a 00 00 ff 00 00 00 00 00 00 00 00 00 ff 00 00 00 00 00 00 00 00 04 00 00
  5391 ms  64 B  05 07 00 e2 21 1a 15 40 00 71 00 07 01 fc 22 e7 1e 06 00 0a 00 07 02 1f 27 50 14 40 00 71 00 07 05 eb 21 b2 1c 06 00 0a 00 00 ff 00 00 00 00 00 00 00 00 00 ff 00 00 00 00 00 00 00 00 04 00 00
  5391 ms  64 B  05 07 00 dd 21 18 15 40 00 71 00 07 01 fc 22 e7 1e 06 00 0a 00 07 02 20 27 50 14 40 00 71 00 07 05 eb 21 b2 1c 06 00 0a 00 00 ff 00 00 00 00 00 00 00 00 00 ff 00 00 00 00 00 00 00 00 04 00 00
  5403 ms  64 B  05 07 00 dc 21 18 15 40 00 71 00 07 01 06 23 08 1f 06 00 0a 00 07 02 1e 27 50 14 40 00 71 00 07 05 c3 21 d8 1c 06 00 0a 00 00 ff 00 00 00 00 00 00 00 00 00 ff 00 00 00 00 00 00 00 00 04 00 00
  5404 ms  64 B  05 07 00 dd 21 18 15 40 00 71 00 07 01 18 23 3f 1f 06 00 0a 00 07 02 19 27 50 14 40 00 71 00 07 05 81 21 17 1d 06 00 0a 00 00 ff 00 00 00 00 00 00 00 00 00 ff 00 00 00 00 00 00 00 00 04 00 00
  5417 ms  64 B  05 07 00 dd 21 18 15 40 00 71 00 07 01 1e 23 54 1f 06 00 0a 00 07 02 18 27 55 14 40 00 71 00 07 05 74 21 24 1d 06 00 0a 00 00 ff 00 00 00 00 00 00 00 00 00 ff 00 00 00 00 00 00 00 00 04 00 00
  5418 ms  64 B  05 07 00 dd 21 18 15 40 00 71 00 07 01 1f 23 58 1f 06 00 0a 00 07 02 19 27 5d 14 40 00 71 00 07 05 81 21 17 1d 06 00 0a 00 00 ff 00 00 00 00 00 00 00 00 00 ff 00 00 00 00 00 00 00 00 04 00 00
  5430 ms  64 B  05 07 00 db 21 18 15 40 00 71 00 07 01 20 23 57 1f 06 00 0a 00 07 02 19 27 5f 14 40 00 71 00 07 05 81 21 17 1d 06 00 0a 00 00 ff 00 00 00 00 00 00 00 00 00 ff 00 00 00 00 00 00 00 00 04 00 00
  5431 ms  64 B  05 07 00 d6 21 18 15 40 00 71 00 07 01 1f 23 4c 1f 06 00 0a 00 07 02 19 27 5d 14 40 00 71 00 07 05 81 21 17 1d 06 00 0a 00 00 ff 00 00 00 00 00 00 00 00 00 ff 00 00 00 00 00 00 00 00 04 00 00
  5442 ms  64 B  05 07 00 d5 21 18 15 40 00 71 00 07 01 1d 23 46 1f 06 00 0a 00 07 02 17 27 5d 14 40 00 71 00 04 05 81 21 17 1d 06 00 0a 00 00 ff 00 00 00 00 00 00 00 00 00 ff 00 00 00 00 00 00 00 00 04 00 00
  5443 ms  64 B  05 07 00 d6 21 18 15 40 00 71 00 07 01 18 23 3f 1f 06 00 0a 00 07 02 12 27 5d 14 40 00 71 00 00 ff 00 00 00 00 00 00 00 00 00 ff 00 00 00 00 00 00 00 00 00 ff 00 00 00 00 00 00 00 00 03 00 00
  5454 ms  64 B  05 07 00 d6 21 18 15 40 00 71 00 07 01 15 23 35 1f 06 00 0a 00 07 02 11 27 5d 14 40 00 71 00 04 03 d2 24 f5 1e 06 00 0a 00 00 ff 00 00 00 00 00 00 00 00 00 ff 00 00 00 00 00 00 00 00 04 00 00
  5455 ms  64 B  05 07 00 d6 21 18 15 40 00 71 00 07 01 11 23 27 1f 06 00 0a 00 07 02 12 27 5d 14 40 00 71 00 07 03 d2 24 f5 1e 06 00 0a 00 00 ff 00 00 00 00 00 00 00 00 00 ff 00 00 00 00 00 00 00 00 04 00 00
  5466 ms  64 B  05 07 00 d4 21 18 15 40 00 71 00 07 01 10 23 1f 1f 06 00 0a 00 07 02 12 27 58 14 40 00 71 00 07 03 d2 24 f5 1e 06 00 0a 00 04 06 8c 20 97 1f 06 00 0a 00 00 ff 00 00 00 00 00 00 00 00 05 00 00
  5467 ms  64 B  05 07 00 cf 21 18 15 40 00 71 00 07 01 11 23 1a 1f 06 00 0a 00 07 02 12 27 50 14 40 00 71 00 07 03 d2 24 f5 1e 06 00 0a 00 07 06 8c 20 97 1f 06 00 0a 00 00 ff 00 00 00 00 00 00 00 00 05 00 00
  5479 ms  64 B  05 07 00 cc 21 13 15 40 00 71 00 07 01 0f 23 14 1f 06 00 0a 00 07 02 10 27 4e 14 40 00 71 00 07 03 d2 24 f5 1e 06 00 0a 00 07 06 8c 20 97 1f 06 00 0a 00 00 ff 00 00 00 00 00 00 00 00 05 00 00
  5479 ms  64 B  05 07 00 c8 21 0b 15 40 00 71 00 07 01 0a 23 0e 1f 06 00 0a 00 07 02 0b 27 50 14 40 00 71 00 07 03 d2 24 f5 1e 06 00 0a 00 07 06 8c 20 97 1f 06 00 0a 00 00 ff 00 00 00 00 00 00 00 00 05 00 00
  5491 ms  64 B  05 07 00 c7 21 09 15 40 00 71 00 07 01 14 23 28 1f 06 00 0a 00 07 02 08 27 46 14 40 00 71 00 07 03 d2 24 f5 1e 06 00 0a 00 07 06 8c 20 97 1f 06 00 0a 00 00 ff 00 00 00 00 00 00 00 00 05 00 00
  5491 ms  64 B  05 07 00 c8 21 0b 15 40 00 71 00 07 01 26 23 58 1f 06 00 0a 00 07 02 04 27 37 14 40 00 71 00 07 03 d2 24 f5 1e 06 00 0a 00 07 06 8c 20 97 1f 06 00 0a 00 00 ff 00 00 00 00 00 00 00 00 05 00 00
  5503 ms  64 B  05 07 00 c6 21 07 15 40 00 71 00 07 01 4c 23 67 1f 06 00 0a 00 07 02 ff 26 2f 14 40 00 71 00 07 03 d2 24 f5 1e 06 00 0a 00 07 06 8c 20 97 1f 06 00 0a 00 00 ff 00 00 00 00 00 00 00 00 05 00 00
  5503 ms  64 B  05 07 00 c1 21 ff 14 40 00 71 00 07 01 82 23 66 1f 06 00 0a 00 07 02 f6 26 2b 14 40 00 71 00 07 03 d2 24 f5 1e 06 00 0a 00 07 06 8c 20 97 1f 06 00 0a 00 00 ff 00 00 00 00 00 00 00 00 05 00 00
  5514 ms  64 B  05 07 00 c0 21 f9 14 40 00 71 00 07 01 b7 23 63 1f 06 00 0a 00 07 02 f1 26 29 14 40 00 71 00 07 03 d2 24 f5 1e 06 00 0a 00 07 06 8c 20 97 1f 06 00 0a 00 00 ff 00 00 00 00 00 00 00 00 05 00 00
  5515 ms  64 B  05 07 00 c1 21 f2 14 40 00 71 00 07 01 f2 23 59 1f 06 00 0a 00 07 02 ef 26 2b 14 40 00 71 00 07 03 d2 24 f5 1e 06 00 0a 00 07 06 8c 20 97 1f 06 00 0a 00 00 ff 00 00 00 00 00 00 00 00 05 00 00
  5526 ms  64 B  05 07 00 bf 21 f0 14 40 00 71 00 07 01 00 24 4f 1f 06 00 0a 00 07 02 ec 26 26 14 40 00 71 00 04 03 d2 24 f5 1e 06 00 0a 00 07 06 8c 20 97 1f 06 00 0a 00 00 ff 00 00 00 00 00 00 00 00 05 00 00
  5527 ms  64 B  05 07 00 ba 21 f2 14 40 00 71 00 07 01 f2 23 3f 1f 06 00 0a 00 07 02 e8 26 1e 14 40 00 71 00 07 06 8c 20 97 1f 06 00 0a 00 00 ff 00 00 00 00 00 00 00 00 00 ff 00 00 00 00 00 00 00 00 04 00 00
  5538 ms  64 B  05 07 00 b9 21 f2 14 40 00 71 00 07 01 e2 23 33 1f 06 00 0a 00 07 02 e5 26 1c 14 40 00 71 00 07 06 8c 20 97 1f 06 00 0a 00 00 ff 00 00 00 00 00 00 00 00 00 ff 00 00 00 00 00 00 00 00 04 00 00
  5539 ms  64 B  05 07 00 ba 21 f2 14 40 00 71 00 07 01 c8 23 27 1f 06 00 0a 00 07 02 e1 26 1e 14 40 00 71 00 07 06 8c 20 97 1f 06 00 0a 00 00 ff 00 00 00 00 00 00 00 00 00 ff 00 00 00 00 00 00 00 00 04 00 00
  5550 ms  64 B  05 07 00 ba 21 f2 14 40 00 71 00 07 01 b2 23 1f 1f 06 00 0a 00 07 02 dc 26 23 14 40 00 71 00 07 06 8c 20 97 1f 06 00 0a 00 00 ff 00 00 00 00 00 00 00 00 00 ff 00 00 00 00 00 00 00 00 04 00 00
  5551 ms  64 B  05 07 00 ba 21 f2 14 40 00 71 00 07 01 97 23 1a 1f 06 00 0a 00 07 02 d3 26 2b 14 40 00 71 00 07 06 8c 20 97 1f 06 00 0a 00 00 ff 00 00 00 00 00 00 00 00 00 ff 00 00 00 00 00 00 00 00 04 00 00
  5563 ms  64 B  05 07 00 b8 21 f2 14 40 00 71 00 07 01 7f 23 21 1f 06 00 0a 00 07 02 cb 26 2d 14 40 00 71 00 07 06 8c 20 97 1f 06 00 0a 00 00 ff 00 00 00 00 00 00 00 00 00 ff 00 00 00 00 00 00 00 00 04 00 00
  5564 ms  64 B  05 07 00 b3 21 f2 14 40 00 71 00 07 01 66 23 33 1f 06 00 0a 00 07 02 be 26 2b 14 40 00 71 00 07 06 8c 20 97 1f 06 00 0a 00 00 ff 00 00 00 00 00 00 00 00 00 ff 00 00 00 00 00 00 00 00 04 00 00
  5575 ms  64 B  05 07 00 b2 21 f2 14 40 00 71 00 07 01 44 23 48 1f 06 00 0a 00 07 02 b6 26 2b 14 40 00 71 00 07 06 8c 20 97 1f 06 00 0a 00 00 ff 00 00 00 00 00 00 00 00 00 ff 00 00 00 00 00 00 00 00 04 00 00
  5576 ms  64 B  05 07 00 b3 21 f2 14 40 00 71 00 07 01 18 23 65 1f 06 00 0a 00 07 02 b0 26 2b 14 40 00 71 00 07 06 8c 20 97 1f 06 00 0a 00 00 ff 00 00 00 00 00 00 00 00 00 ff 00 00 00 00 00 00 00 00 04 00 00
  5589 ms  64 B  05 07 00 ae 21 f7 14 40 00 71 00 07 01 f4 22 62 1f 06 00 0a 00 07 02 a5 26 2b 14 40 00 71 00 07 06 8c 20 97 1f 06 00 0a 00 00 ff 00 00 00 00 00 00 00 00 00 ff 00 00 00 00 00 00 00 00 04 00 00
  5589 ms  64 B  05 07 00 a5 21 ff 14 40 00 71 00 07 01 d2 22 4c 1f 06 00 0a 00 07 02 94 26 2b 14 40 00 71 00 07 06 8c 20 97 1f 06 00 0a 00 00 ff 00 00 00 00 00 00 00 00 00 ff 00 00 00 00 00 00 00 00 04 00 00
  5601 ms  64 B  05 07 00 9d 21 01 15 40 00 71 00 07 01 b2 22 4d 1f 06 00 0a 00 07 02 85 26 26 14 40 00 71 00 07 06 8c 20 97 1f 06 00 0a 00 00 ff 00 00 00 00 00 00 00 00 00 ff 00 00 00 00 00 00 00 00 04 00 00
  5602 ms  64 B  05 07 00 90 21 ff 14 40 00 71 00 07 01 94 22 58 1f 06 00 0a 00 07 02 71 26 1d 14 40 00 71 00 07 06 8c 20 97 1f 06 00 0a 00 00 ff 00 00 00 00 00 00 00 00 00 ff 00 00 00 00 00 00 00 00 04 00 00
  5615 ms  64 B  05 07 00 7f 21 03 15 40 00 71 00 07 01 77 22 68 1f 06 00 0a 00 07 02 5d 26 20 14 40 00 71 00 07 06 8c 20 97 1f 06 00 0a 00 00 ff 00 00 00 00 00 00 00 00 00 ff 00 00 00 00 00 00 00 00 04 00 00
  5615 ms  64 B  05 07 00 66 21 0b 15 40 00 71 00 07 01 5b 22 7e 1f 06 00 0a 00 07 02 46 26 2b 14 40 00 71 00 07 06 8c 20 97 1f 06 00 0a 00 00 ff 00 00 00 00 00 00 00 00 00 ff 00 00 00 00 00 00 00 00 04 00 00
  5629 ms  64 B  05 07 00 4e 21 11 15 40 00 71 00 07 01 3b 22 83 1f 06 00 0a 00 07 02 2a 26 2d 14 40 00 71 00 04 06 8c 20 97 1f 06 00 0a 00 00 ff 00 00 00 00 00 00 00 00 00 ff 00 00 00 00 00 00 00 00 04 00 00
  5630 ms  64 B  05 07 00 34 21 17 15 40 00 71 00 07 01 15 22 7e 1f 06 00 0a 00 07 02 08 26 2a 14 40 00 71 00 00 ff 00 00 00 00 00 00 00 00 00 ff 00 00 00 00 00 00 00 00 00 ff 00 00 00 00 00 00 00 00 03 00 00
  5647 ms  64 B  05 07 00 17 21 1d 15 40 00 71 00 07 01 e6 21 2e 1f 06 00 0a 00 07 02 e2 25 34 14 40 00 71 00 00 ff 00 00 00 00 00 00 00 00 00 ff 00 00 00 00 00 00 00 00 00 ff 00 00 00 00 00 00 00 00 03 00 00
  5648 ms  64 B  05 07 00 f6 20 24 15 40 00 71 00 07 01 ac 21 a8 1e 06 00 0a 00 07 02 b4 25 44 14 40 00 71 00 00 ff 00 00 00 00 00 00 00 00 00 ff 00 00 00 00 00 00 00 00 00 ff 00 00 00 00 00 00 00 00 03 00 00
  5660 ms  64 B  05 07 00 ca 20 2a 15 40 00 71 00 07 01 9f 21 8d 1e 06 00 0a 00 07 02 80 25 4c 14 40 00 71 00 00 ff 00 00 00 00 00 00 00 00 00 ff 00 00 00 00 00 00 00 00 00 ff 00 00 00 00 00 00 00 00 03 00 00
  5661 ms  64 B  05 07 00 94 20 30 15 40 00 71 00 07 01 ac 21 a8 1e 06 00 0a 00 07 02 43 25 50 14 40 00 71 00 00 ff 00 00 00 00 00 00 00 00 00 ff 00 00 00 00 00 00 00 00 00 ff 00 00 00 00 00 00 00 00 03 00 00
  5675 ms  64 B  05 07 00 5f 20 36 15 40 00 71 00 07 01 ac 21 a8 1e 06 00 0a 00 07 02 0b 25 56 14 40 00 71 00 04 03 70 20 a8 1e 06 00 0a 00 00 ff 00 00 00 00 00 00 00 00 00 ff 00 00 00 00 00 00 00 00 04 00 00
  5675 ms  64 B  05 07 00 23 20 3d 15 40 00 71 00 07 01 ac 21 a8 1e 06 00 0a 00 07 02 d3 24 5d 14 40 00 71 00 07 03 70 20 a8 1e 06 00 0a 00 00 ff 00 00 00 00 00 00 00 00 00 ff 00 00 00 00 00 00 00 00 04 00 00
  5688 ms  64 B  05 07 00 e9 1f 43 15 40 00 71 00 04 01 ac 21 a8 1e 06 00 0a 00 07 02 97 24 63 14 40 00 71 00 07 03 31 20 4e 1e 06 00 0a 00 00 ff 00 00 00 00 00 00 00 00 00 ff 00 00 00 00 00 00 00 00 04 00 00
  5689 ms  64 B  05 07 00 ac 1f 49 15 40 00 71 00 07 02 55 24 69 14 40 00 71 00 07 03 f9 1f 05 1e 06 00 0a 00 00 ff 00 00 00 00 00 00 00 00 00 ff 00 00 00 00 00 00 00 00 00 ff 00 00 00 00 00 00 00 00 03 00 00
  5706 ms  64 B  05 07 00 6f 1f 53 15 40 00 71 00 07 02 13 24 79 14 40 00 71 00 07 03 e8 1f c6 1d 06 00 0a 00 00 ff 00 00 00 00 00 00 00 00 00 ff 00 00 00 00 00 00 00 00 00 ff 00 00 00 00 00 00 00 00 03 00 00
  5706 ms  64 B  05 07 00 2e 1f 63 15 40 00 71 00 07 02 cf 23 8e 14 40 00 71 00 07 03 f2 1f 94 1d 06 00 0a 00 00 ff 00 00 00 00 00 00 00 00 00 ff 00 00 00 00 00 00 00 00 00 ff 00 00 00 00 00 00 00 00 03 00 00
  5723 ms  64 B  05 07 00 ec 1e 73 15 40 00 71 00 07 02 8f 23 a0 14 40 00 71 00 07 03 cc 1f 65 1d 06 00 0a 00 00 ff 00 00 00 00 00 00 00 00 00 ff 00 00 00 00 00 00 00 00 00 ff 00 00 00 00 00 00 00 00 03 00 00
  5724 ms  64 B  05 07 00 a8 1e 88 15 40 00 71 00 07 02 51 23 b4 14 40 00 71 00 07 03 8f 1f 3c 1d 06 00 0a 00 00 ff 00 00 00 00 00 00 00 00 00 ff 00 00 00 00 00 00 00 00 00 ff 00 00 00 00 00 00 00 00 03 00 00
  5744 ms  64 B  05 07 00 64 1e 9e 15 40 00 71 00 07 02 14 23 c6 14 40 00 71 00 07 03 83 1f 31 1d 06 00 0a 00 00 ff 00 00 00 00 00 00 00 00 00 ff 00 00 00 00 00 00 00 00 00 ff 00 00 00 00 00 00 00 00 03 00 00
  5744 ms  64 B  05 07 00 1c 1e ba 15 40 00 71 00 07 02 d9 22 d9 14 40 00 71 00 07 03 8f 1f 3c 1d 06 00 0a 00 00 ff 00 00 00 00 00 00 00 00 00 ff 00 00 00 00 00 00 00 00 00 ff 00 00 00 00 00 00 00 00 03 00 00
  5758 ms  64 B  05 07 00 d6 1d d3 15 40 00 71 00 07 02 9c 22 f0 14 40 00 71 00 07 03 48 1f 11 1d 06 00 0a 00 00 ff 00 00 00 00 00 00 00 00 00 ff 00 00 00 00 00 00 00 00 00 ff 00 00 00 00 00 00 00 00 03 00 00
  5758 ms  64 B  05 07 00 90 1d ec 15 40 00 71 00 07 02 5c 22 0c 15 40 00 71 00 07 03 d2 1e cb 1c 06 00 0a 00 00 ff 00 00 00 00 00 00 00 00 00 ff 00 00 00 00 00 00 00 00 00 ff 00 00 00 00 00 00 00 00 03 00 00
  5770 ms  64 B  05 07 00 63 1d fa 15 40 00 71 00 07 02 33 22 1d 15 40 00 71 00 07 03 80 1e 9e 1c 06 00 0a 00 00 ff 00 00 00 00 00 00 00 00 00 ff 00 00 00 00 00 00 00 00 00 ff 00 00 00 00 00 00 00 00 03 00 00
  5770 ms  64 B  05 07 00 36 1d 07 16 40 00 71 00 07 02 09 22 2d 15 40 00 71 00 07 03 22 1e 6c 1c 06 00 0a 00 00 ff 00 00 00 00 00 00 00 00 00 ff 00 00 00 00 00 00 00 00 00 ff 00 00 00 00 00 00 00 00 03 00 00
  5772 ms  64 B  05 07 00 0b 1d 12 16 40 00 71 00 07 02 dd 21 3e 15 40 00 71 00 07 03 b9 1d 34 1c 06 00 0a 00 00 ff 00 00 00 00 00 00 00 00 00 ff 00 00 00 00 00 00 00 00 00 ff 00 00 00 00 00 00 00 00 03 00 00
  5786 ms  64 B  05 07 00 e0 1c 1c 16 40 00 71 00 07 02 b2 21 50 15 40 00 71 00 07 03 99 1d 23 1c 06 00 0a 00 00 ff 00 00 00 00 00 00 00 00 00 ff 00 00 00 00 00 00 00 00 00 ff 00 00 00 00 00 00 00 00 03 00 00
  5786 ms  64 B  05 07 00 b3 1c 24 16 40 00 71 00 07 02 89 21 65 15 40 00 71 00 07 03 9a 1d 23 1c 06 00 0a 00 00 ff 00 00 00 00 00 00 00 00 00 ff 00 00 00 00 00 00 00 00 00 ff 00 00 00 00 00 00 00 00 03 00 00
  5787 ms  64 B  05 07 00 85 1c 2b 16 40 00 71 00 07 02 5f 21 7c 15 40 00 71 00 07 03 b9 1d 34 1c 06 00 0a 00 00 ff 00 00 00 00 00 00 00 00 00 ff 00 00 00 00 00 00 00 00 00 ff 00 00 00 00 00 00 00 00 03 00 00
  5799 ms  64 B  05 07 00 56 1c 3e 16 40 00 71 00 07 02 35 21 8f 15 40 00 71 00 07 03 b9 1d 34 1c 06 00 0a 00 00 ff 00 00 00 00 00 00 00 00 00 ff 00 00 00 00 00 00 00 00 00 ff 00 00 00 00 00 00 00 00 03 00 00
  5799 ms  64 B  05 07 00 25 1c 57 16 40 00 71 00 07 02 0b 21 9f 15 40 00 71 00 07 03 b9 1d 34 1c 06 00 0a 00 00 ff 00 00 00 00 00 00 00 00 00 ff 00 00 00 00 00 00 00 00 00 ff 00 00 00 00 00 00 00 00 03 00 00
  5800 ms  64 B  05 07 00 f2 1b 76 16 40 00 71 00 07 02 e1 20 af 15 40 00 71 00 07 03 b9 1d 34 1c 06 00 0a 00 00 ff 00 00 00 00 00 00 00 00 00 ff 00 00 00 00 00 00 00 00 00 ff 00 00 00 00 00 00 00 00 03 00 00
  5807 ms  64 B  05 07 00 c4 1b 8d 16 40 00 71 00 07 02 b8 20 c5 15 40 00 71 00 04 03 b9 1d 34 1c 06 00 0a 00 00 ff 00 00 00 00 00 00 00 00 00 ff 00 00 00 00 00 00 00 00 00 ff 00 00 00 00 00 00 00 00 03 00 00
  5808 ms  64 B  05 07 00 98 1b a2 16 40 00 71 00 07 02 90 20 de 15 40 00 71 00 00 ff 00 00 00 00 00 00 00 00 00 ff 00 00 00 00 00 00 00 00 00 ff 00 00 00 00 00 00 00 00 00 ff 00 00 00 00 00 00 00 00 02 00 00
  5809 ms  64 B  05 07 00 6d 1b b5 16 40 00 71 00 07 02 69 20 fa 15 40 00 71 00 00 ff 00 00 00 00 00 00 00 00 00 ff 00 00 00 00 00 00 00 00 00 ff 00 00 00 00 00 00 00 00 00 ff 00 00 00 00 00 00 00 00 02 00 00
  5820 ms  64 B  05 07 00 42 1b ca 16 40 00 71 00 07 02 46 20 0d 16 40 00 71 00 00 ff 00 00 00 00 00 00 00 00 00 ff 00 00 00 00 00 00 00 00 00 ff 00 00 00 00 00 00 00 00 00 ff 00 00 00 00 00 00 00 00 02 00 00
  5821 ms  64 B  05 07 00 18 1b de 16 40 00 71 00 07 02 25 20 1d 16 40 00 71 00 00 ff 00 00 00 00 00 00 00 00 00 ff 00 00 00 00 00 00 00 00 00 ff 00 00 00 00 00 00 00 00 00 ff 00 00 00 00 00 00 00 00 02 00 00
  5822 ms  64 B  05 07 00 ee 1a f3 16 40 00 71 00 07 02 07 20 2b 16 40 00 71 00 00 ff 00 00 00 00 00 00 00 00 00 ff 00 00 00 00 00 00 00 00 00 ff 00 00 00 00 00 00 00 00 00 ff 00 00 00 00 00 00 00 00 02 00 00
  5827 ms  64 B  05 07 00 c7 1a 05 17 40 00 71 00 07 02 e5 1f 3b 16 40 00 71 00 00 ff 00 00 00 00 00 00 00 00 00 ff 00 00 00 00 00 00 00 00 00 ff 00 00 00 00 00 00 00 00 00 ff 00 00 00 00 00 00 00 00 02 00 00
  5828 ms  64 B  05 07 00 a1 1a 16 17 40 00 71 00 07 02 c2 1f 4c 16 40 00 71 00 00 ff 00 00 00 00 00 00 00 00 00 ff 00 00 00 00 00 00 00 00 00 ff 00 00 00 00 00 00 00 00 00 ff 00 00 00 00 00 00 00 00 02 00 00
  5829 ms  64 B  05 07 00 7e 1a 25 17 40 00 71 00 07 02 9d 1f 5e 16 40 00 71 00 00 ff 00 00 00 00 00 00 00 00 00 ff 00 00 00 00 00 00 00 00 00 ff 00 00 00 00 00 00 00 00 00 ff 00 00 00 00 00 00 00 00 02 00 00
  5836 ms  64 B  05 07 00 5c 1a 33 17 40 00 71 00 07 02 7f 1f 6c 16 40 00 71 00 00 ff 00 00 00 00 00 00 00 00 00 ff 00 00 00 00 00 00 00 00 00 ff 00 00 00 00 00 00 00 00 00 ff 00 00 00 00 00 00 00 00 02 00 00
  5837 ms  64 B  05 07 00 3b 1a 40 17 40 00 71 00 07 02 63 1f 78 16 40 00 71 00 00 ff 00 00 00 00 00 00 00 00 00 ff 00 00 00 00 00 00 00 00 00 ff 00 00 00 00 00 00 00 00 00 ff 00 00 00 00 00 00 00 00 02 00 00
  5838 ms  64 B  05 07 00 1c 1a 4b 17 40 00 71 00 07 02 4a 1f 83 16 40 00 71 00 00 ff 00 00 00 00 00 00 00 00 00 ff 00 00 00 00 00 00 00 00 00 ff 00 00 00 00 00 00 00 00 00 ff 00 00 00 00 00 00 00 00 02 00 00
  5845 ms  64 B  05 07 00 00 1a 55 17 40 00 71 00 07 02 32 1f 8d 16 40 00 71 00 00 ff 00 00 00 00 00 00 00 00 00 ff 00 00 00 00 00 00 00 00 00 ff 00 00 00 00 00 00 00 00 00 ff 00 00 00 00 00 00 00 00 02 00 00
  5846 ms  64 B  05 07 00 e7 19 5e 17 40 00 71 00 07 02 1d 1f 95 16 40 00 71 00 00 ff 00 00 00 00 00 00 00 00 00 ff 00 00 00 00 00 00 00 00 00 ff 00 00 00 00 00 00 00 00 00 ff 00 00 00 00 00 00 00 00 02 00 00
  5847 ms  64 B  05 07 00 cf 19 65 17 40 00 71 00 07 02 0b 1f 9c 16 40 00 71 00 00 ff 00 00 00 00 00 00 00 00 00 ff 00 00 00 00 00 00 00 00 00 ff 00 00 00 00 00 00 00 00 00 ff 00 00 00 00 00 00 00 00 02 00 00
  5852 ms  64 B  05 07 00 b8 19 6b 17 40 00 71 00 07 02 f8 1e a4 16 40 00 71 00 00 ff 00 00 00 00 00 00 00 00 00 ff 00 00 00 00 00 00 00 00 00 ff 00 00 00 00 00 00 00 00 00 ff 00 00 00 00 00 00 00 00 02 00 00
  5853 ms  64 B  05 07 00 a3 19 6f 17 40 00 71 00 07 02 e5 1e ac 16 40 00 71 00 00 ff 00 00 00 00 00 00 00 00 00 ff 00 00 00 00 00 00 00 00 00 ff 00 00 00 00 00 00 00 00 00 ff 00 00 00 00 00 00 00 00 02 00 00
  5854 ms  64 B  05 07 00 90 19 71 17 40 00 71 00 07 02 d3 1e b5 16 40 00 71 00 00 ff 00 00 00 00 00 00 00 00 00 ff 00 00 00 00 00 00 00 00 00 ff 00 00 00 00 00 00 00 00 00 ff 00 00 00 00 00 00 00 00 02 00 00
  5860 ms  64 B  05 07 00 7e 19 75 17 40 00 71 00 07 02 c2 1e bb 16 40 00 71 00 00 ff 00 00 00 00 00 00 00 00 00 ff 00 00 00 00 00 00 00 00 00 ff 00 00 00 00 00 00 00 00 00 ff 00 00 00 00 00 00 00 00 02 00 00
  5861 ms  64 B  05 07 00 6e 19 79 17 40 00 71 00 07 02 b1 1e bf 16 40 00 71 00 00 ff 00 00 00 00 00 00 00 00 00 ff 00 00 00 00 00 00 00 00 00 ff 00 00 00 00 00 00 00 00 00 ff 00 00 00 00 00 00 00 00 02 00 00
  5862 ms  64 B  05 07 00 5e 19 7d 17 40 00 71 00 07 02 a1 1e c2 16 40 00 71 00 00 ff 00 00 00 00 00 00 00 00 00 ff 00 00 00 00 00 00 00 00 00 ff 00 00 00 00 00 00 00 00 00 ff 00 00 00 00 00 00 00 00 02 00 00
  5867 ms  64 B  05 07 00 4d 19 83 17 40 00 71 00 07 02 92 1e c4 16 40 00 71 00 00 ff 00 00 00 00 00 00 00 00 00 ff 00 00 00 00 00 00 00 00 00 ff 00 00 00 00 00 00 00 00 00 ff 00 00 00 00 00 00 00 00 02 00 00
  5868 ms  64 B  05 07 00 3d 19 8c 17 40 00 71 00 07 02 84 1e c3 16 40 00 71 00 00 ff 00 00 00 00 00 00 00 00 00 ff 00 00 00 00 00 00 00 00 00 ff 00 00 00 00 00 00 00 00 00 ff 00 00 00 00 00 00 00 00 02 00 00
  5869 ms  64 B  05 07 00 2d 19 96 17 40 00 71 00 07 02 77 1e c2 16 40 00 71 00 00 ff 00 00 00 00 00 00 00 00 00 ff 00 00 00 00 00 00 00 00 00 ff 00 00 00 00 00 00 00 00 00 ff 00 00 00 00 00 00 00 00 02 00 00
  5875 ms  64 B  05 07 00 1c 19 99 17 40 00 71 00 07 02 6b 1e c2 16 40 00 71 00 00 ff 00 00 00 00 00 00 00 00 00 ff 00 00 00 00 00 00 00 00 00 ff 00 00 00 00 00 00 00 00 00 ff 00 00 00 00 00 00 00 00 02 00 00
  5876 ms  64 B  05 07 00 0a 19 99 17 40 00 71 00 07 02 5f 1e c2 16 40 00 71 00 00 ff 00 00 00 00 00 00 00 00 00 ff 00 00 00 00 00 00 00 00 00 ff 00 00 00 00 00 00 00 00 00 ff 00 00 00 00 00 00 00 00 02 00 00
  5877 ms  64 B  05 07 00 f5 18 96 17 40 00 71 00 07 02 54 1e c2 16 40 00 71 00 00 ff 00 00 00 00 00 00 00 00 00 ff 00 00 00 00 00 00 00 00 00 ff 00 00 00 00 00 00 00 00 00 ff 00 00 00 00 00 00 00 00 02 00 00
  5882 ms  64 B  05 07 00 e5 18 96 17 40 00 71 00 07 02 47 1e c4 16 40 00 71 00 00 ff 00 00 00 00 00 00 00 00 00 ff 00 00 00 00 00 00 00 00 00 ff 00 00 00 00 00 00 00 00 00 ff 00 00 00 00 00 00 00 00 02 00 00
  5883 ms  64 B  05 07 00 d7 18 96 17 40 00 71 00 07 02 3a 1e c8 16 40 00 71 00 00 ff 00 00 00 00 00 00 00 00 00 ff 00 00 00 00 00 00 00 00 00 ff 00 00 00 00 00 00 00 00 00 ff 00 00 00 00 00 00 00 00 02 00 00
  5884 ms  64 B  05 07 00 cb 18 96 17 40 00 71 00 07 02 2a 1e ce 16 40 00 71 00 00 ff 00 00 00 00 00 00 00 00 00 ff 00 00 00 00 00 00 00 00 00 ff 00 00 00 00 00 00 00 00 00 ff 00 00 00 00 00 00 00 00 02 00 00
  5890 ms  64 B  05 07 00 bf 18 96 17 40 00 71 00 07 02 1c 1e d0 16 40 00 71 00 00 ff 00 00 00 00 00 00 00 00 00 ff 00 00 00 00 00 00 00 00 00 ff 00 00 00 00 00 00 00 00 00 ff 00 00 00 00 00 00 00 00 02 00 00
  5891 ms  64 B  05 07 00 b4 18 96 17 40 00 71 00 07 02 0e 1e d0 16 40 00 71 00 00 ff 00 00 00 00 00 00 00 00 00 ff 00 00 00 00 00 00 00 00 00 ff 00 00 00 00 00 00 00 00 00 ff 00 00 00 00 00 00 00 00 02 00 00
  5892 ms  64 B  05 07 00 a9 18 96 17 40 00 71 00 07 02 00 1e ce 16 40 00 71 00 00 ff 00 00 00 00 00 00 00 00 00 ff 00 00 00 00 00 00 00 00 00 ff 00 00 00 00 00 00 00 00 00 ff 00 00 00 00 00 00 00 00 02 00 00
  5897 ms  64 B  05 07 00 9c 18 96 17 40 00 71 00 07 02 f3 1d d1 16 40 00 71 00 00 ff 00 00 00 00 00 00 00 00 00 ff 00 00 00 00 00 00 00 00 00 ff 00 00 00 00 00 00 00 00 00 ff 00 00 00 00 00 00 00 00 02 00 00
  5898 ms  64 B  05 07 00 8e 18 96 17 40 00 71 00 07 02 e4 1d d6 16 40 00 71 00 00 ff 00 00 00 00 00 00 00 00 00 ff 00 00 00 00 00 00 00 00 00 ff 00 00 00 00 00 00 00 00 00 ff 00 00 00 00 00 00 00 00 02 00 00
  5899 ms  64 B  05 07 00 7e 18 96 17 40 00 71 00 07 02 d5 1d db 16 40 00 71 00 00 ff 00 00 00 00 00 00 00 00 00 ff 00 00 00 00 00 00 00 00 00 ff 00 00 00 00 00 00 00 00 00 ff 00 00 00 00 00 00 00 00 02 00 00
  5905 ms  64 B  05 07 00 72 18 94 17 40 00 71 00 07 02 c6 1d dd 16 40 00 71 00 00 ff 00 00 00 00 00 00 00 00 00 ff 00 00 00 00 00 00 00 00 00 ff 00 00 00 00 00 00 00 00 00 ff 00 00 00 00 00 00 00 00 02 00 00
  5906 ms  64 B  05 07 00 66 18 90 17 40 00 71 00 07 02 b7 1d dc 16 40 00 71 00 00 ff 00 00 00 00 00 00 00 00 00 ff 00 00 00 00 00 00 00 00 00 ff 00 00 00 00 00 00 00 00 00 ff 00 00 00 00 00 00 00 00 02 00 00
  5907 ms  64 B  05 07 00 5b 18 8a 17 40 00 71 00 07 02 a5 1d db 16 40 00 71 00 00 ff 00 00 00 00 00 00 00 00 00 ff 00 00 00 00 00 00 00 00 00 ff 00 00 00 00 00 00 00 00 00 ff 00 00 00 00 00 00 00 00 02 00 00
  5912 ms  64 B  05 07 00 50 18 8b 17 40 00 71 00 07 02 96 1d db 16 40 00 71 00 00 ff 00 00 00 00 00 00 00 00 00 ff 00 00 00 00 00 00 00 00 00 ff 00 00 00 00 00 00 00 00 00 ff 00 00 00 00 00 00 00 00 02 00 00
  5913 ms  64 B  05 07 00 44 18 8f 17 40 00 71 00 07 02 88 1d db 16 40 00 71 00 00 ff 00 00 00 00 00 00 00 00 00 ff 00 00 00 00 00 00 00 00 00 ff 00 00 00 00 00 00 00 00 00 ff 00 00 00 00 00 00 00 00 02 00 00
  5914 ms  64 B  05 07 00 38 18 96 17 40 00 71 00 07 02 7b 1d db 16 40 00 71 00 00 ff 00 00 00 00 00 00 00 00 00 ff 00 00 00 00 00 00 00 00 00 ff 00 00 00 00 00 00 00 00 00 ff 00 00 00 00 00 00 00 00 02 00 00
  5920 ms  64 B  05 07 00 2d 18 98 17 40 00 71 00 07 02 6f 1d db 16 40 00 71 00 00 ff 00 00 00 00 00 00 00 00 00 ff 00 00 00 00 00 00 00 00 00 ff 00 00 00 00 00 00 00 00 00 ff 00 00 00 00 00 00 00 00 02 00 00
  5921 ms  64 B  05 07 00 21 18 98 17 40 00 71 00 07 02 63 1d db 16 40 00 71 00 00 ff 00 00 00 00 00 00 00 00 00 ff 00 00 00 00 00 00 00 00 00 ff 00 00 00 00 00 00 00 00 00 ff 00 00 00 00 00 00 00 00 02 00 00
  5922 ms  64 B  05 07 00 15 18 96 17 40 00 71 00 07 02 58 1d db 16 40 00 71 00 00 ff 00 00 00 00 00 00 00 00 00 ff 00 00 00 00 00 00 00 00 00 ff 00 00 00 00 00 00 00 00 00 ff 00 00 00 00 00 00 00 00 02 00 00
  5927 ms  64 B  05 07 00 0a 18 99 17 40 00 71 00 07 02 4d 1d dd 16 40 00 71 00 00 ff 00 00 00 00 00 00 00 00 00 ff 00 00 00 00 00 00 00 00 00 ff 00 00 00 00 00 00 00 00 00 ff 00 00 00 00 00 00 00 00 02 00 00
  5928 ms  64 B  05 07 00 fe 17 9e 17 40 00 71 00 07 02 41 1d e1 16 40 00 71 00 00 ff 00 00 00 00 00 00 00 00 00 ff 00 00 00 00 00 00 00 00 00 ff 00 00 00 00 00 00 00 00 00 ff 00 00 00 00 00 00 00 00 02 00 00
  5929 ms  64 B  05 07 00 f2 17 a3 17 40 00 71 00 07 02 35 1d e7 16 40 00 71 00 00 ff 00 00 00 00 00 00 00 00 00 ff 00 00 00 00 00 00 00 00 00 ff 00 00 00 00 00 00 00 00 00 ff 00 00 00 00 00 00 00 00 02 00 00
  5935 ms  64 B  05 07 00 e7 17 a8 17 40 00 71 00 07 02 2a 1d e9 16 40 00 71 00 00 ff 00 00 00 00 00 00 00 00 00 ff 00 00 00 00 00 00 00 00 00 ff 00 00 00 00 00 00 00 00 00 ff 00 00 00 00 00 00 00 00 02 00 00
  5936 ms  64 B  05 07 00 db 17 ab 17 40 00 71 00 07 02 1e 1d e9 16 40 00 71 00 00 ff 00 00 00 00 00 00 00 00 00 ff 00 00 00 00 00 00 00 00 00 ff 00 00 00 00 00 00 00 00 00 ff 00 00 00 00 00 00 00 00 02 00 00
  5937 ms  64 B  05 07 00 cf 17 af 17 40 00 71 00 07 02 12 1d e7 16 40 00 71 00 00 ff 00 00 00 00 00 00 00 00 00 ff 00 00 00 00 00 00 00 00 00 ff 00 00 00 00 00 00 00 00 00 ff 00 00 00 00 00 00 00 00 02 00 00
  5943 ms  64 B  05 07 00 c4 17 b2 17 40 00 71 00 07 02 08 1d e9 16 40 00 71 00 00 ff 00 00 00 00 00 00 00 00 00 ff 00 00 00 00 00 00 00 00 00 ff 00 00 00 00 00 00 00 00 00 ff 00 00 00 00 00 00 00 00 02 00 00
  5944 ms  64 B  05 07 00 b8 17 b7 17 40 00 71 00 07 02 fe 1c ed 16 40 00 71 00 00 ff 00 00 00 00 00 00 00 00 00 ff 00 00 00 00 00 00 00 00 00 ff 00 00 00 00 00 00 00 00 00 ff 00 00 00 00 00 00 00 00 02 00 00
  5945 ms  64 B  05 07 00 ab 17 bc 17 40 00 71 00 07 02 f5 1c f3 16 40 00 71 00 00 ff 00 00 00 00 00 00 00 00 00 ff 00 00 00 00 00 00 00 00 00 ff 00 00 00 00 00 00 00 00 00 ff 00 00 00 00 00 00 00 00 02 00 00
  5950 ms  64 B  05 07 00 a1 17 be 17 40 00 71 00 07 02 eb 1c f5 16 40 00 71 00 00 ff 00 00 00 00 00 00 00 00 00 ff 00 00 00 00 00 00 00 00 00 ff 00 00 00 00 00 00 00 00 00 ff 00 00 00 00 00 00 00 00 02 00 00
  5951 ms  64 B  05 07 00 98 17 bd 17 40 00 71 00 07 02 e2 1c f5 16 40 00 71 00 00 ff 00 00 00 00 00 00 00 00 00 ff 00 00 00 00 00 00 00 00 00 ff 00 00 00 00 00 00 00 00 00 ff 00 00 00 00 00 00 00 00 02 00 00
  5952 ms  64 B  05 07 00 8f 17 bc 17 40 00 71 00 07 02 d9 1c f3 16 40 00 71 00 00 ff 00 00 00 00 00 00 00 00 00 ff 00 00 00 00 00 00 00 00 00 ff 00 00 00 00 00 00 00 00 00 ff 00 00 00 00 00 00 00 00 02 00 00
  5958 ms  64 B  05 07 00 85 17 bc 17 40 00 71 00 07 02 d0 1c f3 16 40 00 71 00 00 ff 00 00 00 00 00 00 00 00 00 ff 00 00 00 00 00 00 00 00 00 ff 00 00 00 00 00 00 00 00 00 ff 00 00 00 00 00 00 00 00 02 00 00
  5959 ms  64 B  05 07 00 7a 17 bc 17 40 00 71 00 07 02 c7 1c f3 16 40 00 71 00 00 ff 00 00 00 00 00 00 00 00 00 ff 00 00 00 00 00 00 00 00 00 ff 00 00 00 00 00 00 00 00 00 ff 00 00 00 00 00 00 00 00 02 00 00
  5960 ms  64 B  05 07 00 6c 17 bc 17 40 00 71 00 07 02 bd 1c f3 16 40 00 71 00 00 ff 00 00 00 00 00 00 00 00 00 ff 00 00 00 00 00 00 00 00 00 ff 00 00 00 00 00 00 00 00 00 ff 00 00 00 00 00 00 00 00 02 00 00
  5965 ms  64 B  05 07 00 62 17 bc 17 40 00 71 00 07 02 b5 1c f6 16 40 00 71 00 00 ff 00 00 00 00 00 00 00 00 00 ff 00 00 00 00 00 00 00 00 00 ff 00 00 00 00 00 00 00 00 00 ff 00 00 00 00 00 00 00 00 02 00 00
  5966 ms  64 B  05 07 00 58 17 bc 17 40 00 71 00 07 02 ae 1c fb 16 40 00 71 00 00 ff 00 00 00 00 00 00 00 00 00 ff 00 00 00 00 00 00 00 00 00 ff 00 00 00 00 00 00 00 00 00 ff 00 00 00 00 00 00 00 00 02 00 00
  5967 ms  64 B  05 07 00 50 17 bc 17 40 00 71 00 07 02 a8 1c 00 17 40 00 71 00 00 ff 00 00 00 00 00 00 00 00 00 ff 00 00 00 00 00 00 00 00 00 ff 00 00 00 00 00 00 00 00 00 ff 00 00 00 00 00 00 00 00 02 00 00
  5973 ms  64 B  05 07 00 46 17 bc 17 40 00 71 00 07 02 a0 1c 02 17 40 00 71 00 00 ff 00 00 00 00 00 00 00 00 00 ff 00 00 00 00 00 00 00 00 00 ff 00 00 00 00 00 00 00 00 00 ff 00 00 00 00 00 00 00 00 02 00 00
  5974 ms  64 B  05 07 00 3b 17 bc 17 40 00 71 00 07 02 97 1c 01 17 40 00 71 00 00 ff 00 00 00 00 00 00 00 00 00 ff 00 00 00 00 00 00 00 00 00 ff 00 00 00 00 00 00 00 00 00 ff 00 00 00 00 00 00 00 00 02 00 00
  5975 ms  64 B  05 07 00 2d 17 bc 17 40 00 71 00 07 02 8c 1c 00 17 40 00 71 00 00 ff 00 00 00 00 00 00 00 00 00 ff 00 00 00 00 00 00 00 00 00 ff 00 00 00 00 00 00 00 00 00 ff 00 00 00 00 00 00 00 00 02 00 00
  5980 ms  64 B  05 07 00 23 17 bc 17 40 00 71 00 07 02 84 1c 00 17 40 00 71 00 00 ff 00 00 00 00 00 00 00 00 00 ff 00 00 00 00 00 00 00 00 00 ff 00 00 00 00 00 00 00 00 00 ff 00 00 00 00 00 00 00 00 02 00 00
  5981 ms  64 B  05 07 00 19 17 bc 17 40 00 71 00 07 02 7d 1c 00 17 40 00 71 00 00 ff 00 00 00 00 00 00 00 00 00 ff 00 00 00 00 00 00 00 00 00 ff 00 00 00 00 00 00 00 00 00 ff 00 00 00 00 00 00 00 00 02 00 00
  5982 ms  64 B  05 07 00 11 17 bc 17 40 00 71 00 07 02 77 1c 00 17 40 00 71 00 00 ff 00 00 00 00 00 00 00 00 00 ff 00 00 00 00 00 00 00 00 00 ff 00 00 00 00 00 00 00 00 00 ff 00 00 00 00 00 00 00 00 02 00 00
  5988 ms  64 B  05 07 00 07 17 bc 17 40 00 71 00 07 02 72 1c 02 17 40 00 71 00 00 ff 00 00 00 00 00 00 00 00 00 ff 00 00 00 00 00 00 00 00 00 ff 00 00 00 00 00 00 00 00 00 ff 00 00 00 00 00 00 00 00 02 00 00
  5989 ms  64 B  05 07 00 ff 16 bc 17 40 00 71 00 07 02 6d 1c 06 17 40 00 71 00 00 ff 00 00 00 00 00 00 00 00 00 ff 00 00 00 00 00 00 00 00 00 ff 00 00 00 00 00 00 00 00 00 ff 00 00 00 00 00 00 00 00 02 00 00
  5990 ms  64 B  05 07 00 f6 16 bc 17 40 00 71 00 07 02 69 1c 0c 17 40 00 71 00 00 ff 00 00 00 00 00 00 00 00 00 ff 00 00 00 00 00 00 00 00 00 ff 00 00 00 00 00 00 00 00 00 ff 00 00 00 00 00 00 00 00 02 00 00
  5995 ms  64 B  05 07 00 ee 16 bc 17 40 00 71 00 07 02 63 1c 0e 17 40 00 71 00 00 ff 00 00 00 00 00 00 00 00 00 ff 00 00 00 00 00 00 00 00 00 ff 00 00 00 00 00 00 00 00 00 ff 00 00 00 00 00 00 00 00 02 00 00
  5996 ms  64 B  05 07 00 e7 16 bc 17 40 00 71 00 07 02 5d 1c 0e 17 40 00 71 00 00 ff 00 00 00 00 00 00 00 00 00 ff 00 00 00 00 00 00 00 00 00 ff 00 00 00 00 00 00 00 00 00 ff 00 00 00 00 00 00 00 00 02 00 00
  5997 ms  64 B  05 07 00 e1 16 bc 17 40 00 71 00 07 02 54 1c 0c 17 40 00 71 00 00 ff 00 00 00 00 00 00 00 00 00 ff 00 00 00 00 00 00 00 00 00 ff 00 00 00 00 00 00 00 00 00 ff 00 00 00 00 00 00 00 00 02 00 00
  6003 ms  64 B  05 07 00 d9 16 bc 17 40 00 71 00 07 02 4f 1c 0c 17 40 00 71 00 00 ff 00 00 00 00 00 00 00 00 00 ff 00 00 00 00 00 00 00 00 00 ff 00 00 00 00 00 00 00 00 00 ff 00 00 00 00 00 00 00 00 02 00 00
  6004 ms  64 B  05 07 00 cf 16 bc 17 40 00 71 00 07 02 4a 1c 0c 17 40 00 71 00 00 ff 00 00 00 00 00 00 00 00 00 ff 00 00 00 00 00 00 00 00 00 ff 00 00 00 00 00 00 00 00 00 ff 00 00 00 00 00 00 00 00 02 00 00
  6005 ms  64 B  05 07 00 c4 16 bc 17 40 00 71 00 07 02 46 1c 0c 17 40 00 71 00 00 ff 00 00 00 00 00 00 00 00 00 ff 00 00 00 00 00 00 00 00 00 ff 00 00 00 00 00 00 00 00 00 ff 00 00 00 00 00 00 00 00 02 00 00
  6010 ms  64 B  05 07 00 bc 16 bc 17 40 00 71 00 07 02 42 1c 0f 17 40 00 71 00 00 ff 00 00 00 00 00 00 00 00 00 ff 00 00 00 00 00 00 00 00 00 ff 00 00 00 00 00 00 00 00 00 ff 00 00 00 00 00 00 00 00 02 00 00
  6011 ms  64 B  05 07 00 b5 16 bc 17 40 00 71 00 07 02 3d 1c 14 17 40 00 71 00 00 ff 00 00 00 00 00 00 00 00 00 ff 00 00 00 00 00 00 00 00 00 ff 00 00 00 00 00 00 00 00 00 ff 00 00 00 00 00 00 00 00 02 00 00
  6012 ms  64 B  05 07 00 af 16 bc 17 40 00 71 00 07 02 38 1c 1a 17 40 00 71 00 00 ff 00 00 00 00 00 00 00 00 00 ff 00 00 00 00 00 00 00 00 00 ff 00 00 00 00 00 00 00 00 00 ff 00 00 00 00 00 00 00 00 02 00 00
  6018 ms  64 B  05 07 00 a8 16 bc 17 40 00 71 00 07 02 34 1c 1f 17 40 00 71 00 00 ff 00 00 00 00 00 00 00 00 00 ff 00 00 00 00 00 00 00 00 00 ff 00 00 00 00 00 00 00 00 00 ff 00 00 00 00 00 00 00 00 02 00 00
  6019 ms  64 B  05 07 00 a1 16 bc 17 40 00 71 00 07 02 2f 1c 23 17 40 00 71 00 00 ff 00 00 00 00 00 00 00 00 00 ff 00 00 00 00 00 00 00 00 00 ff 00 00 00 00 00 00 00 00 00 ff 00 00 00 00 00 00 00 00 02 00 00
  6020 ms  64 B  05 07 00 9a 16 bc 17 40 00 71 00 07 02 2a 1c 26 17 40 00 71 00 00 ff 00 00 00 00 00 00 00 00 00 ff 00 00 00 00 00 00 00 00 00 ff 00 00 00 00 00 00 00 00 00 ff 00 00 00 00 00 00 00 00 02 00 00
  6025 ms  64 B  05 07 00 93 16 bc 17 40 00 71 00 07 02 24 1c 28 17 40 00 71 00 00 ff 00 00 00 00 00 00 00 00 00 ff 00 00 00 00 00 00 00 00 00 ff 00 00 00 00 00 00 00 00 00 ff 00 00 00 00 00 00 00 00 02 00 00
  6026 ms  64 B  05 07 00 8c 16 bc 17 40 00 71 00 07 02 1d 1c 28 17 40 00 71 00 00 ff 00 00 00 00 00 00 00 00 00 ff 00 00 00 00 00 00 00 00 00 ff 00 00 00 00 00 00 00 00 00 ff 00 00 00 00 00 00 00 00 02 00 00
  6027 ms  64 B  05 07 00 85 16 bc 17 40 00 71 00 07 02 14 1c 26 17 40 00 71 00 00 ff 00 00 00 00 00 00 00 00 00 ff 00 00 00 00 00 00 00 00 00 ff 00 00 00 00 00 00 00 00 00 ff 00 00 00 00 00 00 00 00 02 00 00
  6033 ms  64 B  05 07 00 80 16 be 17 40 00 71 00 07 02 10 1c 26 17 40 00 71 00 00 ff 00 00 00 00 00 00 00 00 00 ff 00 00 00 00 00 00 00 00 00 ff 00 00 00 00 00 00 00 00 00 ff 00 00 00 00 00 00 00 00 02 00 00
  6034 ms  64 B  05 07 00 7b 16 c2 17 40 00 71 00 07 02 0d 1c 26 17 40 00 71 00 00 ff 00 00 00 00 00 00 00 00 00 ff 00 00 00 00 00 00 00 00 00 ff 00 00 00 00 00 00 00 00 00 ff 00 00 00 00 00 00 00 00 02 00 00
  6035 ms  64 B  05 07 00 77 16 c8 17 40 00 71 00 07 02 0d 1c 26 17 40 00 71 00 00 ff 00 00 00 00 00 00 00 00 00 ff 00 00 00 00 00 00 00 00 00 ff 00 00 00 00 00 00 00 00 00 ff 00 00 00 00 00 00 00 00 02 00 00
  6040 ms  64 B  05 07 00 73 16 ca 17 40 00 71 00 07 02 0a 1c 29 17 40 00 71 00 00 ff 00 00 00 00 00 00 00 00 00 ff 00 00 00 00 00 00 00 00 00 ff 00 00 00 00 00 00 00 00 00 ff 00 00 00 00 00 00 00 00 02 00 00
  6041 ms  64 B  05 07 00 6e 16 ca 17 40 00 71 00 07 02 06 1c 2e 17 40 00 71 00 00 ff 00 00 00 00 00 00 00 00 00 ff 00 00 00 00 00 00 00 00 00 ff 00 00 00 00 00 00 00 00 00 ff 00 00 00 00 00 00 00 00 02 00 00
  6042 ms  64 B  05 07 00 69 16 c8 17 40 00 71 00 07 02 00 1c 33 17 40 00 71 00 00 ff 00 00 00 00 00 00 00 00 00 ff 00 00 00 00 00 00 00 00 00 ff 00 00 00 00 00 00 00 00 00 ff 00 00 00 00 00 00 00 00 02 00 00
  6048 ms  64 B  05 07 00 67 16 c8 17 40 00 71 00 07 02 fe 1b 35 17 40 00 71 00 00 ff 00 00 00 00 00 00 00 00 00 ff 00 00 00 00 00 00 00 00 00 ff 00 00 00 00 00 00 00 00 00 ff 00 00 00 00 00 00 00 00 02 00 00
  6049 ms  64 B  05 07 00 67 16 c8 17 40 00 71 00 07 02 ff 1b 34 17 40 00 71 00 00 ff 00 00 00 00 00 00 00 00 00 ff 00 00 00 00 00 00 00 00 00 ff 00 00 00 00 00 00 00 00 00 ff 00 00 00 00 00 00 00 00 02 00 00
  6050 ms  64 B  05 07 00 69 16 c8 17 40 00 71 00 07 02 00 1c 33 17 40 00 71 00 00 ff 00 00 00 00 00 00 00 00 00 ff 00 00 00 00 00 00 00 00 00 ff 00 00 00 00 00 00 00 00 00 ff 00 00 00 00 00 00 00 00 02 00 00
  6056 ms  64 B  05 07 00 67 16 c8 17 40 00 71 00 07 02 fe 1b 35 17 40 00 71 00 00 ff 00 00 00 00 00 00 00 00 00 ff 00 00 00 00 00 00 00 00 00 ff 00 00 00 00 00 00 00 00 00 ff 00 00 00 00 00 00 00 00 02 00 00
  6057 ms  64 B  05 07 00 65 16 c8 17 40 00 71 00 07 02 fc 1b 39 17 40 00 71 00 00 ff 00 00 00 00 00 00 00 00 00 ff 00 00 00 00 00 00 00 00 00 ff 00 00 00 00 00 00 00 00 00 ff 00 00 00 00 00 00 00 00 02 00 00
  6058 ms  64 B  05 07 00 62 16 c8 17 40 00 71 00 07 02 f9 1b 3f 17 40 00 71 00 00 ff 00 00 00 00 00 00 00 00 00 ff 00 00 00 00 00 00 00 00 00 ff 00 00 00 00 00 00 00 00 00 ff 00 00 00 00 00 00 00 00 02 00 00
  6063 ms  64 B  05 07 00 61 16 cb 17 40 00 71 00 07 02 f8 1b 41 17 40 00 71 00 00 ff 00 00 00 00 00 00 00 00 00 ff 00 00 00 00 00 00 00 00 00 ff 00 00 00 00 00 00 00 00 00 ff 00 00 00 00 00 00 00 00 02 00 00
  6064 ms  64 B  05 07 00 61 16 d0 17 40 00 71 00 07 02 f8 1b 41 17 40 00 71 00 00 ff 00 00 00 00 00 00 00 00 00 ff 00 00 00 00 00 00 00 00 00 ff 00 00 00 00 00 00 00 00 00 ff 00 00 00 00 00 00 00 00 02 00 00
  6065 ms  64 B  05 07 00 62 16 d5 17 40 00 71 00 07 02 f9 1b 3f 17 40 00 71 00 00 ff 00 00 00 00 00 00 00 00 00 ff 00 00 00 00 00 00 00 00 00 ff 00 00 00 00 00 00 00 00 00 ff 00 00 00 00 00 00 00 00 02 00 00
  6071 ms  64 B  05 07 00 62 16 d7 17 40 00 71 00 07 02 f9 1b 3f 17 40 00 71 00 00 ff 00 00 00 00 00 00 00 00 00 ff 00 00 00 00 00 00 00 00 00 ff 00 00 00 00 00 00 00 00 00 ff 00 00 00 00 00 00 00 00 02 00 00
  6072 ms  64 B  05 07 00 62 16 d6 17 40 00 71 00 07 02 f9 1b 3f 17 40 00 71 00 00 ff 00 00 00 00 00 00 00 00 00 ff 00 00 00 00 00 00 00 00 00 ff 00 00 00 00 00 00 00 00 00 ff 00 00 00 00 00 00 00 00 02 00 00
  6073 ms  64 B  05 07 00 62 16 d5 17 40 00 71 00 07 02 f9 1b 3f 17 40 00 71 00 00 ff 00 00 00 00 00 00 00 00 00 ff 00 00 00 00 00 00 00 00 00 ff 00 00 00 00 00 00 00 00 00 ff 00 00 00 00 00 00 00 00 02 00 00
  6078 ms  64 B  05 07 00 62 16 d5 17 40 00 71 00 07 02 f7 1b 3f 17 40 00 71 00 00 ff 00 00 00 00 00 00 00 00 00 ff 00 00 00 00 00 00 00 00 00 ff 00 00 00 00 00 00 00 00 00 ff 00 00 00 00 00 00 00 00 02 00 00
  6079 ms  64 B  05 07 00 62 16 d5 17 40 00 71 00 07 02 f5 1b 3f 17 40 00 71 00 00 ff 00 00 00 00 00 00 00 00 00 ff 00 00 00 00 00 00 00 00 00 ff 00 00 00 00 00 00 00 00 00 ff 00 00 00 00 00 00 00 00 02 00 00
  6080 ms  64 B  05 07 00 62 16 d5 17 40 00 71 00 07 02 f2 1b 3f 17 40 00 71 00 00 ff 00 00 00 00 00 00 00 00 00 ff 00 00 00 00 00 00 00 00 00 ff 00 00 00 00 00 00 00 00 00 ff 00 00 00 00 00 00 00 00 02 00 00
  6086 ms  64 B  05 07 00 64 16 d5 17 40 00 71 00 07 02 f3 1b 3f 17 40 00 71 00 00 ff 00 00 00 00 00 00 00 00 00 ff 00 00 00 00 00 00 00 00 00 ff 00 00 00 00 00 00 00 00 00 ff 00 00 00 00 00 00 00 00 02 00 00
  6087 ms  64 B  05 07 00 66 16 d5 17 40 00 71 00 07 02 f5 1b 3f 17 40 00 71 00 00 ff 00 00 00 00 00 00 00 00 00 ff 00 00 00 00 00 00 00 00 00 ff 00 00 00 00 00 00 00 00 00 ff 00 00 00 00 00 00 00 00 02 00 00
  6088 ms  64 B  05 07 00 69 16 d5 17 40 00 71 00 07 02 f9 1b 3f 17 40 00 71 00 00 ff 00 00 00 00 00 00 00 00 00 ff 00 00 00 00 00 00 00 00 00 ff 00 00 00 00 00 00 00 00 00 ff 00 00 00 00 00 00 00 00 02 00 00
  6093 ms  64 B  05 07 00 6a 16 d5 17 40 00 71 00 07 02 fa 1b 3d 17 40 00 71 00 00 ff 00 00 00 00 00 00 00 00 00 ff 00 00 00 00 00 00 00 00 00 ff 00 00 00 00 00 00 00 00 00 ff 00 00 00 00 00 00 00 00 02 00 00
  6094 ms  64 B  05 07 00 6a 16 d5 17 40 00 71 00 07 02 fa 1b 39 17 40 00 71 00 00 ff 00 00 00 00 00 00 00 00 00 ff 00 00 00 00 00 00 00 00 00 ff 00 00 00 00 00 00 00 00 00 ff 00 00 00 00 00 00 00 00 02 00 00
  6095 ms  64 B  05 07 00 69 16 d5 17 40 00 71 00 07 02 f9 1b 33 17 40 00 71 00 00 ff 00 00 00 00 00 00 00 00 00 ff 00 00 00 00 00 00 00 00 00 ff 00 00 00 00 00 00 00 00 00 ff 00 00 00 00 00 00 00 00 02 00 00
  6101 ms  64 B  05 07 00 69 16 d5 17 40 00 71 00 07 02 f9 1b 31 17 40 00 71 00 00 ff 00 00 00 00 00 00 00 00 00 ff 00 00 00 00 00 00 00 00 00 ff 00 00 00 00 00 00 00 00 00 ff 00 00 00 00 00 00 00 00 02 00 00
           … repeated 1×
  6103 ms  64 B  05 07 00 69 16 d5 17 40 00 71 00 07 02 f9 1b 33 17 40 00 71 00 00 ff 00 00 00 00 00 00 00 00 00 ff 00 00 00 00 00 00 00 00 00 ff 00 00 00 00 00 00 00 00 00 ff 00 00 00 00 00 00 00 00 02 00 00
           … repeated 3×
  6116 ms  64 B  05 07 00 6b 16 d5 17 40 00 71 00 07 02 f9 1b 33 17 40 00 71 00 00 ff 00 00 00 00 00 00 00 00 00 ff 00 00 00 00 00 00 00 00 00 ff 00 00 00 00 00 00 00 00 00 ff 00 00 00 00 00 00 00 00 02 00 00
  6117 ms  64 B  05 07 00 6d 16 d5 17 40 00 71 00 07 02 f9 1b 33 17 40 00 71 00 00 ff 00 00 00 00 00 00 00 00 00 ff 00 00 00 00 00 00 00 00 00 ff 00 00 00 00 00 00 00 00 00 ff 00 00 00 00 00 00 00 00 02 00 00
  6118 ms  64 B  05 07 00 70 16 d5 17 40 00 71 00 07 02 f9 1b 33 17 40 00 71 00 00 ff 00 00 00 00 00 00 00 00 00 ff 00 00 00 00 00 00 00 00 00 ff 00 00 00 00 00 00 00 00 00 ff 00 00 00 00 00 00 00 00 02 00 00
  6123 ms  64 B  05 07 00 71 16 d5 17 40 00 71 00 07 02 f9 1b 33 17 40 00 71 00 00 ff 00 00 00 00 00 00 00 00 00 ff 00 00 00 00 00 00 00 00 00 ff 00 00 00 00 00 00 00 00 00 ff 00 00 00 00 00 00 00 00 02 00 00
           … repeated 1×
  6125 ms  64 B  05 07 00 70 16 d5 17 40 00 71 00 07 02 f9 1b 33 17 40 00 71 00 00 ff 00 00 00 00 00 00 00 00 00 ff 00 00 00 00 00 00 00 00 00 ff 00 00 00 00 00 00 00 00 00 ff 00 00 00 00 00 00 00 00 02 00 00
  6131 ms  64 B  05 07 00 70 16 d5 17 40 00 71 00 07 02 fb 1b 33 17 40 00 71 00 00 ff 00 00 00 00 00 00 00 00 00 ff 00 00 00 00 00 00 00 00 00 ff 00 00 00 00 00 00 00 00 00 ff 00 00 00 00 00 00 00 00 02 00 00
  6132 ms  64 B  05 07 00 70 16 d5 17 40 00 71 00 07 02 fd 1b 33 17 40 00 71 00 00 ff 00 00 00 00 00 00 00 00 00 ff 00 00 00 00 00 00 00 00 00 ff 00 00 00 00 00 00 00 00 00 ff 00 00 00 00 00 00 00 00 02 00 00
  6133 ms  64 B  05 07 00 70 16 d5 17 40 00 71 00 07 02 00 1c 33 17 40 00 71 00 00 ff 00 00 00 00 00 00 00 00 00 ff 00 00 00 00 00 00 00 00 00 ff 00 00 00 00 00 00 00 00 00 ff 00 00 00 00 00 00 00 00 02 00 00
  6138 ms  64 B  05 07 00 70 16 d5 17 40 00 71 00 07 02 01 1c 33 17 40 00 71 00 00 ff 00 00 00 00 00 00 00 00 00 ff 00 00 00 00 00 00 00 00 00 ff 00 00 00 00 00 00 00 00 00 ff 00 00 00 00 00 00 00 00 02 00 00
           … repeated 1×
  6140 ms  64 B  05 07 00 70 16 d5 17 40 00 71 00 07 02 00 1c 33 17 40 00 71 00 00 ff 00 00 00 00 00 00 00 00 00 ff 00 00 00 00 00 00 00 00 00 ff 00 00 00 00 00 00 00 00 00 ff 00 00 00 00 00 00 00 00 02 00 00
           … repeated 9×
  6169 ms  64 B  05 07 00 72 16 d5 17 40 00 71 00 07 02 02 1c 33 17 40 00 71 00 00 ff 00 00 00 00 00 00 00 00 00 ff 00 00 00 00 00 00 00 00 00 ff 00 00 00 00 00 00 00 00 00 ff 00 00 00 00 00 00 00 00 02 00 00
  6170 ms  64 B  05 07 00 74 16 d5 17 40 00 71 00 07 02 04 1c 33 17 40 00 71 00 00 ff 00 00 00 00 00 00 00 00 00 ff 00 00 00 00 00 00 00 00 00 ff 00 00 00 00 00 00 00 00 00 ff 00 00 00 00 00 00 00 00 02 00 00
  6171 ms  64 B  05 07 00 77 16 d5 17 40 00 71 00 07 02 07 1c 33 17 40 00 71 00 00 ff 00 00 00 00 00 00 00 00 00 ff 00 00 00 00 00 00 00 00 00 ff 00 00 00 00 00 00 00 00 00 ff 00 00 00 00 00 00 00 00 02 00 00
  6176 ms  64 B  05 07 00 78 16 d5 17 40 00 71 00 07 02 08 1c 33 17 40 00 71 00 00 ff 00 00 00 00 00 00 00 00 00 ff 00 00 00 00 00 00 00 00 00 ff 00 00 00 00 00 00 00 00 00 ff 00 00 00 00 00 00 00 00 02 00 00
           … repeated 1×
  6178 ms  64 B  05 07 00 77 16 d5 17 40 00 71 00 07 02 07 1c 33 17 40 00 71 00 00 ff 00 00 00 00 00 00 00 00 00 ff 00 00 00 00 00 00 00 00 00 ff 00 00 00 00 00 00 00 00 00 ff 00 00 00 00 00 00 00 00 02 00 00
  6184 ms  64 B  05 07 00 77 16 d2 17 40 00 71 00 07 02 07 1c 33 17 40 00 71 00 00 ff 00 00 00 00 00 00 00 00 00 ff 00 00 00 00 00 00 00 00 00 ff 00 00 00 00 00 00 00 00 00 ff 00 00 00 00 00 00 00 00 02 00 00
  6185 ms  64 B  05 07 00 77 16 cd 17 40 00 71 00 07 02 07 1c 33 17 40 00 71 00 00 ff 00 00 00 00 00 00 00 00 00 ff 00 00 00 00 00 00 00 00 00 ff 00 00 00 00 00 00 00 00 00 ff 00 00 00 00 00 00 00 00 02 00 00
  6186 ms  64 B  05 07 00 77 16 c8 17 40 00 71 00 07 02 07 1c 33 17 40 00 71 00 00 ff 00 00 00 00 00 00 00 00 00 ff 00 00 00 00 00 00 00 00 00 ff 00 00 00 00 00 00 00 00 00 ff 00 00 00 00 00 00 00 00 02 00 00
  6191 ms  64 B  05 07 00 77 16 c6 17 40 00 71 00 07 02 08 1c 33 17 40 00 71 00 00 ff 00 00 00 00 00 00 00 00 00 ff 00 00 00 00 00 00 00 00 00 ff 00 00 00 00 00 00 00 00 00 ff 00 00 00 00 00 00 00 00 02 00 00
  6192 ms  64 B  05 07 00 77 16 c7 17 40 00 71 00 07 02 0a 1c 33 17 40 00 71 00 00 ff 00 00 00 00 00 00 00 00 00 ff 00 00 00 00 00 00 00 00 00 ff 00 00 00 00 00 00 00 00 00 ff 00 00 00 00 00 00 00 00 02 00 00
  6193 ms  64 B  05 07 00 77 16 c8 17 40 00 71 00 07 02 0d 1c 33 17 40 00 71 00 00 ff 00 00 00 00 00 00 00 00 00 ff 00 00 00 00 00 00 00 00 00 ff 00 00 00 00 00 00 00 00 00 ff 00 00 00 00 00 00 00 00 02 00 00
  6199 ms  64 B  05 07 00 77 16 c8 17 40 00 71 00 07 02 0e 1c 33 17 40 00 71 00 00 ff 00 00 00 00 00 00 00 00 00 ff 00 00 00 00 00 00 00 00 00 ff 00 00 00 00 00 00 00 00 00 ff 00 00 00 00 00 00 00 00 02 00 00
           … repeated 1×
  6201 ms  64 B  05 07 00 77 16 c8 17 40 00 71 00 07 02 0d 1c 33 17 40 00 71 00 00 ff 00 00 00 00 00 00 00 00 00 ff 00 00 00 00 00 00 00 00 00 ff 00 00 00 00 00 00 00 00 00 ff 00 00 00 00 00 00 00 00 02 00 00
  6206 ms  64 B  05 07 00 77 16 c8 17 40 00 71 00 07 02 0d 1c 35 17 40 00 71 00 00 ff 00 00 00 00 00 00 00 00 00 ff 00 00 00 00 00 00 00 00 00 ff 00 00 00 00 00 00 00 00 00 ff 00 00 00 00 00 00 00 00 02 00 00
  6207 ms  64 B  05 07 00 77 16 c8 17 40 00 71 00 07 02 0d 1c 39 17 40 00 71 00 00 ff 00 00 00 00 00 00 00 00 00 ff 00 00 00 00 00 00 00 00 00 ff 00 00 00 00 00 00 00 00 00 ff 00 00 00 00 00 00 00 00 02 00 00
  6208 ms  64 B  05 07 00 77 16 c8 17 40 00 71 00 07 02 0d 1c 3f 17 40 00 71 00 00 ff 00 00 00 00 00 00 00 00 00 ff 00 00 00 00 00 00 00 00 00 ff 00 00 00 00 00 00 00 00 00 ff 00 00 00 00 00 00 00 00 02 00 00
  6214 ms  64 B  05 07 00 77 16 c8 17 40 00 71 00 07 02 0d 1c 41 17 40 00 71 00 00 ff 00 00 00 00 00 00 00 00 00 ff 00 00 00 00 00 00 00 00 00 ff 00 00 00 00 00 00 00 00 00 ff 00 00 00 00 00 00 00 00 02 00 00
           … repeated 1×
  6216 ms  64 B  05 07 00 77 16 c8 17 40 00 71 00 07 02 0d 1c 3f 17 40 00 71 00 00 ff 00 00 00 00 00 00 00 00 00 ff 00 00 00 00 00 00 00 00 00 ff 00 00 00 00 00 00 00 00 00 ff 00 00 00 00 00 00 00 00 02 00 00
           … repeated 12×
  6252 ms  64 B  05 07 00 77 16 c8 17 40 00 71 00 07 02 0f 1c 3f 17 40 00 71 00 00 ff 00 00 00 00 00 00 00 00 00 ff 00 00 00 00 00 00 00 00 00 ff 00 00 00 00 00 00 00 00 00 ff 00 00 00 00 00 00 00 00 02 00 00
  6253 ms  64 B  05 07 00 77 16 c8 17 40 00 71 00 07 02 11 1c 3f 17 40 00 71 00 00 ff 00 00 00 00 00 00 00 00 00 ff 00 00 00 00 00 00 00 00 00 ff 00 00 00 00 00 00 00 00 00 ff 00 00 00 00 00 00 00 00 02 00 00
  6254 ms  64 B  05 07 00 77 16 c8 17 40 00 71 00 07 02 14 1c 3f 17 40 00 71 00 00 ff 00 00 00 00 00 00 00 00 00 ff 00 00 00 00 00 00 00 00 00 ff 00 00 00 00 00 00 00 00 00 ff 00 00 00 00 00 00 00 00 02 00 00
  6259 ms  64 B  05 07 00 77 16 c8 17 40 00 71 00 07 02 15 1c 3f 17 40 00 71 00 00 ff 00 00 00 00 00 00 00 00 00 ff 00 00 00 00 00 00 00 00 00 ff 00 00 00 00 00 00 00 00 00 ff 00 00 00 00 00 00 00 00 02 00 00
           … repeated 1×
  6261 ms  64 B  05 07 00 77 16 c8 17 40 00 71 00 07 02 14 1c 3f 17 40 00 71 00 00 ff 00 00 00 00 00 00 00 00 00 ff 00 00 00 00 00 00 00 00 00 ff 00 00 00 00 00 00 00 00 00 ff 00 00 00 00 00 00 00 00 02 00 00
           … repeated 30×
  6342 ms  64 B  05 07 00 77 16 c6 17 40 00 71 00 07 02 14 1c 3f 17 40 00 71 00 00 ff 00 00 00 00 00 00 00 00 00 ff 00 00 00 00 00 00 00 00 00 ff 00 00 00 00 00 00 00 00 00 ff 00 00 00 00 00 00 00 00 02 00 00
  6343 ms  64 B  05 07 00 77 16 c2 17 40 00 71 00 07 02 14 1c 3f 17 40 00 71 00 00 ff 00 00 00 00 00 00 00 00 00 ff 00 00 00 00 00 00 00 00 00 ff 00 00 00 00 00 00 00 00 00 ff 00 00 00 00 00 00 00 00 02 00 00
  6345 ms  64 B  05 07 00 77 16 bc 17 40 00 71 00 07 02 14 1c 3f 17 40 00 71 00 00 ff 00 00 00 00 00 00 00 00 00 ff 00 00 00 00 00 00 00 00 00 ff 00 00 00 00 00 00 00 00 00 ff 00 00 00 00 00 00 00 00 02 00 00
  6350 ms  64 B  05 07 00 77 16 b9 17 40 00 71 00 07 02 14 1c 3f 17 40 00 71 00 00 ff 00 00 00 00 00 00 00 00 00 ff 00 00 00 00 00 00 00 00 00 ff 00 00 00 00 00 00 00 00 00 ff 00 00 00 00 00 00 00 00 02 00 00
  6351 ms  64 B  05 07 00 77 16 b4 17 40 00 71 00 07 02 14 1c 3f 17 40 00 71 00 00 ff 00 00 00 00 00 00 00 00 00 ff 00 00 00 00 00 00 00 00 00 ff 00 00 00 00 00 00 00 00 00 ff 00 00 00 00 00 00 00 00 02 00 00
  6352 ms  64 B  05 07 00 77 16 ae 17 40 00 71 00 07 02 14 1c 3f 17 40 00 71 00 00 ff 00 00 00 00 00 00 00 00 00 ff 00 00 00 00 00 00 00 00 00 ff 00 00 00 00 00 00 00 00 00 ff 00 00 00 00 00 00 00 00 02 00 00
  6357 ms  64 B  05 07 00 77 16 a8 17 40 00 71 00 07 02 14 1c 3f 17 40 00 71 00 00 ff 00 00 00 00 00 00 00 00 00 ff 00 00 00 00 00 00 00 00 00 ff 00 00 00 00 00 00 00 00 00 ff 00 00 00 00 00 00 00 00 02 00 00
  6358 ms  64 B  05 07 00 77 16 9f 17 40 00 71 00 07 02 14 1c 3f 17 40 00 71 00 00 ff 00 00 00 00 00 00 00 00 00 ff 00 00 00 00 00 00 00 00 00 ff 00 00 00 00 00 00 00 00 00 ff 00 00 00 00 00 00 00 00 02 00 00
  6359 ms  64 B  05 07 00 77 16 95 17 40 00 71 00 07 02 14 1c 3f 17 40 00 71 00 00 ff 00 00 00 00 00 00 00 00 00 ff 00 00 00 00 00 00 00 00 00 ff 00 00 00 00 00 00 00 00 00 ff 00 00 00 00 00 00 00 00 02 00 00
  6365 ms  64 B  05 07 00 77 16 8f 17 40 00 71 00 07 02 14 1c 3f 17 40 00 71 00 00 ff 00 00 00 00 00 00 00 00 00 ff 00 00 00 00 00 00 00 00 00 ff 00 00 00 00 00 00 00 00 00 ff 00 00 00 00 00 00 00 00 02 00 00
  6366 ms  64 B  05 07 00 77 16 8c 17 40 00 71 00 07 02 14 1c 3f 17 40 00 71 00 00 ff 00 00 00 00 00 00 00 00 00 ff 00 00 00 00 00 00 00 00 00 ff 00 00 00 00 00 00 00 00 00 ff 00 00 00 00 00 00 00 00 02 00 00
  6367 ms  64 B  05 07 00 77 16 89 17 40 00 71 00 07 02 14 1c 3f 17 40 00 71 00 00 ff 00 00 00 00 00 00 00 00 00 ff 00 00 00 00 00 00 00 00 00 ff 00 00 00 00 00 00 00 00 00 ff 00 00 00 00 00 00 00 00 02 00 00
  6372 ms  64 B  05 07 00 77 16 86 17 40 00 71 00 07 02 14 1c 3f 17 40 00 71 00 00 ff 00 00 00 00 00 00 00 00 00 ff 00 00 00 00 00 00 00 00 00 ff 00 00 00 00 00 00 00 00 00 ff 00 00 00 00 00 00 00 00 02 00 00
  6373 ms  64 B  05 07 00 77 16 81 17 40 00 71 00 07 02 14 1c 3f 17 40 00 71 00 00 ff 00 00 00 00 00 00 00 00 00 ff 00 00 00 00 00 00 00 00 00 ff 00 00 00 00 00 00 00 00 00 ff 00 00 00 00 00 00 00 00 02 00 00
  6374 ms  64 B  05 07 00 77 16 7c 17 40 00 71 00 07 02 14 1c 3f 17 40 00 71 00 00 ff 00 00 00 00 00 00 00 00 00 ff 00 00 00 00 00 00 00 00 00 ff 00 00 00 00 00 00 00 00 00 ff 00 00 00 00 00 00 00 00 02 00 00
  6380 ms  64 B  05 07 00 77 16 7a 17 40 00 71 00 07 02 14 1c 3f 17 40 00 71 00 00 ff 00 00 00 00 00 00 00 00 00 ff 00 00 00 00 00 00 00 00 00 ff 00 00 00 00 00 00 00 00 00 ff 00 00 00 00 00 00 00 00 02 00 00
  6381 ms  64 B  05 07 00 77 16 7b 17 40 00 71 00 07 02 14 1c 3f 17 40 00 71 00 00 ff 00 00 00 00 00 00 00 00 00 ff 00 00 00 00 00 00 00 00 00 ff 00 00 00 00 00 00 00 00 00 ff 00 00 00 00 00 00 00 00 02 00 00
  6382 ms  64 B  05 07 00 77 16 7c 17 40 00 71 00 07 02 14 1c 3f 17 40 00 71 00 00 ff 00 00 00 00 00 00 00 00 00 ff 00 00 00 00 00 00 00 00 00 ff 00 00 00 00 00 00 00 00 00 ff 00 00 00 00 00 00 00 00 02 00 00
  6387 ms  64 B  05 07 00 77 16 7a 17 40 00 71 00 07 02 14 1c 3f 17 40 00 71 00 00 ff 00 00 00 00 00 00 00 00 00 ff 00 00 00 00 00 00 00 00 00 ff 00 00 00 00 00 00 00 00 00 ff 00 00 00 00 00 00 00 00 02 00 00
  6388 ms  64 B  05 07 00 77 16 76 17 40 00 71 00 07 02 14 1c 3f 17 40 00 71 00 00 ff 00 00 00 00 00 00 00 00 00 ff 00 00 00 00 00 00 00 00 00 ff 00 00 00 00 00 00 00 00 00 ff 00 00 00 00 00 00 00 00 02 00 00
  6389 ms  64 B  05 07 00 77 16 70 17 40 00 71 00 07 02 14 1c 3f 17 40 00 71 00 00 ff 00 00 00 00 00 00 00 00 00 ff 00 00 00 00 00 00 00 00 00 ff 00 00 00 00 00 00 00 00 00 ff 00 00 00 00 00 00 00 00 02 00 00
  6396 ms  64 B  05 07 00 77 16 6e 17 40 00 71 00 07 02 14 1c 3f 17 40 00 71 00 00 ff 00 00 00 00 00 00 00 00 00 ff 00 00 00 00 00 00 00 00 00 ff 00 00 00 00 00 00 00 00 00 ff 00 00 00 00 00 00 00 00 02 00 00
           … repeated 1×
  6397 ms  64 B  05 07 00 77 16 70 17 40 00 71 00 07 02 14 1c 3f 17 40 00 71 00 00 ff 00 00 00 00 00 00 00 00 00 ff 00 00 00 00 00 00 00 00 00 ff 00 00 00 00 00 00 00 00 00 ff 00 00 00 00 00 00 00 00 02 00 00
  6403 ms  64 B  05 07 00 77 16 6e 17 40 00 71 00 07 02 14 1c 3f 17 40 00 71 00 00 ff 00 00 00 00 00 00 00 00 00 ff 00 00 00 00 00 00 00 00 00 ff 00 00 00 00 00 00 00 00 00 ff 00 00 00 00 00 00 00 00 02 00 00
  6403 ms  64 B  05 07 00 77 16 6a 17 40 00 71 00 07 02 14 1c 3f 17 40 00 71 00 00 ff 00 00 00 00 00 00 00 00 00 ff 00 00 00 00 00 00 00 00 00 ff 00 00 00 00 00 00 00 00 00 ff 00 00 00 00 00 00 00 00 02 00 00
  6404 ms  64 B  05 07 00 77 16 64 17 40 00 71 00 07 02 14 1c 3f 17 40 00 71 00 00 ff 00 00 00 00 00 00 00 00 00 ff 00 00 00 00 00 00 00 00 00 ff 00 00 00 00 00 00 00 00 00 ff 00 00 00 00 00 00 00 00 02 00 00
  6410 ms  64 B  05 07 00 77 16 62 17 40 00 71 00 07 02 14 1c 3f 17 40 00 71 00 00 ff 00 00 00 00 00 00 00 00 00 ff 00 00 00 00 00 00 00 00 00 ff 00 00 00 00 00 00 00 00 00 ff 00 00 00 00 00 00 00 00 02 00 00
           … repeated 1×
  6412 ms  64 B  05 07 00 77 16 64 17 40 00 71 00 07 02 14 1c 3f 17 40 00 71 00 00 ff 00 00 00 00 00 00 00 00 00 ff 00 00 00 00 00 00 00 00 00 ff 00 00 00 00 00 00 00 00 00 ff 00 00 00 00 00 00 00 00 02 00 00
  6417 ms  64 B  05 07 00 77 16 64 17 40 00 71 00 07 02 14 1c 3d 17 40 00 71 00 00 ff 00 00 00 00 00 00 00 00 00 ff 00 00 00 00 00 00 00 00 00 ff 00 00 00 00 00 00 00 00 00 ff 00 00 00 00 00 00 00 00 02 00 00
  6418 ms  64 B  05 07 00 77 16 64 17 40 00 71 00 07 02 14 1c 39 17 40 00 71 00 00 ff 00 00 00 00 00 00 00 00 00 ff 00 00 00 00 00 00 00 00 00 ff 00 00 00 00 00 00 00 00 00 ff 00 00 00 00 00 00 00 00 02 00 00
  6419 ms  64 B  05 07 00 77 16 64 17 40 00 71 00 07 02 14 1c 33 17 40 00 71 00 00 ff 00 00 00 00 00 00 00 00 00 ff 00 00 00 00 00 00 00 00 00 ff 00 00 00 00 00 00 00 00 00 ff 00 00 00 00 00 00 00 00 02 00 00
  6425 ms  64 B  05 07 00 77 16 61 17 40 00 71 00 07 02 14 1c 31 17 40 00 71 00 00 ff 00 00 00 00 00 00 00 00 00 ff 00 00 00 00 00 00 00 00 00 ff 00 00 00 00 00 00 00 00 00 ff 00 00 00 00 00 00 00 00 02 00 00
  6426 ms  64 B  05 07 00 77 16 5c 17 40 00 71 00 07 02 14 1c 31 17 40 00 71 00 00 ff 00 00 00 00 00 00 00 00 00 ff 00 00 00 00 00 00 00 00 00 ff 00 00 00 00 00 00 00 00 00 ff 00 00 00 00 00 00 00 00 02 00 00
  6427 ms  64 B  05 07 00 77 16 57 17 40 00 71 00 07 02 14 1c 33 17 40 00 71 00 00 ff 00 00 00 00 00 00 00 00 00 ff 00 00 00 00 00 00 00 00 00 ff 00 00 00 00 00 00 00 00 00 ff 00 00 00 00 00 00 00 00 02 00 00
  6432 ms  64 B  05 07 00 77 16 55 17 40 00 71 00 07 02 12 1c 33 17 40 00 71 00 00 ff 00 00 00 00 00 00 00 00 00 ff 00 00 00 00 00 00 00 00 00 ff 00 00 00 00 00 00 00 00 00 ff 00 00 00 00 00 00 00 00 02 00 00
  6433 ms  64 B  05 07 00 77 16 56 17 40 00 71 00 07 02 10 1c 33 17 40 00 71 00 00 ff 00 00 00 00 00 00 00 00 00 ff 00 00 00 00 00 00 00 00 00 ff 00 00 00 00 00 00 00 00 00 ff 00 00 00 00 00 00 00 00 02 00 00
  6434 ms  64 B  05 07 00 77 16 57 17 40 00 71 00 07 02 0d 1c 33 17 40 00 71 00 00 ff 00 00 00 00 00 00 00 00 00 ff 00 00 00 00 00 00 00 00 00 ff 00 00 00 00 00 00 00 00 00 ff 00 00 00 00 00 00 00 00 02 00 00
  6441 ms  64 B  05 07 00 77 16 57 17 40 00 71 00 07 02 0c 1c 33 17 40 00 71 00 00 ff 00 00 00 00 00 00 00 00 00 ff 00 00 00 00 00 00 00 00 00 ff 00 00 00 00 00 00 00 00 00 ff 00 00 00 00 00 00 00 00 02 00 00
           … repeated 1×
  6442 ms  64 B  05 07 00 77 16 57 17 40 00 71 00 07 02 0d 1c 33 17 40 00 71 00 00 ff 00 00 00 00 00 00 00 00 00 ff 00 00 00 00 00 00 00 00 00 ff 00 00 00 00 00 00 00 00 00 ff 00 00 00 00 00 00 00 00 02 00 00
           … repeated 9×
  6471 ms  64 B  05 07 00 77 16 5a 17 40 00 71 00 07 02 0d 1c 33 17 40 00 71 00 00 ff 00 00 00 00 00 00 00 00 00 ff 00 00 00 00 00 00 00 00 00 ff 00 00 00 00 00 00 00 00 00 ff 00 00 00 00 00 00 00 00 02 00 00
  6471 ms  64 B  05 07 00 77 16 5f 17 40 00 71 00 07 02 0d 1c 33 17 40 00 71 00 00 ff 00 00 00 00 00 00 00 00 00 ff 00 00 00 00 00 00 00 00 00 ff 00 00 00 00 00 00 00 00 00 ff 00 00 00 00 00 00 00 00 02 00 00
  6472 ms  64 B  05 07 00 77 16 64 17 40 00 71 00 07 02 0d 1c 33 17 40 00 71 00 00 ff 00 00 00 00 00 00 00 00 00 ff 00 00 00 00 00 00 00 00 00 ff 00 00 00 00 00 00 00 00 00 ff 00 00 00 00 00 00 00 00 02 00 00
  6478 ms  64 B  05 07 00 77 16 69 17 40 00 71 00 07 02 0d 1c 33 17 40 00 71 00 00 ff 00 00 00 00 00 00 00 00 00 ff 00 00 00 00 00 00 00 00 00 ff 00 00 00 00 00 00 00 00 00 ff 00 00 00 00 00 00 00 00 02 00 00
  6479 ms  64 B  05 07 00 77 16 6c 17 40 00 71 00 07 02 0d 1c 33 17 40 00 71 00 00 ff 00 00 00 00 00 00 00 00 00 ff 00 00 00 00 00 00 00 00 00 ff 00 00 00 00 00 00 00 00 00 ff 00 00 00 00 00 00 00 00 02 00 00
  6480 ms  64 B  05 07 00 77 16 70 17 40 00 71 00 07 02 0d 1c 33 17 40 00 71 00 00 ff 00 00 00 00 00 00 00 00 00 ff 00 00 00 00 00 00 00 00 00 ff 00 00 00 00 00 00 00 00 00 ff 00 00 00 00 00 00 00 00 02 00 00
  6486 ms  64 B  05 07 00 77 16 74 17 40 00 71 00 07 02 0d 1c 33 17 40 00 71 00 00 ff 00 00 00 00 00 00 00 00 00 ff 00 00 00 00 00 00 00 00 00 ff 00 00 00 00 00 00 00 00 00 ff 00 00 00 00 00 00 00 00 02 00 00
  6486 ms  64 B  05 07 00 77 16 78 17 40 00 71 00 07 02 0d 1c 33 17 40 00 71 00 00 ff 00 00 00 00 00 00 00 00 00 ff 00 00 00 00 00 00 00 00 00 ff 00 00 00 00 00 00 00 00 00 ff 00 00 00 00 00 00 00 00 02 00 00
  6487 ms  64 B  05 07 00 77 16 7c 17 40 00 71 00 07 02 0d 1c 33 17 40 00 71 00 00 ff 00 00 00 00 00 00 00 00 00 ff 00 00 00 00 00 00 00 00 00 ff 00 00 00 00 00 00 00 00 00 ff 00 00 00 00 00 00 00 00 02 00 00
  6493 ms  64 B  05 07 00 77 16 7f 17 40 00 71 00 07 02 0d 1c 33 17 40 00 71 00 00 ff 00 00 00 00 00 00 00 00 00 ff 00 00 00 00 00 00 00 00 00 ff 00 00 00 00 00 00 00 00 00 ff 00 00 00 00 00 00 00 00 02 00 00
  6494 ms  64 B  05 07 00 77 16 84 17 40 00 71 00 07 02 0d 1c 33 17 40 00 71 00 00 ff 00 00 00 00 00 00 00 00 00 ff 00 00 00 00 00 00 00 00 00 ff 00 00 00 00 00 00 00 00 00 ff 00 00 00 00 00 00 00 00 02 00 00
  6495 ms  64 B  05 07 00 77 16 89 17 40 00 71 00 07 02 0d 1c 33 17 40 00 71 00 00 ff 00 00 00 00 00 00 00 00 00 ff 00 00 00 00 00 00 00 00 00 ff 00 00 00 00 00 00 00 00 00 ff 00 00 00 00 00 00 00 00 02 00 00
  6500 ms  64 B  05 07 00 77 16 8e 17 40 00 71 00 07 02 0d 1c 33 17 40 00 71 00 00 ff 00 00 00 00 00 00 00 00 00 ff 00 00 00 00 00 00 00 00 00 ff 00 00 00 00 00 00 00 00 00 ff 00 00 00 00 00 00 00 00 02 00 00
  6501 ms  64 B  05 07 00 77 16 91 17 40 00 71 00 07 02 0d 1c 33 17 40 00 71 00 00 ff 00 00 00 00 00 00 00 00 00 ff 00 00 00 00 00 00 00 00 00 ff 00 00 00 00 00 00 00 00 00 ff 00 00 00 00 00 00 00 00 02 00 00
  6502 ms  64 B  05 07 00 77 16 95 17 40 00 71 00 07 02 0d 1c 33 17 40 00 71 00 00 ff 00 00 00 00 00 00 00 00 00 ff 00 00 00 00 00 00 00 00 00 ff 00 00 00 00 00 00 00 00 00 ff 00 00 00 00 00 00 00 00 02 00 00
  6509 ms  64 B  05 07 00 77 16 97 17 40 00 71 00 07 02 0f 1c 33 17 40 00 71 00 00 ff 00 00 00 00 00 00 00 00 00 ff 00 00 00 00 00 00 00 00 00 ff 00 00 00 00 00 00 00 00 00 ff 00 00 00 00 00 00 00 00 02 00 00
  6509 ms  64 B  05 07 00 77 16 97 17 40 00 71 00 07 02 11 1c 33 17 40 00 71 00 00 ff 00 00 00 00 00 00 00 00 00 ff 00 00 00 00 00 00 00 00 00 ff 00 00 00 00 00 00 00 00 00 ff 00 00 00 00 00 00 00 00 02 00 00
  6510 ms  64 B  05 07 00 77 16 95 17 40 00 71 00 07 02 14 1c 33 17 40 00 71 00 00 ff 00 00 00 00 00 00 00 00 00 ff 00 00 00 00 00 00 00 00 00 ff 00 00 00 00 00 00 00 00 00 ff 00 00 00 00 00 00 00 00 02 00 00
  6515 ms  64 B  05 07 00 77 16 98 17 40 00 71 00 07 02 15 1c 35 17 40 00 71 00 00 ff 00 00 00 00 00 00 00 00 00 ff 00 00 00 00 00 00 00 00 00 ff 00 00 00 00 00 00 00 00 00 ff 00 00 00 00 00 00 00 00 02 00 00
  6516 ms  64 B  05 07 00 77 16 9d 17 40 00 71 00 07 02 15 1c 39 17 40 00 71 00 00 ff 00 00 00 00 00 00 00 00 00 ff 00 00 00 00 00 00 00 00 00 ff 00 00 00 00 00 00 00 00 00 ff 00 00 00 00 00 00 00 00 02 00 00
  6517 ms  64 B  05 07 00 77 16 a2 17 40 00 71 00 07 02 14 1c 3f 17 40 00 71 00 00 ff 00 00 00 00 00 00 00 00 00 ff 00 00 00 00 00 00 00 00 00 ff 00 00 00 00 00 00 00 00 00 ff 00 00 00 00 00 00 00 00 02 00 00
  6523 ms  64 B  05 07 00 77 16 a7 17 40 00 71 00 07 02 14 1c 41 17 40 00 71 00 00 ff 00 00 00 00 00 00 00 00 00 ff 00 00 00 00 00 00 00 00 00 ff 00 00 00 00 00 00 00 00 00 ff 00 00 00 00 00 00 00 00 02 00 00
  6524 ms  64 B  05 07 00 77 16 aa 17 40 00 71 00 07 02 14 1c 41 17 40 00 71 00 00 ff 00 00 00 00 00 00 00 00 00 ff 00 00 00 00 00 00 00 00 00 ff 00 00 00 00 00 00 00 00 00 ff 00 00 00 00 00 00 00 00 02 00 00
  6525 ms  64 B  05 07 00 77 16 ae 17 40 00 71 00 07 02 14 1c 3f 17 40 00 71 00 00 ff 00 00 00 00 00 00 00 00 00 ff 00 00 00 00 00 00 00 00 00 ff 00 00 00 00 00 00 00 00 00 ff 00 00 00 00 00 00 00 00 02 00 00
  6530 ms  64 B  05 07 00 77 16 b0 17 40 00 71 00 07 02 14 1c 3f 17 40 00 71 00 00 ff 00 00 00 00 00 00 00 00 00 ff 00 00 00 00 00 00 00 00 00 ff 00 00 00 00 00 00 00 00 00 ff 00 00 00 00 00 00 00 00 02 00 00
           … repeated 1×
  6532 ms  64 B  05 07 00 77 16 ae 17 40 00 71 00 07 02 14 1c 3f 17 40 00 71 00 00 ff 00 00 00 00 00 00 00 00 00 ff 00 00 00 00 00 00 00 00 00 ff 00 00 00 00 00 00 00 00 00 ff 00 00 00 00 00 00 00 00 02 00 00
  6538 ms  64 B  05 07 00 77 16 b1 17 40 00 71 00 07 02 14 1c 3f 17 40 00 71 00 00 ff 00 00 00 00 00 00 00 00 00 ff 00 00 00 00 00 00 00 00 00 ff 00 00 00 00 00 00 00 00 00 ff 00 00 00 00 00 00 00 00 02 00 00
  6539 ms  64 B  05 07 00 77 16 b6 17 40 00 71 00 07 02 14 1c 3f 17 40 00 71 00 00 ff 00 00 00 00 00 00 00 00 00 ff 00 00 00 00 00 00 00 00 00 ff 00 00 00 00 00 00 00 00 00 ff 00 00 00 00 00 00 00 00 02 00 00
  6540 ms  64 B  05 07 00 77 16 bc 17 40 00 71 00 07 02 14 1c 3f 17 40 00 71 00 00 ff 00 00 00 00 00 00 00 00 00 ff 00 00 00 00 00 00 00 00 00 ff 00 00 00 00 00 00 00 00 00 ff 00 00 00 00 00 00 00 00 02 00 00
  6546 ms  64 B  05 07 00 77 16 be 17 40 00 71 00 07 02 14 1c 3f 17 40 00 71 00 00 ff 00 00 00 00 00 00 00 00 00 ff 00 00 00 00 00 00 00 00 00 ff 00 00 00 00 00 00 00 00 00 ff 00 00 00 00 00 00 00 00 02 00 00
           … repeated 1×
  6547 ms  64 B  05 07 00 77 16 bc 17 40 00 71 00 07 02 14 1c 3f 17 40 00 71 00 00 ff 00 00 00 00 00 00 00 00 00 ff 00 00 00 00 00 00 00 00 00 ff 00 00 00 00 00 00 00 00 00 ff 00 00 00 00 00 00 00 00 02 00 00
           … repeated 9×
  6576 ms  64 B  05 07 00 77 16 be 17 40 00 71 00 07 02 14 1c 3f 17 40 00 71 00 00 ff 00 00 00 00 00 00 00 00 00 ff 00 00 00 00 00 00 00 00 00 ff 00 00 00 00 00 00 00 00 00 ff 00 00 00 00 00 00 00 00 02 00 00
  6577 ms  64 B  05 07 00 77 16 c2 17 40 00 71 00 07 02 14 1c 3f 17 40 00 71 00 00 ff 00 00 00 00 00 00 00 00 00 ff 00 00 00 00 00 00 00 00 00 ff 00 00 00 00 00 00 00 00 00 ff 00 00 00 00 00 00 00 00 02 00 00
  6578 ms  64 B  05 07 00 77 16 c8 17 40 00 71 00 07 02 14 1c 3f 17 40 00 71 00 00 ff 00 00 00 00 00 00 00 00 00 ff 00 00 00 00 00 00 00 00 00 ff 00 00 00 00 00 00 00 00 00 ff 00 00 00 00 00 00 00 00 02 00 00
  6584 ms  64 B  05 07 00 77 16 c7 17 40 00 71 00 07 02 14 1c 3f 17 40 00 71 00 00 ff 00 00 00 00 00 00 00 00 00 ff 00 00 00 00 00 00 00 00 00 ff 00 00 00 00 00 00 00 00 00 ff 00 00 00 00 00 00 00 00 02 00 00
  6584 ms  64 B  05 07 00 77 16 c3 17 40 00 71 00 07 02 14 1c 3f 17 40 00 71 00 00 ff 00 00 00 00 00 00 00 00 00 ff 00 00 00 00 00 00 00 00 00 ff 00 00 00 00 00 00 00 00 00 ff 00 00 00 00 00 00 00 00 02 00 00
  6585 ms  64 B  05 07 00 77 16 bc 17 40 00 71 00 07 02 14 1c 3f 17 40 00 71 00 00 ff 00 00 00 00 00 00 00 00 00 ff 00 00 00 00 00 00 00 00 00 ff 00 00 00 00 00 00 00 00 00 ff 00 00 00 00 00 00 00 00 02 00 00
  6591 ms  64 B  05 07 00 77 16 ba 17 40 00 71 00 07 02 14 1c 3f 17 40 00 71 00 00 ff 00 00 00 00 00 00 00 00 00 ff 00 00 00 00 00 00 00 00 00 ff 00 00 00 00 00 00 00 00 00 ff 00 00 00 00 00 00 00 00 02 00 00
           … repeated 1×
  6593 ms  64 B  05 07 00 77 16 bc 17 40 00 71 00 07 02 14 1c 3f 17 40 00 71 00 00 ff 00 00 00 00 00 00 00 00 00 ff 00 00 00 00 00 00 00 00 00 ff 00 00 00 00 00 00 00 00 00 ff 00 00 00 00 00 00 00 00 02 00 00
           … repeated 3×
  6606 ms  64 B  05 07 00 77 16 b9 17 40 00 71 00 07 02 14 1c 3f 17 40 00 71 00 00 ff 00 00 00 00 00 00 00 00 00 ff 00 00 00 00 00 00 00 00 00 ff 00 00 00 00 00 00 00 00 00 ff 00 00 00 00 00 00 00 00 02 00 00
  6607 ms  64 B  05 07 00 77 16 b4 17 40 00 71 00 07 02 14 1c 3f 17 40 00 71 00 00 ff 00 00 00 00 00 00 00 00 00 ff 00 00 00 00 00 00 00 00 00 ff 00 00 00 00 00 00 00 00 00 ff 00 00 00 00 00 00 00 00 02 00 00
  6608 ms  64 B  05 07 00 77 16 ae 17 40 00 71 00 07 02 14 1c 3f 17 40 00 71 00 00 ff 00 00 00 00 00 00 00 00 00 ff 00 00 00 00 00 00 00 00 00 ff 00 00 00 00 00 00 00 00 00 ff 00 00 00 00 00 00 00 00 02 00 00
  6613 ms  64 B  05 07 00 77 16 ac 17 40 00 71 00 07 02 14 1c 3f 17 40 00 71 00 00 ff 00 00 00 00 00 00 00 00 00 ff 00 00 00 00 00 00 00 00 00 ff 00 00 00 00 00 00 00 00 00 ff 00 00 00 00 00 00 00 00 02 00 00
           … repeated 1×
  6615 ms  64 B  05 07 00 77 16 ae 17 40 00 71 00 07 02 14 1c 3f 17 40 00 71 00 00 ff 00 00 00 00 00 00 00 00 00 ff 00 00 00 00 00 00 00 00 00 ff 00 00 00 00 00 00 00 00 00 ff 00 00 00 00 00 00 00 00 02 00 00
           … repeated 3×
  6629 ms  64 B  05 07 00 77 16 ae 17 40 00 71 00 07 02 14 1c 42 17 40 00 71 00 00 ff 00 00 00 00 00 00 00 00 00 ff 00 00 00 00 00 00 00 00 00 ff 00 00 00 00 00 00 00 00 00 ff 00 00 00 00 00 00 00 00 02 00 00
  6630 ms  64 B  05 07 00 77 16 ae 17 40 00 71 00 07 02 14 1c 47 17 40 00 71 00 00 ff 00 00 00 00 00 00 00 00 00 ff 00 00 00 00 00 00 00 00 00 ff 00 00 00 00 00 00 00 00 00 ff 00 00 00 00 00 00 00 00 02 00 00
  6631 ms  64 B  05 07 00 77 16 ae 17 40 00 71 00 07 02 14 1c 4c 17 40 00 71 00 00 ff 00 00 00 00 00 00 00 00 00 ff 00 00 00 00 00 00 00 00 00 ff 00 00 00 00 00 00 00 00 00 ff 00 00 00 00 00 00 00 00 02 00 00
  6636 ms  64 B  05 07 00 77 16 ae 17 40 00 71 00 07 02 14 1c 4e 17 40 00 71 00 00 ff 00 00 00 00 00 00 00 00 00 ff 00 00 00 00 00 00 00 00 00 ff 00 00 00 00 00 00 00 00 00 ff 00 00 00 00 00 00 00 00 02 00 00
  6637 ms  64 B  05 07 00 77 16 ae 17 40 00 71 00 07 02 14 1c 4d 17 40 00 71 00 00 ff 00 00 00 00 00 00 00 00 00 ff 00 00 00 00 00 00 00 00 00 ff 00 00 00 00 00 00 00 00 00 ff 00 00 00 00 00 00 00 00 02 00 00
  6638 ms  64 B  05 07 00 77 16 ae 17 40 00 71 00 07 02 14 1c 4c 17 40 00 71 00 00 ff 00 00 00 00 00 00 00 00 00 ff 00 00 00 00 00 00 00 00 00 ff 00 00 00 00 00 00 00 00 00 ff 00 00 00 00 00 00 00 00 02 00 00
           … repeated 3×
  6651 ms  64 B  05 07 00 77 16 b1 17 40 00 71 00 07 02 14 1c 4c 17 40 00 71 00 00 ff 00 00 00 00 00 00 00 00 00 ff 00 00 00 00 00 00 00 00 00 ff 00 00 00 00 00 00 00 00 00 ff 00 00 00 00 00 00 00 00 02 00 00
  6652 ms  64 B  05 07 00 77 16 b6 17 40 00 71 00 07 02 14 1c 4c 17 40 00 71 00 00 ff 00 00 00 00 00 00 00 00 00 ff 00 00 00 00 00 00 00 00 00 ff 00 00 00 00 00 00 00 00 00 ff 00 00 00 00 00 00 00 00 02 00 00
  6653 ms  64 B  05 07 00 77 16 bc 17 40 00 71 00 07 02 14 1c 4c 17 40 00 71 00 00 ff 00 00 00 00 00 00 00 00 00 ff 00 00 00 00 00 00 00 00 00 ff 00 00 00 00 00 00 00 00 00 ff 00 00 00 00 00 00 00 00 02 00 00
  6659 ms  64 B  05 07 00 77 16 be 17 40 00 71 00 07 02 14 1c 4c 17 40 00 71 00 00 ff 00 00 00 00 00 00 00 00 00 ff 00 00 00 00 00 00 00 00 00 ff 00 00 00 00 00 00 00 00 00 ff 00 00 00 00 00 00 00 00 02 00 00
           … repeated 1×
  6661 ms  64 B  05 07 00 77 16 bc 17 40 00 71 00 07 02 14 1c 4c 17 40 00 71 00 00 ff 00 00 00 00 00 00 00 00 00 ff 00 00 00 00 00 00 00 00 00 ff 00 00 00 00 00 00 00 00 00 ff 00 00 00 00 00 00 00 00 02 00 00
           … repeated 12×
  6696 ms  64 B  05 07 00 77 16 be 17 40 00 71 00 07 02 14 1c 4c 17 40 00 71 00 00 ff 00 00 00 00 00 00 00 00 00 ff 00 00 00 00 00 00 00 00 00 ff 00 00 00 00 00 00 00 00 00 ff 00 00 00 00 00 00 00 00 02 00 00
  6697 ms  64 B  05 07 00 77 16 c2 17 40 00 71 00 07 02 14 1c 4c 17 40 00 71 00 00 ff 00 00 00 00 00 00 00 00 00 ff 00 00 00 00 00 00 00 00 00 ff 00 00 00 00 00 00 00 00 00 ff 00 00 00 00 00 00 00 00 02 00 00
  6698 ms  64 B  05 07 00 77 16 c8 17 40 00 71 00 07 02 14 1c 4c 17 40 00 71 00 00 ff 00 00 00 00 00 00 00 00 00 ff 00 00 00 00 00 00 00 00 00 ff 00 00 00 00 00 00 00 00 00 ff 00 00 00 00 00 00 00 00 02 00 00
  6704 ms  64 B  05 07 00 77 16 ca 17 40 00 71 00 07 02 14 1c 4c 17 40 00 71 00 00 ff 00 00 00 00 00 00 00 00 00 ff 00 00 00 00 00 00 00 00 00 ff 00 00 00 00 00 00 00 00 00 ff 00 00 00 00 00 00 00 00 02 00 00
           … repeated 1×
  6706 ms  64 B  05 07 00 77 16 c8 17 40 00 71 00 07 02 14 1c 4c 17 40 00 71 00 00 ff 00 00 00 00 00 00 00 00 00 ff 00 00 00 00 00 00 00 00 00 ff 00 00 00 00 00 00 00 00 00 ff 00 00 00 00 00 00 00 00 02 00 00
           … repeated 42×
  6818 ms  64 B  05 07 00 77 16 cb 17 40 00 71 00 07 02 14 1c 4c 17 40 00 71 00 00 ff 00 00 00 00 00 00 00 00 00 ff 00 00 00 00 00 00 00 00 00 ff 00 00 00 00 00 00 00 00 00 ff 00 00 00 00 00 00 00 00 02 00 00
  6818 ms  64 B  05 07 00 77 16 d0 17 40 00 71 00 07 02 14 1c 4c 17 40 00 71 00 00 ff 00 00 00 00 00 00 00 00 00 ff 00 00 00 00 00 00 00 00 00 ff 00 00 00 00 00 00 00 00 00 ff 00 00 00 00 00 00 00 00 02 00 00
  6819 ms  64 B  05 07 00 77 16 d5 17 40 00 71 00 07 02 14 1c 4c 17 40 00 71 00 00 ff 00 00 00 00 00 00 00 00 00 ff 00 00 00 00 00 00 00 00 00 ff 00 00 00 00 00 00 00 00 00 ff 00 00 00 00 00 00 00 00 02 00 00
  6825 ms  64 B  05 07 00 77 16 d7 17 40 00 71 00 07 02 14 1c 4c 17 40 00 71 00 00 ff 00 00 00 00 00 00 00 00 00 ff 00 00 00 00 00 00 00 00 00 ff 00 00 00 00 00 00 00 00 00 ff 00 00 00 00 00 00 00 00 02 00 00
  6826 ms  64 B  05 07 00 77 16 d6 17 40 00 71 00 07 02 14 1c 4c 17 40 00 71 00 00 ff 00 00 00 00 00 00 00 00 00 ff 00 00 00 00 00 00 00 00 00 ff 00 00 00 00 00 00 00 00 00 ff 00 00 00 00 00 00 00 00 02 00 00
  6827 ms  64 B  05 07 00 77 16 d5 17 40 00 71 00 07 02 14 1c 4c 17 40 00 71 00 00 ff 00 00 00 00 00 00 00 00 00 ff 00 00 00 00 00 00 00 00 00 ff 00 00 00 00 00 00 00 00 00 ff 00 00 00 00 00 00 00 00 02 00 00
           … repeated 18×
  6879 ms  64 B  05 07 00 77 16 d7 17 40 00 71 00 07 02 14 1c 4c 17 40 00 71 00 00 ff 00 00 00 00 00 00 00 00 00 ff 00 00 00 00 00 00 00 00 00 ff 00 00 00 00 00 00 00 00 00 ff 00 00 00 00 00 00 00 00 02 00 00
  6879 ms  64 B  05 07 00 77 16 db 17 40 00 71 00 07 02 14 1c 4c 17 40 00 71 00 00 ff 00 00 00 00 00 00 00 00 00 ff 00 00 00 00 00 00 00 00 00 ff 00 00 00 00 00 00 00 00 00 ff 00 00 00 00 00 00 00 00 02 00 00
  6880 ms  64 B  05 07 00 77 16 e1 17 40 00 71 00 07 02 14 1c 4c 17 40 00 71 00 00 ff 00 00 00 00 00 00 00 00 00 ff 00 00 00 00 00 00 00 00 00 ff 00 00 00 00 00 00 00 00 00 ff 00 00 00 00 00 00 00 00 02 00 00
  6885 ms  64 B  05 07 00 77 16 e3 17 40 00 71 00 07 02 14 1c 4c 17 40 00 71 00 00 ff 00 00 00 00 00 00 00 00 00 ff 00 00 00 00 00 00 00 00 00 ff 00 00 00 00 00 00 00 00 00 ff 00 00 00 00 00 00 00 00 02 00 00
           … repeated 1×
  6887 ms  64 B  05 07 00 77 16 e1 17 40 00 71 00 07 02 14 1c 4c 17 40 00 71 00 00 ff 00 00 00 00 00 00 00 00 00 ff 00 00 00 00 00 00 00 00 00 ff 00 00 00 00 00 00 00 00 00 ff 00 00 00 00 00 00 00 00 02 00 00
           … repeated 12×
  6923 ms  64 B  05 07 00 77 16 df 17 40 00 71 00 07 02 14 1c 4c 17 40 00 71 00 00 ff 00 00 00 00 00 00 00 00 00 ff 00 00 00 00 00 00 00 00 00 ff 00 00 00 00 00 00 00 00 00 ff 00 00 00 00 00 00 00 00 02 00 00
  6924 ms  64 B  05 07 00 77 16 db 17 40 00 71 00 07 02 14 1c 4c 17 40 00 71 00 00 ff 00 00 00 00 00 00 00 00 00 ff 00 00 00 00 00 00 00 00 00 ff 00 00 00 00 00 00 00 00 00 ff 00 00 00 00 00 00 00 00 02 00 00
  6925 ms  64 B  05 07 00 77 16 d5 17 40 00 71 00 07 02 14 1c 4c 17 40 00 71 00 00 ff 00 00 00 00 00 00 00 00 00 ff 00 00 00 00 00 00 00 00 00 ff 00 00 00 00 00 00 00 00 00 ff 00 00 00 00 00 00 00 00 02 00 00
  6931 ms  64 B  05 07 00 77 16 d3 17 40 00 71 00 07 02 14 1c 4c 17 40 00 71 00 00 ff 00 00 00 00 00 00 00 00 00 ff 00 00 00 00 00 00 00 00 00 ff 00 00 00 00 00 00 00 00 00 ff 00 00 00 00 00 00 00 00 02 00 00
           … repeated 1×
  6932 ms  64 B  05 07 00 77 16 d5 17 40 00 71 00 07 02 14 1c 4c 17 40 00 71 00 00 ff 00 00 00 00 00 00 00 00 00 ff 00 00 00 00 00 00 00 00 00 ff 00 00 00 00 00 00 00 00 00 ff 00 00 00 00 00 00 00 00 02 00 00
           … repeated 48×
  7059 ms  64 B  05 07 00 77 16 d5 17 40 00 71 00 07 02 12 1c 4e 17 40 00 71 00 00 ff 00 00 00 00 00 00 00 00 00 ff 00 00 00 00 00 00 00 00 00 ff 00 00 00 00 00 00 00 00 00 ff 00 00 00 00 00 00 00 00 02 00 00
  7060 ms  64 B  05 07 00 77 16 d5 17 40 00 71 00 07 02 10 1c 52 17 40 00 71 00 00 ff 00 00 00 00 00 00 00 00 00 ff 00 00 00 00 00 00 00 00 00 ff 00 00 00 00 00 00 00 00 00 ff 00 00 00 00 00 00 00 00 02 00 00
  7061 ms  64 B  05 07 00 77 16 d5 17 40 00 71 00 07 02 0d 1c 58 17 40 00 71 00 00 ff 00 00 00 00 00 00 00 00 00 ff 00 00 00 00 00 00 00 00 00 ff 00 00 00 00 00 00 00 00 00 ff 00 00 00 00 00 00 00 00 02 00 00
  7066 ms  64 B  05 07 00 79 16 d2 17 40 00 71 00 07 02 09 1c 64 17 40 00 71 00 00 ff 00 00 00 00 00 00 00 00 00 ff 00 00 00 00 00 00 00 00 00 ff 00 00 00 00 00 00 00 00 00 ff 00 00 00 00 00 00 00 00 02 00 00
  7067 ms  64 B  05 07 00 7b 16 cd 17 40 00 71 00 07 02 02 1c 75 17 40 00 71 00 00 ff 00 00 00 00 00 00 00 00 00 ff 00 00 00 00 00 00 00 00 00 ff 00 00 00 00 00 00 00 00 00 ff 00 00 00 00 00 00 00 00 02 00 00
  7068 ms  64 B  05 07 00 7e 16 c8 17 40 00 71 00 07 02 f9 1b 8a 17 40 00 71 00 00 ff 00 00 00 00 00 00 00 00 00 ff 00 00 00 00 00 00 00 00 00 ff 00 00 00 00 00 00 00 00 00 ff 00 00 00 00 00 00 00 00 02 00 00
  7074 ms  64 B  05 07 00 7f 16 c6 17 40 00 71 00 07 02 f0 1b a5 17 40 00 71 00 00 ff 00 00 00 00 00 00 00 00 00 ff 00 00 00 00 00 00 00 00 00 ff 00 00 00 00 00 00 00 00 00 ff 00 00 00 00 00 00 00 00 02 00 00
  7075 ms  64 B  05 07 00 7f 16 c7 17 40 00 71 00 07 02 e5 1b c6 17 40 00 71 00 00 ff 00 00 00 00 00 00 00 00 00 ff 00 00 00 00 00 00 00 00 00 ff 00 00 00 00 00 00 00 00 00 ff 00 00 00 00 00 00 00 00 02 00 00
  7076 ms  64 B  05 07 00 7e 16 c8 17 40 00 71 00 07 02 d6 1b ee 17 40 00 71 00 00 ff 00 00 00 00 00 00 00 00 00 ff 00 00 00 00 00 00 00 00 00 ff 00 00 00 00 00 00 00 00 00 ff 00 00 00 00 00 00 00 00 02 00 00
  7081 ms  64 B  05 07 00 7c 16 c8 17 40 00 71 00 07 02 cc 1b 1c 18 40 00 71 00 00 ff 00 00 00 00 00 00 00 00 00 ff 00 00 00 00 00 00 00 00 00 ff 00 00 00 00 00 00 00 00 00 ff 00 00 00 00 00 00 00 00 02 00 00
  7082 ms  64 B  05 07 00 7a 16 c8 17 40 00 71 00 07 02 c2 1b 53 18 40 00 71 00 00 ff 00 00 00 00 00 00 00 00 00 ff 00 00 00 00 00 00 00 00 00 ff 00 00 00 00 00 00 00 00 00 ff 00 00 00 00 00 00 00 00 02 00 00
  7083 ms  64 B  05 07 00 77 16 c8 17 40 00 71 00 07 02 ba 1b 92 18 40 00 71 00 00 ff 00 00 00 00 00 00 00 00 00 ff 00 00 00 00 00 00 00 00 00 ff 00 00 00 00 00 00 00 00 00 ff 00 00 00 00 00 00 00 00 02 00 00
  7088 ms  64 B  05 07 00 74 16 c8 17 40 00 71 00 07 02 b6 1b a5 18 40 00 71 00 00 ff 00 00 00 00 00 00 00 00 00 ff 00 00 00 00 00 00 00 00 00 ff 00 00 00 00 00 00 00 00 00 ff 00 00 00 00 00 00 00 00 02 00 00
  7089 ms  64 B  05 07 00 70 16 c8 17 40 00 71 00 07 02 b6 1b a5 18 40 00 71 00 00 ff 00 00 00 00 00 00 00 00 00 ff 00 00 00 00 00 00 00 00 00 ff 00 00 00 00 00 00 00 00 00 ff 00 00 00 00 00 00 00 00 02 00 00
  7090 ms  64 B  05 07 00 69 16 c8 17 40 00 71 00 07 02 ba 1b 92 18 40 00 71 00 00 ff 00 00 00 00 00 00 00 00 00 ff 00 00 00 00 00 00 00 00 00 ff 00 00 00 00 00 00 00 00 00 ff 00 00 00 00 00 00 00 00 02 00 00
  7096 ms  64 B  05 07 00 63 16 cb 17 40 00 71 00 07 02 ba 1b 92 18 40 00 71 00 00 ff 00 00 00 00 00 00 00 00 00 ff 00 00 00 00 00 00 00 00 00 ff 00 00 00 00 00 00 00 00 00 ff 00 00 00 00 00 00 00 00 02 00 00
  7097 ms  64 B  05 07 00 5d 16 d0 17 40 00 71 00 07 02 ba 1b 92 18 40 00 71 00 00 ff 00 00 00 00 00 00 00 00 00 ff 00 00 00 00 00 00 00 00 00 ff 00 00 00 00 00 00 00 00 00 ff 00 00 00 00 00 00 00 00 02 00 00
  7098 ms  64 B  05 07 00 54 16 d5 17 40 00 71 00 07 02 ba 1b 92 18 40 00 71 00 00 ff 00 00 00 00 00 00 00 00 00 ff 00 00 00 00 00 00 00 00 00 ff 00 00 00 00 00 00 00 00 00 ff 00 00 00 00 00 00 00 00 02 00 00
  7102 ms  64 B  05 07 00 4c 16 db 17 40 00 71 00 04 02 ba 1b 92 18 40 00 71 00 00 ff 00 00 00 00 00 00 00 00 00 ff 00 00 00 00 00 00 00 00 00 ff 00 00 00 00 00 00 00 00 00 ff 00 00 00 00 00 00 00 00 02 00 00
  7103 ms  64 B  05 07 00 43 16 e3 17 40 00 71 00 00 ff 00 00 00 00 00 00 00 00 00 ff 00 00 00 00 00 00 00 00 00 ff 00 00 00 00 00 00 00 00 00 ff 00 00 00 00 00 00 00 00 00 ff 00 00 00 00 00 00 00 00 01 00 00
  7104 ms  64 B  05 07 00 38 16 ed 17 40 00 71 00 00 ff 00 00 00 00 00 00 00 00 00 ff 00 00 00 00 00 00 00 00 00 ff 00 00 00 00 00 00 00 00 00 ff 00 00 00 00 00 00 00 00 00 ff 00 00 00 00 00 00 00 00 01 00 00
  7112 ms  64 B  05 07 00 34 16 f0 17 40 00 71 00 00 ff 00 00 00 00 00 00 00 00 00 ff 00 00 00 00 00 00 00 00 00 ff 00 00 00 00 00 00 00 00 00 ff 00 00 00 00 00 00 00 00 00 ff 00 00 00 00 00 00 00 00 01 00 00
           … repeated 1×
  7114 ms  64 B  05 07 00 38 16 ed 17 40 00 71 00 00 ff 00 00 00 00 00 00 00 00 00 ff 00 00 00 00 00 00 00 00 00 ff 00 00 00 00 00 00 00 00 00 ff 00 00 00 00 00 00 00 00 00 ff 00 00 00 00 00 00 00 00 01 00 00
           … repeated 3×
  7126 ms  64 B  05 04 00 38 16 ed 17 40 00 71 00 00 ff 00 00 00 00 00 00 00 00 00 ff 00 00 00 00 00 00 00 00 00 ff 00 00 00 00 00 00 00 00 00 ff 00 00 00 00 00 00 00 00 00 ff 00 00 00 00 00 00 00 00 01 00 00
  9268 ms  64 B  05 04 00 69 14 b6 13 40 00 71 00 00 ff 00 00 00 00 00 00 00 00 00 ff 00 00 00 00 00 00 00 00 00 ff 00 00 00 00 00 00 00 00 00 ff 00 00 00 00 00 00 00 00 00 ff 00 00 00 00 00 00 00 00 01 00 00
  9270 ms  64 B  05 07 00 69 14 b6 13 40 00 71 00 00 ff 00 00 00 00 00 00 00 00 00 ff 00 00 00 00 00 00 00 00 00 ff 00 00 00 00 00 00 00 00 00 ff 00 00 00 00 00 00 00 00 00 ff 00 00 00 00 00 00 00 00 01 00 00
           … repeated 1×
  9276 ms  64 B  05 07 00 98 14 c9 13 40 00 71 00 00 ff 00 00 00 00 00 00 00 00 00 ff 00 00 00 00 00 00 00 00 00 ff 00 00 00 00 00 00 00 00 00 ff 00 00 00 00 00 00 00 00 00 ff 00 00 00 00 00 00 00 00 01 00 00
  9276 ms  64 B  05 07 00 c5 14 da 13 40 00 71 00 00 ff 00 00 00 00 00 00 00 00 00 ff 00 00 00 00 00 00 00 00 00 ff 00 00 00 00 00 00 00 00 00 ff 00 00 00 00 00 00 00 00 00 ff 00 00 00 00 00 00 00 00 01 00 00
  9278 ms  64 B  05 07 00 ef 14 e8 13 40 00 71 00 00 ff 00 00 00 00 00 00 00 00 00 ff 00 00 00 00 00 00 00 00 00 ff 00 00 00 00 00 00 00 00 00 ff 00 00 00 00 00 00 00 00 00 ff 00 00 00 00 00 00 00 00 01 00 00
  9283 ms  64 B  05 07 00 12 15 f3 13 40 00 71 00 00 ff 00 00 00 00 00 00 00 00 00 ff 00 00 00 00 00 00 00 00 00 ff 00 00 00 00 00 00 00 00 00 ff 00 00 00 00 00 00 00 00 00 ff 00 00 00 00 00 00 00 00 01 00 00
  9283 ms  64 B  05 07 00 31 15 fc 13 40 00 71 00 00 ff 00 00 00 00 00 00 00 00 00 ff 00 00 00 00 00 00 00 00 00 ff 00 00 00 00 00 00 00 00 00 ff 00 00 00 00 00 00 00 00 00 ff 00 00 00 00 00 00 00 00 01 00 00
  9284 ms  64 B  05 07 00 4a 15 01 14 40 00 71 00 00 ff 00 00 00 00 00 00 00 00 00 ff 00 00 00 00 00 00 00 00 00 ff 00 00 00 00 00 00 00 00 00 ff 00 00 00 00 00 00 00 00 00 ff 00 00 00 00 00 00 00 00 01 00 00
  9290 ms  64 B  05 07 00 66 15 09 14 40 00 71 00 00 ff 00 00 00 00 00 00 00 00 00 ff 00 00 00 00 00 00 00 00 00 ff 00 00 00 00 00 00 00 00 00 ff 00 00 00 00 00 00 00 00 00 ff 00 00 00 00 00 00 00 00 01 00 00
  9290 ms  64 B  05 07 00 82 15 11 14 40 00 71 00 00 ff 00 00 00 00 00 00 00 00 00 ff 00 00 00 00 00 00 00 00 00 ff 00 00 00 00 00 00 00 00 00 ff 00 00 00 00 00 00 00 00 00 ff 00 00 00 00 00 00 00 00 01 00 00
  9291 ms  64 B  05 07 00 9d 15 1a 14 40 00 71 00 00 ff 00 00 00 00 00 00 00 00 00 ff 00 00 00 00 00 00 00 00 00 ff 00 00 00 00 00 00 00 00 00 ff 00 00 00 00 00 00 00 00 00 ff 00 00 00 00 00 00 00 00 01 00 00
  9297 ms  64 B  05 07 00 b5 15 20 14 40 00 71 00 00 ff 00 00 00 00 00 00 00 00 00 ff 00 00 00 00 00 00 00 00 00 ff 00 00 00 00 00 00 00 00 00 ff 00 00 00 00 00 00 00 00 00 ff 00 00 00 00 00 00 00 00 01 00 00
  9298 ms  64 B  05 07 00 ca 15 24 14 40 00 71 00 00 ff 00 00 00 00 00 00 00 00 00 ff 00 00 00 00 00 00 00 00 00 ff 00 00 00 00 00 00 00 00 00 ff 00 00 00 00 00 00 00 00 00 ff 00 00 00 00 00 00 00 00 01 00 00
  9299 ms  64 B  05 07 00 dd 15 27 14 40 00 71 00 00 ff 00 00 00 00 00 00 00 00 00 ff 00 00 00 00 00 00 00 00 00 ff 00 00 00 00 00 00 00 00 00 ff 00 00 00 00 00 00 00 00 00 ff 00 00 00 00 00 00 00 00 01 00 00
  9305 ms  64 B  05 07 00 f3 15 2c 14 40 00 71 00 00 ff 00 00 00 00 00 00 00 00 00 ff 00 00 00 00 00 00 00 00 00 ff 00 00 00 00 00 00 00 00 00 ff 00 00 00 00 00 00 00 00 00 ff 00 00 00 00 00 00 00 00 01 00 00
  9305 ms  64 B  05 07 00 07 16 2f 14 40 00 71 00 00 ff 00 00 00 00 00 00 00 00 00 ff 00 00 00 00 00 00 00 00 00 ff 00 00 00 00 00 00 00 00 00 ff 00 00 00 00 00 00 00 00 00 ff 00 00 00 00 00 00 00 00 01 00 00
  9306 ms  64 B  05 07 00 1c 16 33 14 40 00 71 00 00 ff 00 00 00 00 00 00 00 00 00 ff 00 00 00 00 00 00 00 00 00 ff 00 00 00 00 00 00 00 00 00 ff 00 00 00 00 00 00 00 00 00 ff 00 00 00 00 00 00 00 00 01 00 00
  9311 ms  64 B  05 07 00 2d 16 39 14 40 00 71 00 00 ff 00 00 00 00 00 00 00 00 00 ff 00 00 00 00 00 00 00 00 00 ff 00 00 00 00 00 00 00 00 00 ff 00 00 00 00 00 00 00 00 00 ff 00 00 00 00 00 00 00 00 01 00 00
  9312 ms  64 B  05 07 00 3a 16 42 14 40 00 71 00 00 ff 00 00 00 00 00 00 00 00 00 ff 00 00 00 00 00 00 00 00 00 ff 00 00 00 00 00 00 00 00 00 ff 00 00 00 00 00 00 00 00 00 ff 00 00 00 00 00 00 00 00 01 00 00
  9313 ms  64 B  05 07 00 46 16 4c 14 40 00 71 00 00 ff 00 00 00 00 00 00 00 00 00 ff 00 00 00 00 00 00 00 00 00 ff 00 00 00 00 00 00 00 00 00 ff 00 00 00 00 00 00 00 00 00 ff 00 00 00 00 00 00 00 00 01 00 00
  9318 ms  64 B  05 07 00 52 16 57 14 40 00 71 00 00 ff 00 00 00 00 00 00 00 00 00 ff 00 00 00 00 00 00 00 00 00 ff 00 00 00 00 00 00 00 00 00 ff 00 00 00 00 00 00 00 00 00 ff 00 00 00 00 00 00 00 00 01 00 00
  9319 ms  64 B  05 07 00 5e 16 64 14 40 00 71 00 00 ff 00 00 00 00 00 00 00 00 00 ff 00 00 00 00 00 00 00 00 00 ff 00 00 00 00 00 00 00 00 00 ff 00 00 00 00 00 00 00 00 00 ff 00 00 00 00 00 00 00 00 01 00 00
  9320 ms  64 B  05 07 00 69 16 73 14 40 00 71 00 00 ff 00 00 00 00 00 00 00 00 00 ff 00 00 00 00 00 00 00 00 00 ff 00 00 00 00 00 00 00 00 00 ff 00 00 00 00 00 00 00 00 00 ff 00 00 00 00 00 00 00 00 01 00 00
  9325 ms  64 B  05 07 00 72 16 7d 14 40 00 71 00 00 ff 00 00 00 00 00 00 00 00 00 ff 00 00 00 00 00 00 00 00 00 ff 00 00 00 00 00 00 00 00 00 ff 00 00 00 00 00 00 00 00 00 ff 00 00 00 00 00 00 00 00 01 00 00
  9326 ms  64 B  05 07 00 79 16 85 14 40 00 71 00 00 ff 00 00 00 00 00 00 00 00 00 ff 00 00 00 00 00 00 00 00 00 ff 00 00 00 00 00 00 00 00 00 ff 00 00 00 00 00 00 00 00 00 ff 00 00 00 00 00 00 00 00 01 00 00
  9327 ms  64 B  05 07 00 7e 16 8b 14 40 00 71 00 00 ff 00 00 00 00 00 00 00 00 00 ff 00 00 00 00 00 00 00 00 00 ff 00 00 00 00 00 00 00 00 00 ff 00 00 00 00 00 00 00 00 00 ff 00 00 00 00 00 00 00 00 01 00 00
  9332 ms  64 B  05 07 00 82 16 92 14 40 00 71 00 00 ff 00 00 00 00 00 00 00 00 00 ff 00 00 00 00 00 00 00 00 00 ff 00 00 00 00 00 00 00 00 00 ff 00 00 00 00 00 00 00 00 00 ff 00 00 00 00 00 00 00 00 01 00 00
  9333 ms  64 B  05 07 00 84 16 9b 14 40 00 71 00 00 ff 00 00 00 00 00 00 00 00 00 ff 00 00 00 00 00 00 00 00 00 ff 00 00 00 00 00 00 00 00 00 ff 00 00 00 00 00 00 00 00 00 ff 00 00 00 00 00 00 00 00 01 00 00
  9334 ms  64 B  05 07 00 85 16 a4 14 40 00 71 00 00 ff 00 00 00 00 00 00 00 00 00 ff 00 00 00 00 00 00 00 00 00 ff 00 00 00 00 00 00 00 00 00 ff 00 00 00 00 00 00 00 00 00 ff 00 00 00 00 00 00 00 00 01 00 00
  9339 ms  64 B  05 07 00 86 16 ac 14 40 00 71 00 00 ff 00 00 00 00 00 00 00 00 00 ff 00 00 00 00 00 00 00 00 00 ff 00 00 00 00 00 00 00 00 00 ff 00 00 00 00 00 00 00 00 00 ff 00 00 00 00 00 00 00 00 01 00 00
  9340 ms  64 B  05 07 00 86 16 b4 14 40 00 71 00 00 ff 00 00 00 00 00 00 00 00 00 ff 00 00 00 00 00 00 00 00 00 ff 00 00 00 00 00 00 00 00 00 ff 00 00 00 00 00 00 00 00 00 ff 00 00 00 00 00 00 00 00 01 00 00
  9341 ms  64 B  05 07 00 85 16 bd 14 40 00 71 00 00 ff 00 00 00 00 00 00 00 00 00 ff 00 00 00 00 00 00 00 00 00 ff 00 00 00 00 00 00 00 00 00 ff 00 00 00 00 00 00 00 00 00 ff 00 00 00 00 00 00 00 00 01 00 00
  9346 ms  64 B  05 07 00 81 16 b5 14 40 00 71 00 00 ff 00 00 00 00 00 00 00 00 00 ff 00 00 00 00 00 00 00 00 00 ff 00 00 00 00 00 00 00 00 00 ff 00 00 00 00 00 00 00 00 00 ff 00 00 00 00 00 00 00 00 01 00 00
  9347 ms  64 B  05 07 00 79 16 a4 14 40 00 71 00 00 ff 00 00 00 00 00 00 00 00 00 ff 00 00 00 00 00 00 00 00 00 ff 00 00 00 00 00 00 00 00 00 ff 00 00 00 00 00 00 00 00 00 ff 00 00 00 00 00 00 00 00 01 00 00
  9348 ms  64 B  05 07 00 70 16 8b 14 40 00 71 00 00 ff 00 00 00 00 00 00 00 00 00 ff 00 00 00 00 00 00 00 00 00 ff 00 00 00 00 00 00 00 00 00 ff 00 00 00 00 00 00 00 00 00 ff 00 00 00 00 00 00 00 00 01 00 00
  9354 ms  64 B  05 07 00 68 16 75 14 40 00 71 00 00 ff 00 00 00 00 00 00 00 00 00 ff 00 00 00 00 00 00 00 00 00 ff 00 00 00 00 00 00 00 00 00 ff 00 00 00 00 00 00 00 00 00 ff 00 00 00 00 00 00 00 00 01 00 00
  9355 ms  64 B  05 07 00 5f 16 5d 14 40 00 71 00 00 ff 00 00 00 00 00 00 00 00 00 ff 00 00 00 00 00 00 00 00 00 ff 00 00 00 00 00 00 00 00 00 ff 00 00 00 00 00 00 00 00 00 ff 00 00 00 00 00 00 00 00 01 00 00
  9356 ms  64 B  05 07 00 54 16 40 14 40 00 71 00 00 ff 00 00 00 00 00 00 00 00 00 ff 00 00 00 00 00 00 00 00 00 ff 00 00 00 00 00 00 00 00 00 ff 00 00 00 00 00 00 00 00 00 ff 00 00 00 00 00 00 00 00 01 00 00
  9362 ms  64 B  05 07 00 4a 16 22 14 40 00 71 00 00 ff 00 00 00 00 00 00 00 00 00 ff 00 00 00 00 00 00 00 00 00 ff 00 00 00 00 00 00 00 00 00 ff 00 00 00 00 00 00 00 00 00 ff 00 00 00 00 00 00 00 00 01 00 00
  9363 ms  64 B  05 07 00 3f 16 00 14 40 00 71 00 00 ff 00 00 00 00 00 00 00 00 00 ff 00 00 00 00 00 00 00 00 00 ff 00 00 00 00 00 00 00 00 00 ff 00 00 00 00 00 00 00 00 00 ff 00 00 00 00 00 00 00 00 01 00 00
  9364 ms  64 B  05 07 00 31 16 db 13 40 00 71 00 00 ff 00 00 00 00 00 00 00 00 00 ff 00 00 00 00 00 00 00 00 00 ff 00 00 00 00 00 00 00 00 00 ff 00 00 00 00 00 00 00 00 00 ff 00 00 00 00 00 00 00 00 01 00 00
  9375 ms  64 B  05 07 00 26 16 bf 13 40 00 71 00 00 ff 00 00 00 00 00 00 00 00 00 ff 00 00 00 00 00 00 00 00 00 ff 00 00 00 00 00 00 00 00 00 ff 00 00 00 00 00 00 00 00 00 ff 00 00 00 00 00 00 00 00 01 00 00
  9376 ms  64 B  05 07 00 1a 16 a6 13 40 00 71 00 00 ff 00 00 00 00 00 00 00 00 00 ff 00 00 00 00 00 00 00 00 00 ff 00 00 00 00 00 00 00 00 00 ff 00 00 00 00 00 00 00 00 00 ff 00 00 00 00 00 00 00 00 01 00 00
  9377 ms  64 B  05 07 00 0e 16 90 13 40 00 71 00 00 ff 00 00 00 00 00 00 00 00 00 ff 00 00 00 00 00 00 00 00 00 ff 00 00 00 00 00 00 00 00 00 ff 00 00 00 00 00 00 00 00 00 ff 00 00 00 00 00 00 00 00 01 00 00
  9386 ms  64 B  05 07 00 03 16 7d 13 40 00 71 00 00 ff 00 00 00 00 00 00 00 00 00 ff 00 00 00 00 00 00 00 00 00 ff 00 00 00 00 00 00 00 00 00 ff 00 00 00 00 00 00 00 00 00 ff 00 00 00 00 00 00 00 00 01 00 00
  9387 ms  64 B  05 07 00 f7 15 6c 13 40 00 71 00 00 ff 00 00 00 00 00 00 00 00 00 ff 00 00 00 00 00 00 00 00 00 ff 00 00 00 00 00 00 00 00 00 ff 00 00 00 00 00 00 00 00 00 ff 00 00 00 00 00 00 00 00 01 00 00
  9388 ms  64 B  05 07 00 eb 15 5e 13 40 00 71 00 00 ff 00 00 00 00 00 00 00 00 00 ff 00 00 00 00 00 00 00 00 00 ff 00 00 00 00 00 00 00 00 00 ff 00 00 00 00 00 00 00 00 00 ff 00 00 00 00 00 00 00 00 01 00 00
  9394 ms  64 B  05 07 00 e1 15 4e 13 40 00 71 00 00 ff 00 00 00 00 00 00 00 00 00 ff 00 00 00 00 00 00 00 00 00 ff 00 00 00 00 00 00 00 00 00 ff 00 00 00 00 00 00 00 00 00 ff 00 00 00 00 00 00 00 00 01 00 00
  9395 ms  64 B  05 07 00 d7 15 3d 13 40 00 71 00 00 ff 00 00 00 00 00 00 00 00 00 ff 00 00 00 00 00 00 00 00 00 ff 00 00 00 00 00 00 00 00 00 ff 00 00 00 00 00 00 00 00 00 ff 00 00 00 00 00 00 00 00 01 00 00
  9396 ms  64 B  05 07 00 cf 15 2c 13 40 00 71 00 00 ff 00 00 00 00 00 00 00 00 00 ff 00 00 00 00 00 00 00 00 00 ff 00 00 00 00 00 00 00 00 00 ff 00 00 00 00 00 00 00 00 00 ff 00 00 00 00 00 00 00 00 01 00 00
  9402 ms  64 B  05 07 00 c7 15 26 13 40 00 71 00 00 ff 00 00 00 00 00 00 00 00 00 ff 00 00 00 00 00 00 00 00 00 ff 00 00 00 00 00 00 00 00 00 ff 00 00 00 00 00 00 00 00 00 ff 00 00 00 00 00 00 00 00 01 00 00
  9403 ms  64 B  05 07 00 c0 15 26 13 40 00 71 00 00 ff 00 00 00 00 00 00 00 00 00 ff 00 00 00 00 00 00 00 00 00 ff 00 00 00 00 00 00 00 00 00 ff 00 00 00 00 00 00 00 00 00 ff 00 00 00 00 00 00 00 00 01 00 00
  9404 ms  64 B  05 07 00 ba 15 2c 13 40 00 71 00 00 ff 00 00 00 00 00 00 00 00 00 ff 00 00 00 00 00 00 00 00 00 ff 00 00 00 00 00 00 00 00 00 ff 00 00 00 00 00 00 00 00 00 ff 00 00 00 00 00 00 00 00 01 00 00
  9410 ms  64 B  05 07 00 b5 15 2e 13 40 00 71 00 00 ff 00 00 00 00 00 00 00 00 00 ff 00 00 00 00 00 00 00 00 00 ff 00 00 00 00 00 00 00 00 00 ff 00 00 00 00 00 00 00 00 00 ff 00 00 00 00 00 00 00 00 01 00 00
  9411 ms  64 B  05 07 00 b0 15 32 13 40 00 71 00 00 ff 00 00 00 00 00 00 00 00 00 ff 00 00 00 00 00 00 00 00 00 ff 00 00 00 00 00 00 00 00 00 ff 00 00 00 00 00 00 00 00 00 ff 00 00 00 00 00 00 00 00 01 00 00
  9412 ms  64 B  05 07 00 ac 15 38 13 40 00 71 00 00 ff 00 00 00 00 00 00 00 00 00 ff 00 00 00 00 00 00 00 00 00 ff 00 00 00 00 00 00 00 00 00 ff 00 00 00 00 00 00 00 00 00 ff 00 00 00 00 00 00 00 00 01 00 00
  9418 ms  64 B  05 07 00 a9 15 3e 13 40 00 71 00 00 ff 00 00 00 00 00 00 00 00 00 ff 00 00 00 00 00 00 00 00 00 ff 00 00 00 00 00 00 00 00 00 ff 00 00 00 00 00 00 00 00 00 ff 00 00 00 00 00 00 00 00 01 00 00
  9419 ms  64 B  05 07 00 a6 15 47 13 40 00 71 00 00 ff 00 00 00 00 00 00 00 00 00 ff 00 00 00 00 00 00 00 00 00 ff 00 00 00 00 00 00 00 00 00 ff 00 00 00 00 00 00 00 00 00 ff 00 00 00 00 00 00 00 00 01 00 00
  9420 ms  64 B  05 07 00 a5 15 51 13 40 00 71 00 00 ff 00 00 00 00 00 00 00 00 00 ff 00 00 00 00 00 00 00 00 00 ff 00 00 00 00 00 00 00 00 00 ff 00 00 00 00 00 00 00 00 00 ff 00 00 00 00 00 00 00 00 01 00 00
  9426 ms  64 B  05 07 00 a3 15 59 13 40 00 71 00 00 ff 00 00 00 00 00 00 00 00 00 ff 00 00 00 00 00 00 00 00 00 ff 00 00 00 00 00 00 00 00 00 ff 00 00 00 00 00 00 00 00 00 ff 00 00 00 00 00 00 00 00 01 00 00
  9427 ms  64 B  05 07 00 a1 15 61 13 40 00 71 00 00 ff 00 00 00 00 00 00 00 00 00 ff 00 00 00 00 00 00 00 00 00 ff 00 00 00 00 00 00 00 00 00 ff 00 00 00 00 00 00 00 00 00 ff 00 00 00 00 00 00 00 00 01 00 00
  9428 ms  64 B  05 07 00 9e 15 6a 13 40 00 71 00 00 ff 00 00 00 00 00 00 00 00 00 ff 00 00 00 00 00 00 00 00 00 ff 00 00 00 00 00 00 00 00 00 ff 00 00 00 00 00 00 00 00 00 ff 00 00 00 00 00 00 00 00 01 00 00
  9433 ms  64 B  05 07 00 9d 15 70 13 40 00 71 00 00 ff 00 00 00 00 00 00 00 00 00 ff 00 00 00 00 00 00 00 00 00 ff 00 00 00 00 00 00 00 00 00 ff 00 00 00 00 00 00 00 00 00 ff 00 00 00 00 00 00 00 00 01 00 00
  9434 ms  64 B  05 07 00 9d 15 74 13 40 00 71 00 00 ff 00 00 00 00 00 00 00 00 00 ff 00 00 00 00 00 00 00 00 00 ff 00 00 00 00 00 00 00 00 00 ff 00 00 00 00 00 00 00 00 00 ff 00 00 00 00 00 00 00 00 01 00 00
  9435 ms  64 B  05 07 00 9e 15 77 13 40 00 71 00 00 ff 00 00 00 00 00 00 00 00 00 ff 00 00 00 00 00 00 00 00 00 ff 00 00 00 00 00 00 00 00 00 ff 00 00 00 00 00 00 00 00 00 ff 00 00 00 00 00 00 00 00 01 00 00
  9441 ms  64 B  05 07 00 a0 15 7d 13 40 00 71 00 00 ff 00 00 00 00 00 00 00 00 00 ff 00 00 00 00 00 00 00 00 00 ff 00 00 00 00 00 00 00 00 00 ff 00 00 00 00 00 00 00 00 00 ff 00 00 00 00 00 00 00 00 01 00 00
  9442 ms  64 B  05 07 00 a2 15 85 13 40 00 71 00 00 ff 00 00 00 00 00 00 00 00 00 ff 00 00 00 00 00 00 00 00 00 ff 00 00 00 00 00 00 00 00 00 ff 00 00 00 00 00 00 00 00 00 ff 00 00 00 00 00 00 00 00 01 00 00
  9443 ms  64 B  05 07 00 a5 15 90 13 40 00 71 00 00 ff 00 00 00 00 00 00 00 00 00 ff 00 00 00 00 00 00 00 00 00 ff 00 00 00 00 00 00 00 00 00 ff 00 00 00 00 00 00 00 00 00 ff 00 00 00 00 00 00 00 00 01 00 00
  9449 ms  64 B  05 07 00 a6 15 96 13 40 00 71 00 00 ff 00 00 00 00 00 00 00 00 00 ff 00 00 00 00 00 00 00 00 00 ff 00 00 00 00 00 00 00 00 00 ff 00 00 00 00 00 00 00 00 00 ff 00 00 00 00 00 00 00 00 01 00 00
  9450 ms  64 B  05 07 00 a6 15 9a 13 40 00 71 00 00 ff 00 00 00 00 00 00 00 00 00 ff 00 00 00 00 00 00 00 00 00 ff 00 00 00 00 00 00 00 00 00 ff 00 00 00 00 00 00 00 00 00 ff 00 00 00 00 00 00 00 00 01 00 00
  9451 ms  64 B  05 07 00 a5 15 9d 13 40 00 71 00 00 ff 00 00 00 00 00 00 00 00 00 ff 00 00 00 00 00 00 00 00 00 ff 00 00 00 00 00 00 00 00 00 ff 00 00 00 00 00 00 00 00 00 ff 00 00 00 00 00 00 00 00 01 00 00
  9457 ms  64 B  05 07 00 a5 15 9f 13 40 00 71 00 00 ff 00 00 00 00 00 00 00 00 00 ff 00 00 00 00 00 00 00 00 00 ff 00 00 00 00 00 00 00 00 00 ff 00 00 00 00 00 00 00 00 00 ff 00 00 00 00 00 00 00 00 01 00 00
  9458 ms  64 B  05 07 00 a5 15 9e 13 40 00 71 00 00 ff 00 00 00 00 00 00 00 00 00 ff 00 00 00 00 00 00 00 00 00 ff 00 00 00 00 00 00 00 00 00 ff 00 00 00 00 00 00 00 00 00 ff 00 00 00 00 00 00 00 00 01 00 00
  9459 ms  64 B  05 07 00 a5 15 9d 13 40 00 71 00 00 ff 00 00 00 00 00 00 00 00 00 ff 00 00 00 00 00 00 00 00 00 ff 00 00 00 00 00 00 00 00 00 ff 00 00 00 00 00 00 00 00 00 ff 00 00 00 00 00 00 00 00 01 00 00
  9465 ms  64 B  05 07 00 a3 15 9f 13 40 00 71 00 00 ff 00 00 00 00 00 00 00 00 00 ff 00 00 00 00 00 00 00 00 00 ff 00 00 00 00 00 00 00 00 00 ff 00 00 00 00 00 00 00 00 00 ff 00 00 00 00 00 00 00 00 01 00 00
  9466 ms  64 B  05 07 00 a1 15 a3 13 40 00 71 00 00 ff 00 00 00 00 00 00 00 00 00 ff 00 00 00 00 00 00 00 00 00 ff 00 00 00 00 00 00 00 00 00 ff 00 00 00 00 00 00 00 00 00 ff 00 00 00 00 00 00 00 00 01 00 00
  9467 ms  64 B  05 07 00 9e 15 a9 13 40 00 71 00 00 ff 00 00 00 00 00 00 00 00 00 ff 00 00 00 00 00 00 00 00 00 ff 00 00 00 00 00 00 00 00 00 ff 00 00 00 00 00 00 00 00 00 ff 00 00 00 00 00 00 00 00 01 00 00
  9473 ms  64 B  05 07 00 9d 15 ab 13 40 00 71 00 00 ff 00 00 00 00 00 00 00 00 00 ff 00 00 00 00 00 00 00 00 00 ff 00 00 00 00 00 00 00 00 00 ff 00 00 00 00 00 00 00 00 00 ff 00 00 00 00 00 00 00 00 01 00 00
           … repeated 1×
  9475 ms  64 B  05 07 00 9e 15 a9 13 40 00 71 00 00 ff 00 00 00 00 00 00 00 00 00 ff 00 00 00 00 00 00 00 00 00 ff 00 00 00 00 00 00 00 00 00 ff 00 00 00 00 00 00 00 00 00 ff 00 00 00 00 00 00 00 00 01 00 00
  9480 ms  64 B  05 07 00 9c 15 a9 13 40 00 71 00 00 ff 00 00 00 00 00 00 00 00 00 ff 00 00 00 00 00 00 00 00 00 ff 00 00 00 00 00 00 00 00 00 ff 00 00 00 00 00 00 00 00 00 ff 00 00 00 00 00 00 00 00 01 00 00
  9481 ms  64 B  05 07 00 9a 15 a9 13 40 00 71 00 00 ff 00 00 00 00 00 00 00 00 00 ff 00 00 00 00 00 00 00 00 00 ff 00 00 00 00 00 00 00 00 00 ff 00 00 00 00 00 00 00 00 00 ff 00 00 00 00 00 00 00 00 01 00 00
  9482 ms  64 B  05 07 00 97 15 a9 13 40 00 71 00 00 ff 00 00 00 00 00 00 00 00 00 ff 00 00 00 00 00 00 00 00 00 ff 00 00 00 00 00 00 00 00 00 ff 00 00 00 00 00 00 00 00 00 ff 00 00 00 00 00 00 00 00 01 00 00
  9489 ms  64 B  05 07 00 8a 15 a9 13 40 00 71 00 00 ff 00 00 00 00 00 00 00 00 00 ff 00 00 00 00 00 00 00 00 00 ff 00 00 00 00 00 00 00 00 00 ff 00 00 00 00 00 00 00 00 00 ff 00 00 00 00 00 00 00 00 01 00 00
  9490 ms  64 B  05 07 00 77 15 a9 13 40 00 71 00 00 ff 00 00 00 00 00 00 00 00 00 ff 00 00 00 00 00 00 00 00 00 ff 00 00 00 00 00 00 00 00 00 ff 00 00 00 00 00 00 00 00 00 ff 00 00 00 00 00 00 00 00 01 00 00
  9491 ms  64 B  05 07 00 5f 15 a9 13 40 00 71 00 00 ff 00 00 00 00 00 00 00 00 00 ff 00 00 00 00 00 00 00 00 00 ff 00 00 00 00 00 00 00 00 00 ff 00 00 00 00 00 00 00 00 00 ff 00 00 00 00 00 00 00 00 01 00 00
  9498 ms  64 B  05 07 00 47 15 a9 13 40 00 71 00 00 ff 00 00 00 00 00 00 00 00 00 ff 00 00 00 00 00 00 00 00 00 ff 00 00 00 00 00 00 00 00 00 ff 00 00 00 00 00 00 00 00 00 ff 00 00 00 00 00 00 00 00 01 00 00
  9499 ms  64 B  05 07 00 2b 15 a9 13 40 00 71 00 00 ff 00 00 00 00 00 00 00 00 00 ff 00 00 00 00 00 00 00 00 00 ff 00 00 00 00 00 00 00 00 00 ff 00 00 00 00 00 00 00 00 00 ff 00 00 00 00 00 00 00 00 01 00 00
  9500 ms  64 B  05 07 00 0b 15 a9 13 40 00 71 00 00 ff 00 00 00 00 00 00 00 00 00 ff 00 00 00 00 00 00 00 00 00 ff 00 00 00 00 00 00 00 00 00 ff 00 00 00 00 00 00 00 00 00 ff 00 00 00 00 00 00 00 00 01 00 00
  9508 ms  64 B  05 07 00 ef 14 a9 13 40 00 71 00 00 ff 00 00 00 00 00 00 00 00 00 ff 00 00 00 00 00 00 00 00 00 ff 00 00 00 00 00 00 00 00 00 ff 00 00 00 00 00 00 00 00 00 ff 00 00 00 00 00 00 00 00 01 00 00
  9508 ms  64 B  05 07 00 d3 14 a9 13 40 00 71 00 00 ff 00 00 00 00 00 00 00 00 00 ff 00 00 00 00 00 00 00 00 00 ff 00 00 00 00 00 00 00 00 00 ff 00 00 00 00 00 00 00 00 00 ff 00 00 00 00 00 00 00 00 01 00 00
  9509 ms  64 B  05 07 00 b7 14 a9 13 40 00 71 00 00 ff 00 00 00 00 00 00 00 00 00 ff 00 00 00 00 00 00 00 00 00 ff 00 00 00 00 00 00 00 00 00 ff 00 00 00 00 00 00 00 00 00 ff 00 00 00 00 00 00 00 00 01 00 00
  9514 ms  64 B  05 07 00 af 14 a6 13 40 00 71 00 00 ff 00 00 00 00 00 00 00 00 00 ff 00 00 00 00 00 00 00 00 00 ff 00 00 00 00 00 00 00 00 00 ff 00 00 00 00 00 00 00 00 00 ff 00 00 00 00 00 00 00 00 01 00 00
  9515 ms  64 B  05 07 00 b2 14 a1 13 40 00 71 00 00 ff 00 00 00 00 00 00 00 00 00 ff 00 00 00 00 00 00 00 00 00 ff 00 00 00 00 00 00 00 00 00 ff 00 00 00 00 00 00 00 00 00 ff 00 00 00 00 00 00 00 00 01 00 00
  9516 ms  64 B  05 07 00 be 14 9c 13 40 00 71 00 00 ff 00 00 00 00 00 00 00 00 00 ff 00 00 00 00 00 00 00 00 00 ff 00 00 00 00 00 00 00 00 00 ff 00 00 00 00 00 00 00 00 00 ff 00 00 00 00 00 00 00 00 01 00 00
  9522 ms  64 B  05 07 00 cc 14 9a 13 40 00 71 00 00 ff 00 00 00 00 00 00 00 00 00 ff 00 00 00 00 00 00 00 00 00 ff 00 00 00 00 00 00 00 00 00 ff 00 00 00 00 00 00 00 00 00 ff 00 00 00 00 00 00 00 00 01 00 00
  9523 ms  64 B  05 07 00 e1 14 9b 13 40 00 71 00 00 ff 00 00 00 00 00 00 00 00 00 ff 00 00 00 00 00 00 00 00 00 ff 00 00 00 00 00 00 00 00 00 ff 00 00 00 00 00 00 00 00 00 ff 00 00 00 00 00 00 00 00 01 00 00
  9524 ms  64 B  05 07 00 fd 14 9c 13 40 00 71 00 00 ff 00 00 00 00 00 00 00 00 00 ff 00 00 00 00 00 00 00 00 00 ff 00 00 00 00 00 00 00 00 00 ff 00 00 00 00 00 00 00 00 00 ff 00 00 00 00 00 00 00 00 01 00 00
  9531 ms  64 B  05 07 00 14 15 9c 13 40 00 71 00 00 ff 00 00 00 00 00 00 00 00 00 ff 00 00 00 00 00 00 00 00 00 ff 00 00 00 00 00 00 00 00 00 ff 00 00 00 00 00 00 00 00 00 ff 00 00 00 00 00 00 00 00 01 00 00
  9532 ms  64 B  05 07 00 2e 15 9d 13 40 00 71 00 00 ff 00 00 00 00 00 00 00 00 00 ff 00 00 00 00 00 00 00 00 00 ff 00 00 00 00 00 00 00 00 00 ff 00 00 00 00 00 00 00 00 00 ff 00 00 00 00 00 00 00 00 01 00 00
  9533 ms  64 B  05 07 00 4a 15 9d 13 40 00 71 00 00 ff 00 00 00 00 00 00 00 00 00 ff 00 00 00 00 00 00 00 00 00 ff 00 00 00 00 00 00 00 00 00 ff 00 00 00 00 00 00 00 00 00 ff 00 00 00 00 00 00 00 00 01 00 00
  9540 ms  64 B  05 07 00 60 15 9e 13 40 00 71 00 00 ff 00 00 00 00 00 00 00 00 00 ff 00 00 00 00 00 00 00 00 00 ff 00 00 00 00 00 00 00 00 00 ff 00 00 00 00 00 00 00 00 00 ff 00 00 00 00 00 00 00 00 01 00 00
  9541 ms  64 B  05 07 00 75 15 9d 13 40 00 71 00 00 ff 00 00 00 00 00 00 00 00 00 ff 00 00 00 00 00 00 00 00 00 ff 00 00 00 00 00 00 00 00 00 ff 00 00 00 00 00 00 00 00 00 ff 00 00 00 00 00 00 00 00 01 00 00
  9542 ms  64 B  05 07 00 88 15 9d 13 40 00 71 00 00 ff 00 00 00 00 00 00 00 00 00 ff 00 00 00 00 00 00 00 00 00 ff 00 00 00 00 00 00 00 00 00 ff 00 00 00 00 00 00 00 00 00 ff 00 00 00 00 00 00 00 00 01 00 00
  9548 ms  64 B  05 07 00 9c 15 9a 13 40 00 71 00 04 02 3f 14 8f 13 40 00 71 00 00 ff 00 00 00 00 00 00 00 00 00 ff 00 00 00 00 00 00 00 00 00 ff 00 00 00 00 00 00 00 00 00 ff 00 00 00 00 00 00 00 00 02 00 00
  9549 ms  64 B  05 07 00 af 15 95 13 40 00 71 00 07 02 3f 14 8f 13 40 00 71 00 00 ff 00 00 00 00 00 00 00 00 00 ff 00 00 00 00 00 00 00 00 00 ff 00 00 00 00 00 00 00 00 00 ff 00 00 00 00 00 00 00 00 02 00 00
  9550 ms  64 B  05 07 00 c1 15 90 13 40 00 71 00 07 02 3f 14 8f 13 40 00 71 00 00 ff 00 00 00 00 00 00 00 00 00 ff 00 00 00 00 00 00 00 00 00 ff 00 00 00 00 00 00 00 00 00 ff 00 00 00 00 00 00 00 00 02 00 00
  9558 ms  64 B  05 07 00 cf 15 8c 13 40 00 71 00 07 02 3f 14 8f 13 40 00 71 00 00 ff 00 00 00 00 00 00 00 00 00 ff 00 00 00 00 00 00 00 00 00 ff 00 00 00 00 00 00 00 00 00 ff 00 00 00 00 00 00 00 00 02 00 00
  9558 ms  64 B  05 07 00 db 15 88 13 40 00 71 00 07 02 3f 14 8f 13 40 00 71 00 00 ff 00 00 00 00 00 00 00 00 00 ff 00 00 00 00 00 00 00 00 00 ff 00 00 00 00 00 00 00 00 00 ff 00 00 00 00 00 00 00 00 02 00 00
  9559 ms  64 B  05 07 00 e4 15 83 13 40 00 71 00 07 02 3f 14 8f 13 40 00 71 00 00 ff 00 00 00 00 00 00 00 00 00 ff 00 00 00 00 00 00 00 00 00 ff 00 00 00 00 00 00 00 00 00 ff 00 00 00 00 00 00 00 00 02 00 00
  9565 ms  64 B  05 07 00 ef 15 7e 13 40 00 71 00 07 02 3f 14 8f 13 40 00 71 00 00 ff 00 00 00 00 00 00 00 00 00 ff 00 00 00 00 00 00 00 00 00 ff 00 00 00 00 00 00 00 00 00 ff 00 00 00 00 00 00 00 00 02 00 00
  9566 ms  64 B  05 07 00 fb 15 7b 13 40 00 71 00 07 02 3f 14 8f 13 40 00 71 00 00 ff 00 00 00 00 00 00 00 00 00 ff 00 00 00 00 00 00 00 00 00 ff 00 00 00 00 00 00 00 00 00 ff 00 00 00 00 00 00 00 00 02 00 00
  9567 ms  64 B  05 07 00 07 16 77 13 40 00 71 00 07 02 3f 14 8f 13 40 00 71 00 00 ff 00 00 00 00 00 00 00 00 00 ff 00 00 00 00 00 00 00 00 00 ff 00 00 00 00 00 00 00 00 00 ff 00 00 00 00 00 00 00 00 02 00 00
  9574 ms  64 B  05 07 00 0b 16 5a 13 40 00 71 00 07 02 3f 14 8f 13 40 00 71 00 00 ff 00 00 00 00 00 00 00 00 00 ff 00 00 00 00 00 00 00 00 00 ff 00 00 00 00 00 00 00 00 00 ff 00 00 00 00 00 00 00 00 02 00 00
  9575 ms  64 B  05 07 00 0b 16 30 13 40 00 71 00 07 02 3f 14 8f 13 40 00 71 00 00 ff 00 00 00 00 00 00 00 00 00 ff 00 00 00 00 00 00 00 00 00 ff 00 00 00 00 00 00 00 00 00 ff 00 00 00 00 00 00 00 00 02 00 00
  9577 ms  64 B  05 07 00 07 16 f9 12 40 00 71 00 07 02 3f 14 8f 13 40 00 71 00 00 ff 00 00 00 00 00 00 00 00 00 ff 00 00 00 00 00 00 00 00 00 ff 00 00 00 00 00 00 00 00 00 ff 00 00 00 00 00 00 00 00 02 00 00
  9583 ms  64 B  05 07 00 05 16 c5 12 40 00 71 00 07 02 3f 14 8f 13 40 00 71 00 00 ff 00 00 00 00 00 00 00 00 00 ff 00 00 00 00 00 00 00 00 00 ff 00 00 00 00 00 00 00 00 00 ff 00 00 00 00 00 00 00 00 02 00 00
  9584 ms  64 B  05 07 00 03 16 8a 12 40 00 71 00 07 02 3f 14 8f 13 40 00 71 00 00 ff 00 00 00 00 00 00 00 00 00 ff 00 00 00 00 00 00 00 00 00 ff 00 00 00 00 00 00 00 00 00 ff 00 00 00 00 00 00 00 00 02 00 00
  9585 ms  64 B  05 07 00 00 16 4a 12 40 00 71 00 07 02 3f 14 8f 13 40 00 71 00 00 ff 00 00 00 00 00 00 00 00 00 ff 00 00 00 00 00 00 00 00 00 ff 00 00 00 00 00 00 00 00 00 ff 00 00 00 00 00 00 00 00 02 00 00
  9591 ms  64 B  05 07 00 fe 15 2c 12 40 00 71 00 07 02 3f 14 8f 13 40 00 71 00 00 ff 00 00 00 00 00 00 00 00 00 ff 00 00 00 00 00 00 00 00 00 ff 00 00 00 00 00 00 00 00 00 ff 00 00 00 00 00 00 00 00 02 00 00
  9591 ms  64 B  05 07 00 fc 15 1b 12 40 00 71 00 07 02 3f 14 8f 13 40 00 71 00 00 ff 00 00 00 00 00 00 00 00 00 ff 00 00 00 00 00 00 00 00 00 ff 00 00 00 00 00 00 00 00 00 ff 00 00 00 00 00 00 00 00 02 00 00
  9592 ms  64 B  05 07 00 f9 15 18 12 40 00 71 00 07 02 3f 14 8f 13 40 00 71 00 00 ff 00 00 00 00 00 00 00 00 00 ff 00 00 00 00 00 00 00 00 00 ff 00 00 00 00 00 00 00 00 00 ff 00 00 00 00 00 00 00 00 02 00 00
  9598 ms  64 B  05 07 00 f8 15 12 12 40 00 71 00 07 02 3f 14 8f 13 40 00 71 00 00 ff 00 00 00 00 00 00 00 00 00 ff 00 00 00 00 00 00 00 00 00 ff 00 00 00 00 00 00 00 00 00 ff 00 00 00 00 00 00 00 00 02 00 00
           … repeated 1×
  9600 ms  64 B  05 07 00 f9 15 18 12 40 00 71 00 07 02 3f 14 8f 13 40 00 71 00 00 ff 00 00 00 00 00 00 00 00 00 ff 00 00 00 00 00 00 00 00 00 ff 00 00 00 00 00 00 00 00 00 ff 00 00 00 00 00 00 00 00 02 00 00
  9606 ms  64 B  05 07 00 f9 15 1e 12 40 00 71 00 07 02 3f 14 8f 13 40 00 71 00 00 ff 00 00 00 00 00 00 00 00 00 ff 00 00 00 00 00 00 00 00 00 ff 00 00 00 00 00 00 00 00 00 ff 00 00 00 00 00 00 00 00 02 00 00
  9607 ms  64 B  05 07 00 f9 15 26 12 40 00 71 00 07 02 3f 14 8f 13 40 00 71 00 00 ff 00 00 00 00 00 00 00 00 00 ff 00 00 00 00 00 00 00 00 00 ff 00 00 00 00 00 00 00 00 00 ff 00 00 00 00 00 00 00 00 02 00 00
  9608 ms  64 B  05 07 00 f9 15 31 12 40 00 71 00 07 02 3f 14 8f 13 40 00 71 00 00 ff 00 00 00 00 00 00 00 00 00 ff 00 00 00 00 00 00 00 00 00 ff 00 00 00 00 00 00 00 00 00 ff 00 00 00 00 00 00 00 00 02 00 00
  9615 ms  64 B  05 07 00 f7 15 37 12 40 00 71 00 07 02 3f 14 8f 13 40 00 71 00 00 ff 00 00 00 00 00 00 00 00 00 ff 00 00 00 00 00 00 00 00 00 ff 00 00 00 00 00 00 00 00 00 ff 00 00 00 00 00 00 00 00 02 00 00
  9615 ms  64 B  05 07 00 f5 15 3a 12 40 00 71 00 07 02 3f 14 8f 13 40 00 71 00 00 ff 00 00 00 00 00 00 00 00 00 ff 00 00 00 00 00 00 00 00 00 ff 00 00 00 00 00 00 00 00 00 ff 00 00 00 00 00 00 00 00 02 00 00
  9616 ms  64 B  05 07 00 f2 15 3d 12 40 00 71 00 07 02 3f 14 8f 13 40 00 71 00 00 ff 00 00 00 00 00 00 00 00 00 ff 00 00 00 00 00 00 00 00 00 ff 00 00 00 00 00 00 00 00 00 ff 00 00 00 00 00 00 00 00 02 00 00
  9622 ms  64 B  05 07 00 f1 15 43 12 40 00 71 00 07 02 3f 14 8f 13 40 00 71 00 00 ff 00 00 00 00 00 00 00 00 00 ff 00 00 00 00 00 00 00 00 00 ff 00 00 00 00 00 00 00 00 00 ff 00 00 00 00 00 00 00 00 02 00 00
  9622 ms  64 B  05 07 00 f1 15 4c 12 40 00 71 00 07 02 3f 14 8f 13 40 00 71 00 00 ff 00 00 00 00 00 00 00 00 00 ff 00 00 00 00 00 00 00 00 00 ff 00 00 00 00 00 00 00 00 00 ff 00 00 00 00 00 00 00 00 02 00 00
  9623 ms  64 B  05 07 00 f2 15 56 12 40 00 71 00 07 02 3f 14 8f 13 40 00 71 00 00 ff 00 00 00 00 00 00 00 00 00 ff 00 00 00 00 00 00 00 00 00 ff 00 00 00 00 00 00 00 00 00 ff 00 00 00 00 00 00 00 00 02 00 00
  9630 ms  64 B  05 07 00 f2 15 5e 12 40 00 71 00 07 02 3f 14 8f 13 40 00 71 00 00 ff 00 00 00 00 00 00 00 00 00 ff 00 00 00 00 00 00 00 00 00 ff 00 00 00 00 00 00 00 00 00 ff 00 00 00 00 00 00 00 00 02 00 00
  9630 ms  64 B  05 07 00 f2 15 66 12 40 00 71 00 07 02 3f 14 8f 13 40 00 71 00 00 ff 00 00 00 00 00 00 00 00 00 ff 00 00 00 00 00 00 00 00 00 ff 00 00 00 00 00 00 00 00 00 ff 00 00 00 00 00 00 00 00 02 00 00
  9631 ms  64 B  05 07 00 f2 15 6f 12 40 00 71 00 07 02 3f 14 8f 13 40 00 71 00 00 ff 00 00 00 00 00 00 00 00 00 ff 00 00 00 00 00 00 00 00 00 ff 00 00 00 00 00 00 00 00 00 ff 00 00 00 00 00 00 00 00 02 00 00
  9636 ms  64 B  05 07 00 f2 15 77 12 40 00 71 00 07 02 3f 14 8f 13 40 00 71 00 00 ff 00 00 00 00 00 00 00 00 00 ff 00 00 00 00 00 00 00 00 00 ff 00 00 00 00 00 00 00 00 00 ff 00 00 00 00 00 00 00 00 02 00 00
  9637 ms  64 B  05 07 00 f2 15 7f 12 40 00 71 00 07 02 3f 14 8f 13 40 00 71 00 00 ff 00 00 00 00 00 00 00 00 00 ff 00 00 00 00 00 00 00 00 00 ff 00 00 00 00 00 00 00 00 00 ff 00 00 00 00 00 00 00 00 02 00 00
  9638 ms  64 B  05 07 00 f2 15 88 12 40 00 71 00 07 02 3f 14 8f 13 40 00 71 00 00 ff 00 00 00 00 00 00 00 00 00 ff 00 00 00 00 00 00 00 00 00 ff 00 00 00 00 00 00 00 00 00 ff 00 00 00 00 00 00 00 00 02 00 00
  9644 ms  64 B  05 07 00 f2 15 8e 12 40 00 71 00 07 02 3f 14 8f 13 40 00 71 00 00 ff 00 00 00 00 00 00 00 00 00 ff 00 00 00 00 00 00 00 00 00 ff 00 00 00 00 00 00 00 00 00 ff 00 00 00 00 00 00 00 00 02 00 00
  9645 ms  64 B  05 07 00 f2 15 92 12 40 00 71 00 07 02 3f 14 8f 13 40 00 71 00 00 ff 00 00 00 00 00 00 00 00 00 ff 00 00 00 00 00 00 00 00 00 ff 00 00 00 00 00 00 00 00 00 ff 00 00 00 00 00 00 00 00 02 00 00
  9646 ms  64 B  05 07 00 f2 15 95 12 40 00 71 00 07 02 3f 14 8f 13 40 00 71 00 00 ff 00 00 00 00 00 00 00 00 00 ff 00 00 00 00 00 00 00 00 00 ff 00 00 00 00 00 00 00 00 00 ff 00 00 00 00 00 00 00 00 02 00 00
  9654 ms  64 B  05 07 00 f2 15 99 12 40 00 71 00 07 02 3f 14 8f 13 40 00 71 00 00 ff 00 00 00 00 00 00 00 00 00 ff 00 00 00 00 00 00 00 00 00 ff 00 00 00 00 00 00 00 00 00 ff 00 00 00 00 00 00 00 00 02 00 00
  9654 ms  64 B  05 07 00 f2 15 9d 12 40 00 71 00 07 02 3f 14 8f 13 40 00 71 00 00 ff 00 00 00 00 00 00 00 00 00 ff 00 00 00 00 00 00 00 00 00 ff 00 00 00 00 00 00 00 00 00 ff 00 00 00 00 00 00 00 00 02 00 00
  9655 ms  64 B  05 07 00 f2 15 a2 12 40 00 71 00 07 02 3f 14 8f 13 40 00 71 00 00 ff 00 00 00 00 00 00 00 00 00 ff 00 00 00 00 00 00 00 00 00 ff 00 00 00 00 00 00 00 00 00 ff 00 00 00 00 00 00 00 00 02 00 00
  9661 ms  64 B  05 07 00 f2 15 a4 12 40 00 71 00 07 02 3f 14 8f 13 40 00 71 00 00 ff 00 00 00 00 00 00 00 00 00 ff 00 00 00 00 00 00 00 00 00 ff 00 00 00 00 00 00 00 00 00 ff 00 00 00 00 00 00 00 00 02 00 00
  9662 ms  64 B  05 07 00 f2 15 a3 12 40 00 71 00 07 02 3f 14 8f 13 40 00 71 00 00 ff 00 00 00 00 00 00 00 00 00 ff 00 00 00 00 00 00 00 00 00 ff 00 00 00 00 00 00 00 00 00 ff 00 00 00 00 00 00 00 00 02 00 00
  9663 ms  64 B  05 07 00 f2 15 a2 12 40 00 71 00 07 02 3f 14 8f 13 40 00 71 00 00 ff 00 00 00 00 00 00 00 00 00 ff 00 00 00 00 00 00 00 00 00 ff 00 00 00 00 00 00 00 00 00 ff 00 00 00 00 00 00 00 00 02 00 00
  9670 ms  64 B  05 07 00 f2 15 a4 12 40 00 71 00 07 02 3f 14 8f 13 40 00 71 00 00 ff 00 00 00 00 00 00 00 00 00 ff 00 00 00 00 00 00 00 00 00 ff 00 00 00 00 00 00 00 00 00 ff 00 00 00 00 00 00 00 00 02 00 00
  9670 ms  64 B  05 07 00 f2 15 a8 12 40 00 71 00 07 02 3f 14 8f 13 40 00 71 00 00 ff 00 00 00 00 00 00 00 00 00 ff 00 00 00 00 00 00 00 00 00 ff 00 00 00 00 00 00 00 00 00 ff 00 00 00 00 00 00 00 00 02 00 00
  9671 ms  64 B  05 07 00 f2 15 ae 12 40 00 71 00 07 02 3f 14 8f 13 40 00 71 00 00 ff 00 00 00 00 00 00 00 00 00 ff 00 00 00 00 00 00 00 00 00 ff 00 00 00 00 00 00 00 00 00 ff 00 00 00 00 00 00 00 00 02 00 00
  9677 ms  64 B  05 07 00 f2 15 b0 12 40 00 71 00 07 02 3f 14 8f 13 40 00 71 00 00 ff 00 00 00 00 00 00 00 00 00 ff 00 00 00 00 00 00 00 00 00 ff 00 00 00 00 00 00 00 00 00 ff 00 00 00 00 00 00 00 00 02 00 00
           … repeated 1×
  9678 ms  64 B  05 07 00 f2 15 ae 12 40 00 71 00 07 02 3f 14 8f 13 40 00 71 00 00 ff 00 00 00 00 00 00 00 00 00 ff 00 00 00 00 00 00 00 00 00 ff 00 00 00 00 00 00 00 00 00 ff 00 00 00 00 00 00 00 00 02 00 00
           … repeated 9×
  9707 ms  64 B  05 07 00 f0 15 ae 12 40 00 71 00 07 02 3f 14 8f 13 40 00 71 00 00 ff 00 00 00 00 00 00 00 00 00 ff 00 00 00 00 00 00 00 00 00 ff 00 00 00 00 00 00 00 00 00 ff 00 00 00 00 00 00 00 00 02 00 00
  9708 ms  64 B  05 07 00 ee 15 ae 12 40 00 71 00 07 02 3f 14 8f 13 40 00 71 00 00 ff 00 00 00 00 00 00 00 00 00 ff 00 00 00 00 00 00 00 00 00 ff 00 00 00 00 00 00 00 00 00 ff 00 00 00 00 00 00 00 00 02 00 00
  9709 ms  64 B  05 07 00 eb 15 ae 12 40 00 71 00 07 02 3f 14 8f 13 40 00 71 00 00 ff 00 00 00 00 00 00 00 00 00 ff 00 00 00 00 00 00 00 00 00 ff 00 00 00 00 00 00 00 00 00 ff 00 00 00 00 00 00 00 00 02 00 00
  9716 ms  64 B  05 07 00 ea 15 ac 12 40 00 71 00 07 02 3f 14 8f 13 40 00 71 00 00 ff 00 00 00 00 00 00 00 00 00 ff 00 00 00 00 00 00 00 00 00 ff 00 00 00 00 00 00 00 00 00 ff 00 00 00 00 00 00 00 00 02 00 00
  9716 ms  64 B  05 07 00 ea 15 a8 12 40 00 71 00 07 02 3f 14 8f 13 40 00 71 00 00 ff 00 00 00 00 00 00 00 00 00 ff 00 00 00 00 00 00 00 00 00 ff 00 00 00 00 00 00 00 00 00 ff 00 00 00 00 00 00 00 00 02 00 00
  9717 ms  64 B  05 07 00 eb 15 a2 12 40 00 71 00 07 02 3f 14 8f 13 40 00 71 00 00 ff 00 00 00 00 00 00 00 00 00 ff 00 00 00 00 00 00 00 00 00 ff 00 00 00 00 00 00 00 00 00 ff 00 00 00 00 00 00 00 00 02 00 00
  9722 ms  64 B  05 07 00 eb 15 a0 12 40 00 71 00 07 02 3f 14 8f 13 40 00 71 00 00 ff 00 00 00 00 00 00 00 00 00 ff 00 00 00 00 00 00 00 00 00 ff 00 00 00 00 00 00 00 00 00 ff 00 00 00 00 00 00 00 00 02 00 00
           … repeated 1×
  9724 ms  64 B  05 07 00 eb 15 a2 12 40 00 71 00 07 02 3f 14 8f 13 40 00 71 00 00 ff 00 00 00 00 00 00 00 00 00 ff 00 00 00 00 00 00 00 00 00 ff 00 00 00 00 00 00 00 00 00 ff 00 00 00 00 00 00 00 00 02 00 00
  9732 ms  64 B  05 07 00 e9 15 a4 12 40 00 71 00 07 02 3f 14 8f 13 40 00 71 00 00 ff 00 00 00 00 00 00 00 00 00 ff 00 00 00 00 00 00 00 00 00 ff 00 00 00 00 00 00 00 00 00 ff 00 00 00 00 00 00 00 00 02 00 00
  9732 ms  64 B  05 07 00 e7 15 a8 12 40 00 71 00 07 02 3f 14 8f 13 40 00 71 00 00 ff 00 00 00 00 00 00 00 00 00 ff 00 00 00 00 00 00 00 00 00 ff 00 00 00 00 00 00 00 00 00 ff 00 00 00 00 00 00 00 00 02 00 00
  9733 ms  64 B  05 07 00 e4 15 ae 12 40 00 71 00 07 02 3f 14 8f 13 40 00 71 00 00 ff 00 00 00 00 00 00 00 00 00 ff 00 00 00 00 00 00 00 00 00 ff 00 00 00 00 00 00 00 00 00 ff 00 00 00 00 00 00 00 00 02 00 00
  9739 ms  64 B  05 07 00 e3 15 b1 12 40 00 71 00 07 02 3f 14 8f 13 40 00 71 00 00 ff 00 00 00 00 00 00 00 00 00 ff 00 00 00 00 00 00 00 00 00 ff 00 00 00 00 00 00 00 00 00 ff 00 00 00 00 00 00 00 00 02 00 00
  9739 ms  64 B  05 07 00 e3 15 b6 12 40 00 71 00 07 02 3f 14 8f 13 40 00 71 00 00 ff 00 00 00 00 00 00 00 00 00 ff 00 00 00 00 00 00 00 00 00 ff 00 00 00 00 00 00 00 00 00 ff 00 00 00 00 00 00 00 00 02 00 00
  9740 ms  64 B  05 07 00 e4 15 bb 12 40 00 71 00 07 02 3f 14 8f 13 40 00 71 00 00 ff 00 00 00 00 00 00 00 00 00 ff 00 00 00 00 00 00 00 00 00 ff 00 00 00 00 00 00 00 00 00 ff 00 00 00 00 00 00 00 00 02 00 00
  9747 ms  64 B  05 07 00 e4 15 c0 12 40 00 71 00 07 02 3f 14 8f 13 40 00 71 00 00 ff 00 00 00 00 00 00 00 00 00 ff 00 00 00 00 00 00 00 00 00 ff 00 00 00 00 00 00 00 00 00 ff 00 00 00 00 00 00 00 00 02 00 00
  9748 ms  64 B  05 07 00 e4 15 c3 12 40 00 71 00 07 02 3f 14 8f 13 40 00 71 00 00 ff 00 00 00 00 00 00 00 00 00 ff 00 00 00 00 00 00 00 00 00 ff 00 00 00 00 00 00 00 00 00 ff 00 00 00 00 00 00 00 00 02 00 00
  9749 ms  64 B  05 07 00 e4 15 c7 12 40 00 71 00 07 02 3f 14 8f 13 40 00 71 00 00 ff 00 00 00 00 00 00 00 00 00 ff 00 00 00 00 00 00 00 00 00 ff 00 00 00 00 00 00 00 00 00 ff 00 00 00 00 00 00 00 00 02 00 00
  9756 ms  64 B  05 07 00 e2 15 cd 12 40 00 71 00 07 02 3f 14 8f 13 40 00 71 00 00 ff 00 00 00 00 00 00 00 00 00 ff 00 00 00 00 00 00 00 00 00 ff 00 00 00 00 00 00 00 00 00 ff 00 00 00 00 00 00 00 00 02 00 00
  9756 ms  64 B  05 07 00 e0 15 d6 12 40 00 71 00 07 02 3f 14 8f 13 40 00 71 00 00 ff 00 00 00 00 00 00 00 00 00 ff 00 00 00 00 00 00 00 00 00 ff 00 00 00 00 00 00 00 00 00 ff 00 00 00 00 00 00 00 00 02 00 00
  9757 ms  64 B  05 07 00 dd 15 e0 12 40 00 71 00 07 02 3f 14 8f 13 40 00 71 00 00 ff 00 00 00 00 00 00 00 00 00 ff 00 00 00 00 00 00 00 00 00 ff 00 00 00 00 00 00 00 00 00 ff 00 00 00 00 00 00 00 00 02 00 00
  9764 ms  64 B  05 07 00 dc 15 e8 12 40 00 71 00 07 02 3f 14 8f 13 40 00 71 00 00 ff 00 00 00 00 00 00 00 00 00 ff 00 00 00 00 00 00 00 00 00 ff 00 00 00 00 00 00 00 00 00 ff 00 00 00 00 00 00 00 00 02 00 00
  9765 ms  64 B  05 07 00 dc 15 f0 12 40 00 71 00 07 02 3f 14 8f 13 40 00 71 00 00 ff 00 00 00 00 00 00 00 00 00 ff 00 00 00 00 00 00 00 00 00 ff 00 00 00 00 00 00 00 00 00 ff 00 00 00 00 00 00 00 00 02 00 00
  9766 ms  64 B  05 07 00 dd 15 f9 12 40 00 71 00 07 02 3f 14 8f 13 40 00 71 00 00 ff 00 00 00 00 00 00 00 00 00 ff 00 00 00 00 00 00 00 00 00 ff 00 00 00 00 00 00 00 00 00 ff 00 00 00 00 00 00 00 00 02 00 00
  9775 ms  64 B  05 07 00 db 15 ff 12 40 00 71 00 07 02 3f 14 8f 13 40 00 71 00 00 ff 00 00 00 00 00 00 00 00 00 ff 00 00 00 00 00 00 00 00 00 ff 00 00 00 00 00 00 00 00 00 ff 00 00 00 00 00 00 00 00 02 00 00
  9775 ms  64 B  05 07 00 d9 15 03 13 40 00 71 00 07 02 3f 14 8f 13 40 00 71 00 00 ff 00 00 00 00 00 00 00 00 00 ff 00 00 00 00 00 00 00 00 00 ff 00 00 00 00 00 00 00 00 00 ff 00 00 00 00 00 00 00 00 02 00 00
  9776 ms  64 B  05 07 00 d6 15 06 13 40 00 71 00 07 02 3f 14 8f 13 40 00 71 00 00 ff 00 00 00 00 00 00 00 00 00 ff 00 00 00 00 00 00 00 00 00 ff 00 00 00 00 00 00 00 00 00 ff 00 00 00 00 00 00 00 00 02 00 00
  9783 ms  64 B  05 07 00 d5 15 0a 13 40 00 71 00 07 02 3f 14 8f 13 40 00 71 00 00 ff 00 00 00 00 00 00 00 00 00 ff 00 00 00 00 00 00 00 00 00 ff 00 00 00 00 00 00 00 00 00 ff 00 00 00 00 00 00 00 00 02 00 00
  9784 ms  64 B  05 07 00 d5 15 0e 13 40 00 71 00 07 02 3f 14 8f 13 40 00 71 00 00 ff 00 00 00 00 00 00 00 00 00 ff 00 00 00 00 00 00 00 00 00 ff 00 00 00 00 00 00 00 00 00 ff 00 00 00 00 00 00 00 00 02 00 00
  9785 ms  64 B  05 07 00 d6 15 13 13 40 00 71 00 07 02 3f 14 8f 13 40 00 71 00 00 ff 00 00 00 00 00 00 00 00 00 ff 00 00 00 00 00 00 00 00 00 ff 00 00 00 00 00 00 00 00 00 ff 00 00 00 00 00 00 00 00 02 00 00
  9792 ms  64 B  05 07 00 d6 15 18 13 40 00 71 00 07 02 3f 14 8f 13 40 00 71 00 00 ff 00 00 00 00 00 00 00 00 00 ff 00 00 00 00 00 00 00 00 00 ff 00 00 00 00 00 00 00 00 00 ff 00 00 00 00 00 00 00 00 02 00 00
  9793 ms  64 B  05 07 00 d6 15 1b 13 40 00 71 00 07 02 3f 14 8f 13 40 00 71 00 00 ff 00 00 00 00 00 00 00 00 00 ff 00 00 00 00 00 00 00 00 00 ff 00 00 00 00 00 00 00 00 00 ff 00 00 00 00 00 00 00 00 02 00 00
  9794 ms  64 B  05 07 00 d6 15 1f 13 40 00 71 00 07 02 3f 14 8f 13 40 00 71 00 00 ff 00 00 00 00 00 00 00 00 00 ff 00 00 00 00 00 00 00 00 00 ff 00 00 00 00 00 00 00 00 00 ff 00 00 00 00 00 00 00 00 02 00 00
  9803 ms  64 B  05 07 00 d4 15 21 13 40 00 71 00 07 02 3f 14 8f 13 40 00 71 00 00 ff 00 00 00 00 00 00 00 00 00 ff 00 00 00 00 00 00 00 00 00 ff 00 00 00 00 00 00 00 00 00 ff 00 00 00 00 00 00 00 00 02 00 00
  9803 ms  64 B  05 07 00 d2 15 21 13 40 00 71 00 07 02 3f 14 8f 13 40 00 71 00 00 ff 00 00 00 00 00 00 00 00 00 ff 00 00 00 00 00 00 00 00 00 ff 00 00 00 00 00 00 00 00 00 ff 00 00 00 00 00 00 00 00 02 00 00
  9804 ms  64 B  05 07 00 cf 15 1f 13 40 00 71 00 07 02 3f 14 8f 13 40 00 71 00 00 ff 00 00 00 00 00 00 00 00 00 ff 00 00 00 00 00 00 00 00 00 ff 00 00 00 00 00 00 00 00 00 ff 00 00 00 00 00 00 00 00 02 00 00
  9814 ms  64 B  05 07 00 ce 15 22 13 40 00 71 00 07 02 3f 14 8f 13 40 00 71 00 00 ff 00 00 00 00 00 00 00 00 00 ff 00 00 00 00 00 00 00 00 00 ff 00 00 00 00 00 00 00 00 00 ff 00 00 00 00 00 00 00 00 02 00 00
  9814 ms  64 B  05 07 00 ce 15 27 13 40 00 71 00 07 02 3f 14 8f 13 40 00 71 00 00 ff 00 00 00 00 00 00 00 00 00 ff 00 00 00 00 00 00 00 00 00 ff 00 00 00 00 00 00 00 00 00 ff 00 00 00 00 00 00 00 00 02 00 00
  9815 ms  64 B  05 07 00 cf 15 2c 13 40 00 71 00 07 02 3f 14 8f 13 40 00 71 00 00 ff 00 00 00 00 00 00 00 00 00 ff 00 00 00 00 00 00 00 00 00 ff 00 00 00 00 00 00 00 00 00 ff 00 00 00 00 00 00 00 00 02 00 00
  9823 ms  64 B  05 07 00 cf 15 2e 13 40 00 71 00 07 02 3f 14 8f 13 40 00 71 00 00 ff 00 00 00 00 00 00 00 00 00 ff 00 00 00 00 00 00 00 00 00 ff 00 00 00 00 00 00 00 00 00 ff 00 00 00 00 00 00 00 00 02 00 00
  9824 ms  64 B  05 07 00 cf 15 2d 13 40 00 71 00 07 02 3f 14 8f 13 40 00 71 00 00 ff 00 00 00 00 00 00 00 00 00 ff 00 00 00 00 00 00 00 00 00 ff 00 00 00 00 00 00 00 00 00 ff 00 00 00 00 00 00 00 00 02 00 00
  9825 ms  64 B  05 07 00 cf 15 2c 13 40 00 71 00 07 02 3f 14 8f 13 40 00 71 00 00 ff 00 00 00 00 00 00 00 00 00 ff 00 00 00 00 00 00 00 00 00 ff 00 00 00 00 00 00 00 00 00 ff 00 00 00 00 00 00 00 00 02 00 00
           … repeated 6×
  9851 ms  64 B  05 07 00 cf 15 29 13 40 00 71 00 07 02 3f 14 8f 13 40 00 71 00 00 ff 00 00 00 00 00 00 00 00 00 ff 00 00 00 00 00 00 00 00 00 ff 00 00 00 00 00 00 00 00 00 ff 00 00 00 00 00 00 00 00 02 00 00
  9852 ms  64 B  05 07 00 cf 15 24 13 40 00 71 00 07 02 3f 14 8f 13 40 00 71 00 00 ff 00 00 00 00 00 00 00 00 00 ff 00 00 00 00 00 00 00 00 00 ff 00 00 00 00 00 00 00 00 00 ff 00 00 00 00 00 00 00 00 02 00 00
  9853 ms  64 B  05 07 00 cf 15 1f 13 40 00 71 00 07 02 3f 14 8f 13 40 00 71 00 00 ff 00 00 00 00 00 00 00 00 00 ff 00 00 00 00 00 00 00 00 00 ff 00 00 00 00 00 00 00 00 00 ff 00 00 00 00 00 00 00 00 02 00 00
  9861 ms  64 B  05 07 00 cf 15 1d 13 40 00 71 00 07 02 3f 14 8f 13 40 00 71 00 00 ff 00 00 00 00 00 00 00 00 00 ff 00 00 00 00 00 00 00 00 00 ff 00 00 00 00 00 00 00 00 00 ff 00 00 00 00 00 00 00 00 02 00 00
  9862 ms  64 B  05 07 00 cf 15 1e 13 40 00 71 00 07 02 3f 14 8f 13 40 00 71 00 00 ff 00 00 00 00 00 00 00 00 00 ff 00 00 00 00 00 00 00 00 00 ff 00 00 00 00 00 00 00 00 00 ff 00 00 00 00 00 00 00 00 02 00 00
  9863 ms  64 B  05 07 00 cf 15 1f 13 40 00 71 00 07 02 3f 14 8f 13 40 00 71 00 00 ff 00 00 00 00 00 00 00 00 00 ff 00 00 00 00 00 00 00 00 00 ff 00 00 00 00 00 00 00 00 00 ff 00 00 00 00 00 00 00 00 02 00 00
  9871 ms  64 B  05 07 00 cf 15 1f 13 40 00 71 00 07 02 3d 14 95 13 40 00 71 00 00 ff 00 00 00 00 00 00 00 00 00 ff 00 00 00 00 00 00 00 00 00 ff 00 00 00 00 00 00 00 00 00 ff 00 00 00 00 00 00 00 00 02 00 00
  9872 ms  64 B  05 07 00 cf 15 1f 13 40 00 71 00 07 02 3b 14 9d 13 40 00 71 00 00 ff 00 00 00 00 00 00 00 00 00 ff 00 00 00 00 00 00 00 00 00 ff 00 00 00 00 00 00 00 00 00 ff 00 00 00 00 00 00 00 00 02 00 00
  9873 ms  64 B  05 07 00 cf 15 1f 13 40 00 71 00 07 02 38 14 a8 13 40 00 71 00 00 ff 00 00 00 00 00 00 00 00 00 ff 00 00 00 00 00 00 00 00 00 ff 00 00 00 00 00 00 00 00 00 ff 00 00 00 00 00 00 00 00 02 00 00
  9882 ms  64 B  05 07 00 cf 15 1f 13 40 00 71 00 04 02 38 14 a8 13 40 00 71 00 00 ff 00 00 00 00 00 00 00 00 00 ff 00 00 00 00 00 00 00 00 00 ff 00 00 00 00 00 00 00 00 00 ff 00 00 00 00 00 00 00 00 02 00 00
  9882 ms  64 B  05 07 00 cf 15 1f 13 40 00 71 00 00 ff 00 00 00 00 00 00 00 00 00 ff 00 00 00 00 00 00 00 00 00 ff 00 00 00 00 00 00 00 00 00 ff 00 00 00 00 00 00 00 00 00 ff 00 00 00 00 00 00 00 00 01 00 00
           … repeated 13×
  9932 ms  64 B  05 07 00 cf 15 1f 13 40 00 71 00 04 02 f9 15 c0 16 06 00 0a 00 00 ff 00 00 00 00 00 00 00 00 00 ff 00 00 00 00 00 00 00 00 00 ff 00 00 00 00 00 00 00 00 00 ff 00 00 00 00 00 00 00 00 02 00 00
  9932 ms  64 B  05 07 00 cf 15 1f 13 40 00 71 00 07 02 f9 15 c0 16 06 00 0a 00 00 ff 00 00 00 00 00 00 00 00 00 ff 00 00 00 00 00 00 00 00 00 ff 00 00 00 00 00 00 00 00 00 ff 00 00 00 00 00 00 00 00 02 00 00
           … repeated 1×
  9940 ms  64 B  05 07 00 cf 15 1d 13 40 00 71 00 07 02 f9 15 c0 16 06 00 0a 00 00 ff 00 00 00 00 00 00 00 00 00 ff 00 00 00 00 00 00 00 00 00 ff 00 00 00 00 00 00 00 00 00 ff 00 00 00 00 00 00 00 00 02 00 00
  9941 ms  64 B  05 07 00 cf 15 19 13 40 00 71 00 07 02 f9 15 c0 16 06 00 0a 00 00 ff 00 00 00 00 00 00 00 00 00 ff 00 00 00 00 00 00 00 00 00 ff 00 00 00 00 00 00 00 00 00 ff 00 00 00 00 00 00 00 00 02 00 00
  9942 ms  64 B  05 07 00 cf 15 13 13 40 00 71 00 07 02 f9 15 c0 16 06 00 0a 00 00 ff 00 00 00 00 00 00 00 00 00 ff 00 00 00 00 00 00 00 00 00 ff 00 00 00 00 00 00 00 00 00 ff 00 00 00 00 00 00 00 00 02 00 00
  9951 ms  64 B  05 07 00 d1 15 11 13 40 00 71 00 07 02 f9 15 c0 16 06 00 0a 00 00 ff 00 00 00 00 00 00 00 00 00 ff 00 00 00 00 00 00 00 00 00 ff 00 00 00 00 00 00 00 00 00 ff 00 00 00 00 00 00 00 00 02 00 00
  9951 ms  64 B  05 07 00 d3 15 11 13 40 00 71 00 07 02 f9 15 c0 16 06 00 0a 00 00 ff 00 00 00 00 00 00 00 00 00 ff 00 00 00 00 00 00 00 00 00 ff 00 00 00 00 00 00 00 00 00 ff 00 00 00 00 00 00 00 00 02 00 00
  9952 ms  64 B  05 07 00 d6 15 13 13 40 00 71 00 07 02 f9 15 c0 16 06 00 0a 00 00 ff 00 00 00 00 00 00 00 00 00 ff 00 00 00 00 00 00 00 00 00 ff 00 00 00 00 00 00 00 00 00 ff 00 00 00 00 00 00 00 00 02 00 00
  9959 ms  64 B  05 07 00 d7 15 13 13 40 00 71 00 07 02 f9 15 c0 16 06 00 0a 00 00 ff 00 00 00 00 00 00 00 00 00 ff 00 00 00 00 00 00 00 00 00 ff 00 00 00 00 00 00 00 00 00 ff 00 00 00 00 00 00 00 00 02 00 00
           … repeated 1×
  9961 ms  64 B  05 07 00 d6 15 13 13 40 00 71 00 07 02 f9 15 c0 16 06 00 0a 00 00 ff 00 00 00 00 00 00 00 00 00 ff 00 00 00 00 00 00 00 00 00 ff 00 00 00 00 00 00 00 00 00 ff 00 00 00 00 00 00 00 00 02 00 00
           … repeated 3×
  9977 ms  64 B  05 07 00 d6 15 10 13 40 00 71 00 07 02 f9 15 c0 16 06 00 0a 00 00 ff 00 00 00 00 00 00 00 00 00 ff 00 00 00 00 00 00 00 00 00 ff 00 00 00 00 00 00 00 00 00 ff 00 00 00 00 00 00 00 00 02 00 00
  9978 ms  64 B  05 07 00 d6 15 0b 13 40 00 71 00 07 02 f9 15 c0 16 06 00 0a 00 00 ff 00 00 00 00 00 00 00 00 00 ff 00 00 00 00 00 00 00 00 00 ff 00 00 00 00 00 00 00 00 00 ff 00 00 00 00 00 00 00 00 02 00 00
  9979 ms  64 B  05 07 00 d6 15 06 13 40 00 71 00 07 02 f9 15 c0 16 06 00 0a 00 00 ff 00 00 00 00 00 00 00 00 00 ff 00 00 00 00 00 00 00 00 00 ff 00 00 00 00 00 00 00 00 00 ff 00 00 00 00 00 00 00 00 02 00 00
  9987 ms  64 B  05 07 00 d6 15 04 13 40 00 71 00 07 02 f9 15 c0 16 06 00 0a 00 00 ff 00 00 00 00 00 00 00 00 00 ff 00 00 00 00 00 00 00 00 00 ff 00 00 00 00 00 00 00 00 00 ff 00 00 00 00 00 00 00 00 02 00 00
  9988 ms  64 B  05 07 00 d6 15 05 13 40 00 71 00 07 02 f9 15 c0 16 06 00 0a 00 00 ff 00 00 00 00 00 00 00 00 00 ff 00 00 00 00 00 00 00 00 00 ff 00 00 00 00 00 00 00 00 00 ff 00 00 00 00 00 00 00 00 02 00 00
  9989 ms  64 B  05 07 00 d6 15 06 13 40 00 71 00 07 02 f9 15 c0 16 06 00 0a 00 00 ff 00 00 00 00 00 00 00 00 00 ff 00 00 00 00 00 00 00 00 00 ff 00 00 00 00 00 00 00 00 00 ff 00 00 00 00 00 00 00 00 02 00 00
  9997 ms  64 B  05 07 00 d6 15 03 13 40 00 71 00 07 02 f9 15 c0 16 06 00 0a 00 00 ff 00 00 00 00 00 00 00 00 00 ff 00 00 00 00 00 00 00 00 00 ff 00 00 00 00 00 00 00 00 00 ff 00 00 00 00 00 00 00 00 02 00 00
  9998 ms  64 B  05 07 00 d6 15 fe 12 40 00 71 00 07 02 f9 15 c0 16 06 00 0a 00 00 ff 00 00 00 00 00 00 00 00 00 ff 00 00 00 00 00 00 00 00 00 ff 00 00 00 00 00 00 00 00 00 ff 00 00 00 00 00 00 00 00 02 00 00
  9999 ms  64 B  05 07 00 d6 15 f9 12 40 00 71 00 07 02 f9 15 c0 16 06 00 0a 00 00 ff 00 00 00 00 00 00 00 00 00 ff 00 00 00 00 00 00 00 00 00 ff 00 00 00 00 00 00 00 00 00 ff 00 00 00 00 00 00 00 00 02 00 00
 10009 ms  64 B  05 07 00 d6 15 fb 12 40 00 71 00 07 02 f9 15 c0 16 06 00 0a 00 00 ff 00 00 00 00 00 00 00 00 00 ff 00 00 00 00 00 00 00 00 00 ff 00 00 00 00 00 00 00 00 00 ff 00 00 00 00 00 00 00 00 02 00 00
 10010 ms  64 B  05 07 00 d6 15 ff 12 40 00 71 00 07 02 f9 15 c0 16 06 00 0a 00 00 ff 00 00 00 00 00 00 00 00 00 ff 00 00 00 00 00 00 00 00 00 ff 00 00 00 00 00 00 00 00 00 ff 00 00 00 00 00 00 00 00 02 00 00
 10011 ms  64 B  05 07 00 d6 15 06 13 40 00 71 00 07 02 f9 15 c0 16 06 00 0a 00 00 ff 00 00 00 00 00 00 00 00 00 ff 00 00 00 00 00 00 00 00 00 ff 00 00 00 00 00 00 00 00 00 ff 00 00 00 00 00 00 00 00 02 00 00
 10019 ms  64 B  05 07 00 d6 15 08 13 40 00 71 00 07 02 f9 15 c0 16 06 00 0a 00 00 ff 00 00 00 00 00 00 00 00 00 ff 00 00 00 00 00 00 00 00 00 ff 00 00 00 00 00 00 00 00 00 ff 00 00 00 00 00 00 00 00 02 00 00
 10020 ms  64 B  05 07 00 d6 15 07 13 40 00 71 00 07 02 f9 15 c0 16 06 00 0a 00 00 ff 00 00 00 00 00 00 00 00 00 ff 00 00 00 00 00 00 00 00 00 ff 00 00 00 00 00 00 00 00 00 ff 00 00 00 00 00 00 00 00 02 00 00
 10021 ms  64 B  05 07 00 d6 15 06 13 40 00 71 00 07 02 f9 15 c0 16 06 00 0a 00 00 ff 00 00 00 00 00 00 00 00 00 ff 00 00 00 00 00 00 00 00 00 ff 00 00 00 00 00 00 00 00 00 ff 00 00 00 00 00 00 00 00 02 00 00
           … repeated 3×
 10041 ms  64 B  05 07 00 d4 15 09 13 40 00 71 00 07 02 f9 15 c0 16 06 00 0a 00 00 ff 00 00 00 00 00 00 00 00 00 ff 00 00 00 00 00 00 00 00 00 ff 00 00 00 00 00 00 00 00 00 ff 00 00 00 00 00 00 00 00 02 00 00
 10041 ms  64 B  05 07 00 d2 15 0e 13 40 00 71 00 07 02 f9 15 c0 16 06 00 0a 00 00 ff 00 00 00 00 00 00 00 00 00 ff 00 00 00 00 00 00 00 00 00 ff 00 00 00 00 00 00 00 00 00 ff 00 00 00 00 00 00 00 00 02 00 00
 10042 ms  64 B  05 07 00 cf 15 13 13 40 00 71 00 07 02 f9 15 c0 16 06 00 0a 00 00 ff 00 00 00 00 00 00 00 00 00 ff 00 00 00 00 00 00 00 00 00 ff 00 00 00 00 00 00 00 00 00 ff 00 00 00 00 00 00 00 00 02 00 00
 10051 ms  64 B  05 07 00 ce 15 15 13 40 00 71 00 07 02 f9 15 c0 16 06 00 0a 00 00 ff 00 00 00 00 00 00 00 00 00 ff 00 00 00 00 00 00 00 00 00 ff 00 00 00 00 00 00 00 00 00 ff 00 00 00 00 00 00 00 00 02 00 00
 10052 ms  64 B  05 07 00 ce 15 14 13 40 00 71 00 07 02 f9 15 c0 16 06 00 0a 00 00 ff 00 00 00 00 00 00 00 00 00 ff 00 00 00 00 00 00 00 00 00 ff 00 00 00 00 00 00 00 00 00 ff 00 00 00 00 00 00 00 00 02 00 00
 10053 ms  64 B  05 07 00 cf 15 13 13 40 00 71 00 07 02 f9 15 c0 16 06 00 0a 00 00 ff 00 00 00 00 00 00 00 00 00 ff 00 00 00 00 00 00 00 00 00 ff 00 00 00 00 00 00 00 00 00 ff 00 00 00 00 00 00 00 00 02 00 00
           … repeated 3×
 10071 ms  64 B  05 07 00 cd 15 13 13 40 00 71 00 07 02 f9 15 c0 16 06 00 0a 00 00 ff 00 00 00 00 00 00 00 00 00 ff 00 00 00 00 00 00 00 00 00 ff 00 00 00 00 00 00 00 00 00 ff 00 00 00 00 00 00 00 00 02 00 00
 10072 ms  64 B  05 07 00 cb 15 13 13 40 00 71 00 07 02 f9 15 c0 16 06 00 0a 00 00 ff 00 00 00 00 00 00 00 00 00 ff 00 00 00 00 00 00 00 00 00 ff 00 00 00 00 00 00 00 00 00 ff 00 00 00 00 00 00 00 00 02 00 00
 10073 ms  64 B  05 07 00 c8 15 13 13 40 00 71 00 07 02 f9 15 c0 16 06 00 0a 00 00 ff 00 00 00 00 00 00 00 00 00 ff 00 00 00 00 00 00 00 00 00 ff 00 00 00 00 00 00 00 00 00 ff 00 00 00 00 00 00 00 00 02 00 00
 10082 ms  64 B  05 07 00 c7 15 13 13 40 00 71 00 07 02 f9 15 c0 16 06 00 0a 00 00 ff 00 00 00 00 00 00 00 00 00 ff 00 00 00 00 00 00 00 00 00 ff 00 00 00 00 00 00 00 00 00 ff 00 00 00 00 00 00 00 00 02 00 00
           … repeated 1×
 10084 ms  64 B  05 07 00 c8 15 13 13 40 00 71 00 07 02 f9 15 c0 16 06 00 0a 00 00 ff 00 00 00 00 00 00 00 00 00 ff 00 00 00 00 00 00 00 00 00 ff 00 00 00 00 00 00 00 00 00 ff 00 00 00 00 00 00 00 00 02 00 00
           … repeated 3×
 10105 ms  64 B  05 07 00 c8 15 15 13 40 00 71 00 07 02 f9 15 c0 16 06 00 0a 00 00 ff 00 00 00 00 00 00 00 00 00 ff 00 00 00 00 00 00 00 00 00 ff 00 00 00 00 00 00 00 00 00 ff 00 00 00 00 00 00 00 00 02 00 00
 10106 ms  64 B  05 07 00 c8 15 19 13 40 00 71 00 07 02 f9 15 c0 16 06 00 0a 00 00 ff 00 00 00 00 00 00 00 00 00 ff 00 00 00 00 00 00 00 00 00 ff 00 00 00 00 00 00 00 00 00 ff 00 00 00 00 00 00 00 00 02 00 00
 10107 ms  64 B  05 07 00 c8 15 1f 13 40 00 71 00 07 02 f9 15 c0 16 06 00 0a 00 00 ff 00 00 00 00 00 00 00 00 00 ff 00 00 00 00 00 00 00 00 00 ff 00 00 00 00 00 00 00 00 00 ff 00 00 00 00 00 00 00 00 02 00 00
 10117 ms  64 B  05 07 00 c8 15 21 13 40 00 71 00 07 02 f9 15 c0 16 06 00 0a 00 00 ff 00 00 00 00 00 00 00 00 00 ff 00 00 00 00 00 00 00 00 00 ff 00 00 00 00 00 00 00 00 00 ff 00 00 00 00 00 00 00 00 02 00 00
           … repeated 1×
 10118 ms  64 B  05 07 00 c8 15 1f 13 40 00 71 00 07 02 f9 15 c0 16 06 00 0a 00 00 ff 00 00 00 00 00 00 00 00 00 ff 00 00 00 00 00 00 00 00 00 ff 00 00 00 00 00 00 00 00 00 ff 00 00 00 00 00 00 00 00 02 00 00
           … repeated 18×
 10194 ms  64 B  05 07 00 ca 15 1f 13 40 00 71 00 07 02 f9 15 c0 16 06 00 0a 00 00 ff 00 00 00 00 00 00 00 00 00 ff 00 00 00 00 00 00 00 00 00 ff 00 00 00 00 00 00 00 00 00 ff 00 00 00 00 00 00 00 00 02 00 00
 10194 ms  64 B  05 07 00 cc 15 1f 13 40 00 71 00 07 02 f9 15 c0 16 06 00 0a 00 00 ff 00 00 00 00 00 00 00 00 00 ff 00 00 00 00 00 00 00 00 00 ff 00 00 00 00 00 00 00 00 00 ff 00 00 00 00 00 00 00 00 02 00 00
 10195 ms  64 B  05 07 00 cf 15 1f 13 40 00 71 00 07 02 f9 15 c0 16 06 00 0a 00 00 ff 00 00 00 00 00 00 00 00 00 ff 00 00 00 00 00 00 00 00 00 ff 00 00 00 00 00 00 00 00 00 ff 00 00 00 00 00 00 00 00 02 00 00
 10205 ms  64 B  05 07 00 d0 15 1f 13 40 00 71 00 07 02 f9 15 c0 16 06 00 0a 00 00 ff 00 00 00 00 00 00 00 00 00 ff 00 00 00 00 00 00 00 00 00 ff 00 00 00 00 00 00 00 00 00 ff 00 00 00 00 00 00 00 00 02 00 00
           … repeated 1×
 10206 ms  64 B  05 07 00 cf 15 1f 13 40 00 71 00 07 02 f9 15 c0 16 06 00 0a 00 00 ff 00 00 00 00 00 00 00 00 00 ff 00 00 00 00 00 00 00 00 00 ff 00 00 00 00 00 00 00 00 00 ff 00 00 00 00 00 00 00 00 02 00 00
           … repeated 21×
 10296 ms  64 B  05 07 00 cd 15 22 13 40 00 71 00 07 02 f9 15 c0 16 06 00 0a 00 00 ff 00 00 00 00 00 00 00 00 00 ff 00 00 00 00 00 00 00 00 00 ff 00 00 00 00 00 00 00 00 00 ff 00 00 00 00 00 00 00 00 02 00 00
 10296 ms  64 B  05 07 00 cb 15 27 13 40 00 71 00 07 02 f9 15 c0 16 06 00 0a 00 00 ff 00 00 00 00 00 00 00 00 00 ff 00 00 00 00 00 00 00 00 00 ff 00 00 00 00 00 00 00 00 00 ff 00 00 00 00 00 00 00 00 02 00 00
 10297 ms  64 B  05 07 00 c8 15 2c 13 40 00 71 00 07 02 f9 15 c0 16 06 00 0a 00 00 ff 00 00 00 00 00 00 00 00 00 ff 00 00 00 00 00 00 00 00 00 ff 00 00 00 00 00 00 00 00 00 ff 00 00 00 00 00 00 00 00 02 00 00
 10307 ms  64 B  05 07 00 c7 15 2e 13 40 00 71 00 07 02 f9 15 c0 16 06 00 0a 00 00 ff 00 00 00 00 00 00 00 00 00 ff 00 00 00 00 00 00 00 00 00 ff 00 00 00 00 00 00 00 00 00 ff 00 00 00 00 00 00 00 00 02 00 00
 10307 ms  64 B  05 07 00 c7 15 2d 13 40 00 71 00 07 02 f9 15 c0 16 06 00 0a 00 00 ff 00 00 00 00 00 00 00 00 00 ff 00 00 00 00 00 00 00 00 00 ff 00 00 00 00 00 00 00 00 00 ff 00 00 00 00 00 00 00 00 02 00 00
 10308 ms  64 B  05 07 00 c8 15 2c 13 40 00 71 00 07 02 f9 15 c0 16 06 00 0a 00 00 ff 00 00 00 00 00 00 00 00 00 ff 00 00 00 00 00 00 00 00 00 ff 00 00 00 00 00 00 00 00 00 ff 00 00 00 00 00 00 00 00 02 00 00
           … repeated 18×
 10385 ms  64 B  05 07 00 c8 15 2e 13 40 00 71 00 07 02 f9 15 c0 16 06 00 0a 00 00 ff 00 00 00 00 00 00 00 00 00 ff 00 00 00 00 00 00 00 00 00 ff 00 00 00 00 00 00 00 00 00 ff 00 00 00 00 00 00 00 00 02 00 00
 10386 ms  64 B  05 07 00 c8 15 32 13 40 00 71 00 07 02 f9 15 c0 16 06 00 0a 00 00 ff 00 00 00 00 00 00 00 00 00 ff 00 00 00 00 00 00 00 00 00 ff 00 00 00 00 00 00 00 00 00 ff 00 00 00 00 00 00 00 00 02 00 00
 10387 ms  64 B  05 07 00 c8 15 38 13 40 00 71 00 07 02 f9 15 c0 16 06 00 0a 00 00 ff 00 00 00 00 00 00 00 00 00 ff 00 00 00 00 00 00 00 00 00 ff 00 00 00 00 00 00 00 00 00 ff 00 00 00 00 00 00 00 00 02 00 00
 10394 ms  64 B  05 07 00 c8 15 3a 13 40 00 71 00 07 02 f7 15 c0 16 06 00 0a 00 00 ff 00 00 00 00 00 00 00 00 00 ff 00 00 00 00 00 00 00 00 00 ff 00 00 00 00 00 00 00 00 00 ff 00 00 00 00 00 00 00 00 02 00 00
 10396 ms  64 B  05 07 00 c8 15 3a 13 40 00 71 00 07 02 f5 15 c0 16 06 00 0a 00 00 ff 00 00 00 00 00 00 00 00 00 ff 00 00 00 00 00 00 00 00 00 ff 00 00 00 00 00 00 00 00 00 ff 00 00 00 00 00 00 00 00 02 00 00
 10396 ms  64 B  05 07 00 c8 15 38 13 40 00 71 00 07 02 f2 15 c0 16 06 00 0a 00 00 ff 00 00 00 00 00 00 00 00 00 ff 00 00 00 00 00 00 00 00 00 ff 00 00 00 00 00 00 00 00 00 ff 00 00 00 00 00 00 00 00 02 00 00
 10405 ms  64 B  05 07 00 c8 15 38 13 40 00 71 00 07 02 f1 15 c0 16 06 00 0a 00 00 ff 00 00 00 00 00 00 00 00 00 ff 00 00 00 00 00 00 00 00 00 ff 00 00 00 00 00 00 00 00 00 ff 00 00 00 00 00 00 00 00 02 00 00
           … repeated 1×
 10406 ms  64 B  05 07 00 c8 15 38 13 40 00 71 00 07 02 f2 15 c0 16 06 00 0a 00 00 ff 00 00 00 00 00 00 00 00 00 ff 00 00 00 00 00 00 00 00 00 ff 00 00 00 00 00 00 00 00 00 ff 00 00 00 00 00 00 00 00 02 00 00
           … repeated 24×
 10505 ms  64 B  05 07 00 c8 15 38 13 40 00 71 00 07 02 f4 15 c0 16 06 00 0a 00 00 ff 00 00 00 00 00 00 00 00 00 ff 00 00 00 00 00 00 00 00 00 ff 00 00 00 00 00 00 00 00 00 ff 00 00 00 00 00 00 00 00 02 00 00
 10505 ms  64 B  05 07 00 c8 15 38 13 40 00 71 00 07 02 f6 15 c0 16 06 00 0a 00 00 ff 00 00 00 00 00 00 00 00 00 ff 00 00 00 00 00 00 00 00 00 ff 00 00 00 00 00 00 00 00 00 ff 00 00 00 00 00 00 00 00 02 00 00
 10506 ms  64 B  05 07 00 c8 15 38 13 40 00 71 00 07 02 f9 15 c0 16 06 00 0a 00 00 ff 00 00 00 00 00 00 00 00 00 ff 00 00 00 00 00 00 00 00 00 ff 00 00 00 00 00 00 00 00 00 ff 00 00 00 00 00 00 00 00 02 00 00
 10517 ms  64 B  05 07 00 c8 15 38 13 40 00 71 00 07 02 fa 15 c0 16 06 00 0a 00 00 ff 00 00 00 00 00 00 00 00 00 ff 00 00 00 00 00 00 00 00 00 ff 00 00 00 00 00 00 00 00 00 ff 00 00 00 00 00 00 00 00 02 00 00
           … repeated 1×
 10519 ms  64 B  05 07 00 c8 15 38 13 40 00 71 00 07 02 f9 15 c0 16 06 00 0a 00 00 ff 00 00 00 00 00 00 00 00 00 ff 00 00 00 00 00 00 00 00 00 ff 00 00 00 00 00 00 00 00 00 ff 00 00 00 00 00 00 00 00 02 00 00
           … repeated 6×
 10552 ms  64 B  05 07 00 c8 15 38 13 40 00 71 00 07 02 f7 15 c0 16 06 00 0a 00 00 ff 00 00 00 00 00 00 00 00 00 ff 00 00 00 00 00 00 00 00 00 ff 00 00 00 00 00 00 00 00 00 ff 00 00 00 00 00 00 00 00 02 00 00
 10552 ms  64 B  05 07 00 c8 15 38 13 40 00 71 00 07 02 f5 15 c0 16 06 00 0a 00 00 ff 00 00 00 00 00 00 00 00 00 ff 00 00 00 00 00 00 00 00 00 ff 00 00 00 00 00 00 00 00 00 ff 00 00 00 00 00 00 00 00 02 00 00
 10553 ms  64 B  05 07 00 c8 15 38 13 40 00 71 00 07 02 f2 15 c0 16 06 00 0a 00 00 ff 00 00 00 00 00 00 00 00 00 ff 00 00 00 00 00 00 00 00 00 ff 00 00 00 00 00 00 00 00 00 ff 00 00 00 00 00 00 00 00 02 00 00
 10561 ms  64 B  05 07 00 c8 15 38 13 40 00 71 00 07 02 f1 15 c0 16 06 00 0a 00 00 ff 00 00 00 00 00 00 00 00 00 ff 00 00 00 00 00 00 00 00 00 ff 00 00 00 00 00 00 00 00 00 ff 00 00 00 00 00 00 00 00 02 00 00
           … repeated 1×
 10563 ms  64 B  05 07 00 c8 15 38 13 40 00 71 00 07 02 f2 15 c0 16 06 00 0a 00 00 ff 00 00 00 00 00 00 00 00 00 ff 00 00 00 00 00 00 00 00 00 ff 00 00 00 00 00 00 00 00 00 ff 00 00 00 00 00 00 00 00 02 00 00
           … repeated 24×
 10660 ms  64 B  05 07 00 c8 15 38 13 40 00 71 00 07 02 f4 15 c2 16 06 00 0a 00 00 ff 00 00 00 00 00 00 00 00 00 ff 00 00 00 00 00 00 00 00 00 ff 00 00 00 00 00 00 00 00 00 ff 00 00 00 00 00 00 00 00 02 00 00
 10660 ms  64 B  05 07 00 c8 15 38 13 40 00 71 00 07 02 f6 15 c6 16 06 00 0a 00 00 ff 00 00 00 00 00 00 00 00 00 ff 00 00 00 00 00 00 00 00 00 ff 00 00 00 00 00 00 00 00 00 ff 00 00 00 00 00 00 00 00 02 00 00
 10662 ms  64 B  05 07 00 c8 15 38 13 40 00 71 00 07 02 f9 15 cc 16 06 00 0a 00 00 ff 00 00 00 00 00 00 00 00 00 ff 00 00 00 00 00 00 00 00 00 ff 00 00 00 00 00 00 00 00 00 ff 00 00 00 00 00 00 00 00 02 00 00
 10670 ms  64 B  05 07 00 c8 15 38 13 40 00 71 00 07 02 fa 15 ce 16 06 00 0a 00 00 ff 00 00 00 00 00 00 00 00 00 ff 00 00 00 00 00 00 00 00 00 ff 00 00 00 00 00 00 00 00 00 ff 00 00 00 00 00 00 00 00 02 00 00
           … repeated 1×
 10672 ms  64 B  05 07 00 c8 15 38 13 40 00 71 00 07 02 f9 15 cc 16 06 00 0a 00 00 ff 00 00 00 00 00 00 00 00 00 ff 00 00 00 00 00 00 00 00 00 ff 00 00 00 00 00 00 00 00 00 ff 00 00 00 00 00 00 00 00 02 00 00
           … repeated 36×
 10818 ms  64 B  05 07 00 c8 15 38 13 40 00 71 00 07 02 f7 15 ca 16 06 00 0a 00 00 ff 00 00 00 00 00 00 00 00 00 ff 00 00 00 00 00 00 00 00 00 ff 00 00 00 00 00 00 00 00 00 ff 00 00 00 00 00 00 00 00 02 00 00
 10819 ms  64 B  05 07 00 c8 15 38 13 40 00 71 00 07 02 f5 15 c6 16 06 00 0a 00 00 ff 00 00 00 00 00 00 00 00 00 ff 00 00 00 00 00 00 00 00 00 ff 00 00 00 00 00 00 00 00 00 ff 00 00 00 00 00 00 00 00 02 00 00
 10819 ms  64 B  05 07 00 c8 15 38 13 40 00 71 00 07 02 f2 15 c0 16 06 00 0a 00 00 ff 00 00 00 00 00 00 00 00 00 ff 00 00 00 00 00 00 00 00 00 ff 00 00 00 00 00 00 00 00 00 ff 00 00 00 00 00 00 00 00 02 00 00
 10829 ms  64 B  05 07 00 c8 15 38 13 40 00 71 00 07 02 f1 15 be 16 06 00 0a 00 00 ff 00 00 00 00 00 00 00 00 00 ff 00 00 00 00 00 00 00 00 00 ff 00 00 00 00 00 00 00 00 00 ff 00 00 00 00 00 00 00 00 02 00 00
           … repeated 1×
 10832 ms  64 B  05 07 00 c8 15 38 13 40 00 71 00 07 02 f2 15 c0 16 06 00 0a 00 00 ff 00 00 00 00 00 00 00 00 00 ff 00 00 00 00 00 00 00 00 00 ff 00 00 00 00 00 00 00 00 00 ff 00 00 00 00 00 00 00 00 02 00 00
           … repeated 63×
 11082 ms  64 B  05 07 00 c8 15 36 13 40 00 71 00 07 02 f2 15 c0 16 06 00 0a 00 00 ff 00 00 00 00 00 00 00 00 00 ff 00 00 00 00 00 00 00 00 00 ff 00 00 00 00 00 00 00 00 00 ff 00 00 00 00 00 00 00 00 02 00 00
 11082 ms  64 B  05 07 00 c8 15 32 13 40 00 71 00 07 02 f2 15 c0 16 06 00 0a 00 00 ff 00 00 00 00 00 00 00 00 00 ff 00 00 00 00 00 00 00 00 00 ff 00 00 00 00 00 00 00 00 00 ff 00 00 00 00 00 00 00 00 02 00 00
 11084 ms  64 B  05 07 00 c8 15 2c 13 40 00 71 00 07 02 f2 15 c0 16 06 00 0a 00 00 ff 00 00 00 00 00 00 00 00 00 ff 00 00 00 00 00 00 00 00 00 ff 00 00 00 00 00 00 00 00 00 ff 00 00 00 00 00 00 00 00 02 00 00
 11092 ms  64 B  05 07 00 ca 15 2a 13 40 00 71 00 07 02 f2 15 c0 16 06 00 0a 00 00 ff 00 00 00 00 00 00 00 00 00 ff 00 00 00 00 00 00 00 00 00 ff 00 00 00 00 00 00 00 00 00 ff 00 00 00 00 00 00 00 00 02 00 00
 11093 ms  64 B  05 07 00 cc 15 2a 13 40 00 71 00 07 02 f2 15 c0 16 06 00 0a 00 00 ff 00 00 00 00 00 00 00 00 00 ff 00 00 00 00 00 00 00 00 00 ff 00 00 00 00 00 00 00 00 00 ff 00 00 00 00 00 00 00 00 02 00 00
 11094 ms  64 B  05 07 00 cf 15 2c 13 40 00 71 00 07 02 f2 15 c0 16 06 00 0a 00 00 ff 00 00 00 00 00 00 00 00 00 ff 00 00 00 00 00 00 00 00 00 ff 00 00 00 00 00 00 00 00 00 ff 00 00 00 00 00 00 00 00 02 00 00
 11102 ms  64 B  05 07 00 d0 15 2c 13 40 00 71 00 04 02 f2 15 c0 16 06 00 0a 00 00 ff 00 00 00 00 00 00 00 00 00 ff 00 00 00 00 00 00 00 00 00 ff 00 00 00 00 00 00 00 00 00 ff 00 00 00 00 00 00 00 00 02 00 00
 11103 ms  64 B  05 07 00 d0 15 2c 13 40 00 71 00 00 ff 00 00 00 00 00 00 00 00 00 ff 00 00 00 00 00 00 00 00 00 ff 00 00 00 00 00 00 00 00 00 ff 00 00 00 00 00 00 00 00 00 ff 00 00 00 00 00 00 00 00 01 00 00
 11104 ms  64 B  05 07 00 cf 15 2c 13 40 00 71 00 00 ff 00 00 00 00 00 00 00 00 00 ff 00 00 00 00 00 00 00 00 00 ff 00 00 00 00 00 00 00 00 00 ff 00 00 00 00 00 00 00 00 00 ff 00 00 00 00 00 00 00 00 01 00 00
 11113 ms  64 B  05 07 00 cf 15 2c 13 40 00 71 00 04 03 2a 14 c2 13 06 00 0a 00 00 ff 00 00 00 00 00 00 00 00 00 ff 00 00 00 00 00 00 00 00 00 ff 00 00 00 00 00 00 00 00 00 ff 00 00 00 00 00 00 00 00 02 00 00
 11114 ms  64 B  05 07 00 cf 15 2c 13 40 00 71 00 07 03 2a 14 c2 13 06 00 0a 00 00 ff 00 00 00 00 00 00 00 00 00 ff 00 00 00 00 00 00 00 00 00 ff 00 00 00 00 00 00 00 00 00 ff 00 00 00 00 00 00 00 00 02 00 00
           … repeated 7×
 11145 ms  64 B  05 07 00 d1 15 2e 13 40 00 71 00 07 03 2a 14 c2 13 06 00 0a 00 00 ff 00 00 00 00 00 00 00 00 00 ff 00 00 00 00 00 00 00 00 00 ff 00 00 00 00 00 00 00 00 00 ff 00 00 00 00 00 00 00 00 02 00 00
 11146 ms  64 B  05 07 00 d3 15 32 13 40 00 71 00 07 03 2a 14 c2 13 06 00 0a 00 00 ff 00 00 00 00 00 00 00 00 00 ff 00 00 00 00 00 00 00 00 00 ff 00 00 00 00 00 00 00 00 00 ff 00 00 00 00 00 00 00 00 02 00 00
 11147 ms  64 B  05 07 00 d6 15 38 13 40 00 71 00 07 03 2a 14 c2 13 06 00 0a 00 00 ff 00 00 00 00 00 00 00 00 00 ff 00 00 00 00 00 00 00 00 00 ff 00 00 00 00 00 00 00 00 00 ff 00 00 00 00 00 00 00 00 02 00 00
 11153 ms  64 B  05 07 00 d7 15 3b 13 40 00 71 00 07 03 2a 14 c2 13 06 00 0a 00 00 ff 00 00 00 00 00 00 00 00 00 ff 00 00 00 00 00 00 00 00 00 ff 00 00 00 00 00 00 00 00 00 ff 00 00 00 00 00 00 00 00 02 00 00
 11154 ms  64 B  05 07 00 d7 15 40 13 40 00 71 00 07 03 2a 14 c2 13 06 00 0a 00 00 ff 00 00 00 00 00 00 00 00 00 ff 00 00 00 00 00 00 00 00 00 ff 00 00 00 00 00 00 00 00 00 ff 00 00 00 00 00 00 00 00 02 00 00
 11155 ms  64 B  05 07 00 d6 15 45 13 40 00 71 00 07 03 2a 14 c2 13 06 00 0a 00 00 ff 00 00 00 00 00 00 00 00 00 ff 00 00 00 00 00 00 00 00 00 ff 00 00 00 00 00 00 00 00 00 ff 00 00 00 00 00 00 00 00 02 00 00
 11161 ms  64 B  05 07 00 d8 15 4b 13 40 00 71 00 07 03 2a 14 c2 13 06 00 0a 00 00 ff 00 00 00 00 00 00 00 00 00 ff 00 00 00 00 00 00 00 00 00 ff 00 00 00 00 00 00 00 00 00 ff 00 00 00 00 00 00 00 00 02 00 00
 11162 ms  64 B  05 07 00 da 15 53 13 40 00 71 00 07 03 2a 14 c2 13 06 00 0a 00 00 ff 00 00 00 00 00 00 00 00 00 ff 00 00 00 00 00 00 00 00 00 ff 00 00 00 00 00 00 00 00 00 ff 00 00 00 00 00 00 00 00 02 00 00
 11163 ms  64 B  05 07 00 dd 15 5e 13 40 00 71 00 07 03 2a 14 c2 13 06 00 0a 00 00 ff 00 00 00 00 00 00 00 00 00 ff 00 00 00 00 00 00 00 00 00 ff 00 00 00 00 00 00 00 00 00 ff 00 00 00 00 00 00 00 00 02 00 00
 11168 ms  64 B  05 07 00 df 15 66 13 40 00 71 00 04 01 46 16 de 10 40 00 71 00 07 03 2a 14 c2 13 06 00 0a 00 00 ff 00 00 00 00 00 00 00 00 00 ff 00 00 00 00 00 00 00 00 00 ff 00 00 00 00 00 00 00 00 03 00 00
 11169 ms  64 B  05 07 00 e1 15 6e 13 40 00 71 00 07 01 46 16 de 10 40 00 71 00 07 03 2a 14 c2 13 06 00 0a 00 00 ff 00 00 00 00 00 00 00 00 00 ff 00 00 00 00 00 00 00 00 00 ff 00 00 00 00 00 00 00 00 03 00 00
 11170 ms  64 B  05 07 00 e4 15 77 13 40 00 71 00 07 01 46 16 de 10 40 00 71 00 07 03 2a 14 c2 13 06 00 0a 00 00 ff 00 00 00 00 00 00 00 00 00 ff 00 00 00 00 00 00 00 00 00 ff 00 00 00 00 00 00 00 00 03 00 00
 11181 ms  64 B  05 07 00 e7 15 7f 13 40 00 71 00 07 01 46 16 de 10 40 00 71 00 04 03 2a 14 c2 13 06 00 0a 00 00 ff 00 00 00 00 00 00 00 00 00 ff 00 00 00 00 00 00 00 00 00 ff 00 00 00 00 00 00 00 00 03 00 00
 11182 ms  64 B  05 07 00 eb 15 87 13 40 00 71 00 07 01 46 16 de 10 40 00 71 00 00 ff 00 00 00 00 00 00 00 00 00 ff 00 00 00 00 00 00 00 00 00 ff 00 00 00 00 00 00 00 00 00 ff 00 00 00 00 00 00 00 00 02 00 00
 11183 ms  64 B  05 07 00 f2 15 90 13 40 00 71 00 07 01 46 16 de 10 40 00 71 00 00 ff 00 00 00 00 00 00 00 00 00 ff 00 00 00 00 00 00 00 00 00 ff 00 00 00 00 00 00 00 00 00 ff 00 00 00 00 00 00 00 00 02 00 00
 11189 ms  64 B  05 07 00 f8 15 96 13 40 00 71 00 07 01 46 16 de 10 40 00 71 00 00 ff 00 00 00 00 00 00 00 00 00 ff 00 00 00 00 00 00 00 00 00 ff 00 00 00 00 00 00 00 00 00 ff 00 00 00 00 00 00 00 00 02 00 00
 11190 ms  64 B  05 07 00 fe 15 9a 13 40 00 71 00 07 01 46 16 de 10 40 00 71 00 00 ff 00 00 00 00 00 00 00 00 00 ff 00 00 00 00 00 00 00 00 00 ff 00 00 00 00 00 00 00 00 00 ff 00 00 00 00 00 00 00 00 02 00 00
 11191 ms  64 B  05 07 00 07 16 9d 13 40 00 71 00 07 01 46 16 de 10 40 00 71 00 00 ff 00 00 00 00 00 00 00 00 00 ff 00 00 00 00 00 00 00 00 00 ff 00 00 00 00 00 00 00 00 00 ff 00 00 00 00 00 00 00 00 02 00 00
 11199 ms  64 B  05 07 00 0f 16 a2 13 40 00 71 00 07 01 46 16 de 10 40 00 71 00 00 ff 00 00 00 00 00 00 00 00 00 ff 00 00 00 00 00 00 00 00 00 ff 00 00 00 00 00 00 00 00 00 ff 00 00 00 00 00 00 00 00 02 00 00
 11199 ms  64 B  05 07 00 18 16 a5 13 40 00 71 00 07 01 46 16 de 10 40 00 71 00 00 ff 00 00 00 00 00 00 00 00 00 ff 00 00 00 00 00 00 00 00 00 ff 00 00 00 00 00 00 00 00 00 ff 00 00 00 00 00 00 00 00 02 00 00
 11200 ms  64 B  05 07 00 23 16 a9 13 40 00 71 00 07 01 46 16 de 10 40 00 71 00 00 ff 00 00 00 00 00 00 00 00 00 ff 00 00 00 00 00 00 00 00 00 ff 00 00 00 00 00 00 00 00 00 ff 00 00 00 00 00 00 00 00 02 00 00
 11207 ms  64 B  05 07 00 29 16 af 13 40 00 71 00 04 01 46 16 de 10 40 00 71 00 00 ff 00 00 00 00 00 00 00 00 00 ff 00 00 00 00 00 00 00 00 00 ff 00 00 00 00 00 00 00 00 00 ff 00 00 00 00 00 00 00 00 02 00 00
 11208 ms  64 B  05 07 00 2e 16 b8 13 40 00 71 00 00 ff 00 00 00 00 00 00 00 00 00 ff 00 00 00 00 00 00 00 00 00 ff 00 00 00 00 00 00 00 00 00 ff 00 00 00 00 00 00 00 00 00 ff 00 00 00 00 00 00 00 00 01 00 00
 11209 ms  64 B  05 07 00 31 16 c2 13 40 00 71 00 00 ff 00 00 00 00 00 00 00 00 00 ff 00 00 00 00 00 00 00 00 00 ff 00 00 00 00 00 00 00 00 00 ff 00 00 00 00 00 00 00 00 00 ff 00 00 00 00 00 00 00 00 01 00 00
 11217 ms  64 B  05 07 00 37 16 c8 13 40 00 71 00 04 02 77 14 db 13 06 00 0a 00 00 ff 00 00 00 00 00 00 00 00 00 ff 00 00 00 00 00 00 00 00 00 ff 00 00 00 00 00 00 00 00 00 ff 00 00 00 00 00 00 00 00 02 00 00
 11217 ms  64 B  05 07 00 3d 16 cc 13 40 00 71 00 07 02 77 14 db 13 06 00 0a 00 00 ff 00 00 00 00 00 00 00 00 00 ff 00 00 00 00 00 00 00 00 00 ff 00 00 00 00 00 00 00 00 00 ff 00 00 00 00 00 00 00 00 02 00 00
 11219 ms  64 B  05 07 00 46 16 cf 13 40 00 71 00 07 02 77 14 db 13 06 00 0a 00 00 ff 00 00 00 00 00 00 00 00 00 ff 00 00 00 00 00 00 00 00 00 ff 00 00 00 00 00 00 00 00 00 ff 00 00 00 00 00 00 00 00 02 00 00
 11235 ms  64 B  05 07 00 4b 16 d5 13 40 00 71 00 07 02 77 14 db 13 06 00 0a 00 00 ff 00 00 00 00 00 00 00 00 00 ff 00 00 00 00 00 00 00 00 00 ff 00 00 00 00 00 00 00 00 00 ff 00 00 00 00 00 00 00 00 02 00 00
 11235 ms  64 B  05 07 00 50 16 dd 13 40 00 71 00 07 02 77 14 db 13 06 00 0a 00 00 ff 00 00 00 00 00 00 00 00 00 ff 00 00 00 00 00 00 00 00 00 ff 00 00 00 00 00 00 00 00 00 ff 00 00 00 00 00 00 00 00 02 00 00
 11236 ms  64 B  05 07 00 54 16 e8 13 40 00 71 00 07 02 77 14 db 13 06 00 0a 00 00 ff 00 00 00 00 00 00 00 00 00 ff 00 00 00 00 00 00 00 00 00 ff 00 00 00 00 00 00 00 00 00 ff 00 00 00 00 00 00 00 00 02 00 00
 11244 ms  64 B  05 07 00 5a 16 ee 13 40 00 71 00 07 02 77 14 db 13 06 00 0a 00 00 ff 00 00 00 00 00 00 00 00 00 ff 00 00 00 00 00 00 00 00 00 ff 00 00 00 00 00 00 00 00 00 ff 00 00 00 00 00 00 00 00 02 00 00
 11246 ms  64 B  05 07 00 60 16 f2 13 40 00 71 00 07 02 77 14 db 13 06 00 0a 00 00 ff 00 00 00 00 00 00 00 00 00 ff 00 00 00 00 00 00 00 00 00 ff 00 00 00 00 00 00 00 00 00 ff 00 00 00 00 00 00 00 00 02 00 00
 11246 ms  64 B  05 07 00 69 16 f5 13 40 00 71 00 07 02 77 14 db 13 06 00 0a 00 00 ff 00 00 00 00 00 00 00 00 00 ff 00 00 00 00 00 00 00 00 00 ff 00 00 00 00 00 00 00 00 00 ff 00 00 00 00 00 00 00 00 02 00 00
 11258 ms  64 B  05 07 00 6e 16 fb 13 40 00 71 00 04 02 77 14 db 13 06 00 0a 00 00 ff 00 00 00 00 00 00 00 00 00 ff 00 00 00 00 00 00 00 00 00 ff 00 00 00 00 00 00 00 00 00 ff 00 00 00 00 00 00 00 00 02 00 00
 11258 ms  64 B  05 07 00 73 16 03 14 40 00 71 00 00 ff 00 00 00 00 00 00 00 00 00 ff 00 00 00 00 00 00 00 00 00 ff 00 00 00 00 00 00 00 00 00 ff 00 00 00 00 00 00 00 00 00 ff 00 00 00 00 00 00 00 00 01 00 00
 11259 ms  64 B  05 07 00 77 16 0e 14 40 00 71 00 00 ff 00 00 00 00 00 00 00 00 00 ff 00 00 00 00 00 00 00 00 00 ff 00 00 00 00 00 00 00 00 00 ff 00 00 00 00 00 00 00 00 00 ff 00 00 00 00 00 00 00 00 01 00 00
 11265 ms  64 B  05 07 00 7d 16 16 14 40 00 71 00 00 ff 00 00 00 00 00 00 00 00 00 ff 00 00 00 00 00 00 00 00 00 ff 00 00 00 00 00 00 00 00 00 ff 00 00 00 00 00 00 00 00 00 ff 00 00 00 00 00 00 00 00 01 00 00
 11266 ms  64 B  05 07 00 84 16 1e 14 40 00 71 00 00 ff 00 00 00 00 00 00 00 00 00 ff 00 00 00 00 00 00 00 00 00 ff 00 00 00 00 00 00 00 00 00 ff 00 00 00 00 00 00 00 00 00 ff 00 00 00 00 00 00 00 00 01 00 00
 11267 ms  64 B  05 07 00 8d 16 27 14 40 00 71 00 00 ff 00 00 00 00 00 00 00 00 00 ff 00 00 00 00 00 00 00 00 00 ff 00 00 00 00 00 00 00 00 00 ff 00 00 00 00 00 00 00 00 00 ff 00 00 00 00 00 00 00 00 01 00 00
 11274 ms  64 B  05 07 00 95 16 2f 14 40 00 71 00 00 ff 00 00 00 00 00 00 00 00 00 ff 00 00 00 00 00 00 00 00 00 ff 00 00 00 00 00 00 00 00 00 ff 00 00 00 00 00 00 00 00 00 ff 00 00 00 00 00 00 00 00 01 00 00
 11275 ms  64 B  05 07 00 9e 16 37 14 40 00 71 00 00 ff 00 00 00 00 00 00 00 00 00 ff 00 00 00 00 00 00 00 00 00 ff 00 00 00 00 00 00 00 00 00 ff 00 00 00 00 00 00 00 00 00 ff 00 00 00 00 00 00 00 00 01 00 00
 11276 ms  64 B  05 07 00 a9 16 40 14 40 00 71 00 00 ff 00 00 00 00 00 00 00 00 00 ff 00 00 00 00 00 00 00 00 00 ff 00 00 00 00 00 00 00 00 00 ff 00 00 00 00 00 00 00 00 00 ff 00 00 00 00 00 00 00 00 01 00 00
 11283 ms  64 B  05 07 00 af 16 48 14 40 00 71 00 04 01 e1 14 22 15 06 00 0a 00 00 ff 00 00 00 00 00 00 00 00 00 ff 00 00 00 00 00 00 00 00 00 ff 00 00 00 00 00 00 00 00 00 ff 00 00 00 00 00 00 00 00 02 00 00
 11283 ms  64 B  05 07 00 b4 16 50 14 40 00 71 00 07 01 e1 14 22 15 06 00 0a 00 00 ff 00 00 00 00 00 00 00 00 00 ff 00 00 00 00 00 00 00 00 00 ff 00 00 00 00 00 00 00 00 00 ff 00 00 00 00 00 00 00 00 02 00 00
 11284 ms  64 B  05 07 00 b7 16 59 14 40 00 71 00 07 01 e1 14 22 15 06 00 0a 00 00 ff 00 00 00 00 00 00 00 00 00 ff 00 00 00 00 00 00 00 00 00 ff 00 00 00 00 00 00 00 00 00 ff 00 00 00 00 00 00 00 00 02 00 00
 11295 ms  64 B  05 07 00 be 16 60 14 40 00 71 00 07 01 db 14 15 15 06 00 0a 00 00 ff 00 00 00 00 00 00 00 00 00 ff 00 00 00 00 00 00 00 00 00 ff 00 00 00 00 00 00 00 00 00 ff 00 00 00 00 00 00 00 00 02 00 00
 11296 ms  64 B  05 07 00 c7 16 69 14 40 00 71 00 07 01 dc 14 15 15 06 00 0a 00 00 ff 00 00 00 00 00 00 00 00 00 ff 00 00 00 00 00 00 00 00 00 ff 00 00 00 00 00 00 00 00 00 ff 00 00 00 00 00 00 00 00 02 00 00
 11297 ms  64 B  05 07 00 d3 16 73 14 40 00 71 00 07 01 e1 14 22 15 06 00 0a 00 00 ff 00 00 00 00 00 00 00 00 00 ff 00 00 00 00 00 00 00 00 00 ff 00 00 00 00 00 00 00 00 00 ff 00 00 00 00 00 00 00 00 02 00 00
 11303 ms  64 B  05 07 00 dc 16 79 14 40 00 71 00 07 01 e5 14 24 15 06 00 0a 00 00 ff 00 00 00 00 00 00 00 00 00 ff 00 00 00 00 00 00 00 00 00 ff 00 00 00 00 00 00 00 00 00 ff 00 00 00 00 00 00 00 00 02 00 00
 11304 ms  64 B  05 07 00 e5 16 7d 14 40 00 71 00 07 01 ed 14 28 15 06 00 0a 00 00 ff 00 00 00 00 00 00 00 00 00 ff 00 00 00 00 00 00 00 00 00 ff 00 00 00 00 00 00 00 00 00 ff 00 00 00 00 00 00 00 00 02 00 00
 11305 ms  64 B  05 07 00 ef 16 7f 14 40 00 71 00 07 01 f6 14 2e 15 06 00 0a 00 00 ff 00 00 00 00 00 00 00 00 00 ff 00 00 00 00 00 00 00 00 00 ff 00 00 00 00 00 00 00 00 00 ff 00 00 00 00 00 00 00 00 02 00 00
 11311 ms  64 B  05 07 00 f8 16 89 14 40 00 71 00 07 01 ff 14 38 15 06 00 0a 00 00 ff 00 00 00 00 00 00 00 00 00 ff 00 00 00 00 00 00 00 00 00 ff 00 00 00 00 00 00 00 00 00 ff 00 00 00 00 00 00 00 00 02 00 00
 11312 ms  64 B  05 07 00 01 17 95 14 40 00 71 00 07 01 0b 15 45 15 06 00 0a 00 00 ff 00 00 00 00 00 00 00 00 00 ff 00 00 00 00 00 00 00 00 00 ff 00 00 00 00 00 00 00 00 00 ff 00 00 00 00 00 00 00 00 02 00 00
 11313 ms  64 B  05 07 00 0b 17 a4 14 40 00 71 00 07 01 19 15 54 15 06 00 0a 00 00 ff 00 00 00 00 00 00 00 00 00 ff 00 00 00 00 00 00 00 00 00 ff 00 00 00 00 00 00 00 00 00 ff 00 00 00 00 00 00 00 00 02 00 00
 11320 ms  64 B  05 07 00 15 17 af 14 40 00 71 00 07 01 1d 15 59 15 06 00 0a 00 00 ff 00 00 00 00 00 00 00 00 00 ff 00 00 00 00 00 00 00 00 00 ff 00 00 00 00 00 00 00 00 00 ff 00 00 00 00 00 00 00 00 02 00 00
 11320 ms  64 B  05 07 00 20 17 bc 14 40 00 71 00 07 01 1d 15 59 15 06 00 0a 00 00 ff 00 00 00 00 00 00 00 00 00 ff 00 00 00 00 00 00 00 00 00 ff 00 00 00 00 00 00 00 00 00 ff 00 00 00 00 00 00 00 00 02 00 00
 11321 ms  64 B  05 07 00 2d 17 ca 14 40 00 71 00 07 01 19 15 54 15 06 00 0a 00 00 ff 00 00 00 00 00 00 00 00 00 ff 00 00 00 00 00 00 00 00 00 ff 00 00 00 00 00 00 00 00 00 ff 00 00 00 00 00 00 00 00 02 00 00
 11327 ms  64 B  05 07 00 37 17 d6 14 40 00 71 00 07 01 22 15 68 15 06 00 0a 00 00 ff 00 00 00 00 00 00 00 00 00 ff 00 00 00 00 00 00 00 00 00 ff 00 00 00 00 00 00 00 00 00 ff 00 00 00 00 00 00 00 00 02 00 00
 11328 ms  64 B  05 07 00 40 17 e3 14 40 00 71 00 07 01 30 15 85 15 06 00 0a 00 00 ff 00 00 00 00 00 00 00 00 00 ff 00 00 00 00 00 00 00 00 00 ff 00 00 00 00 00 00 00 00 00 ff 00 00 00 00 00 00 00 00 02 00 00
 11329 ms  64 B  05 07 00 49 17 f0 14 40 00 71 00 07 01 43 15 ac 15 06 00 0a 00 00 ff 00 00 00 00 00 00 00 00 00 ff 00 00 00 00 00 00 00 00 00 ff 00 00 00 00 00 00 00 00 00 ff 00 00 00 00 00 00 00 00 02 00 00
 11334 ms  64 B  05 07 00 52 17 fd 14 40 00 71 00 07 01 48 15 b6 15 06 00 0a 00 00 ff 00 00 00 00 00 00 00 00 00 ff 00 00 00 00 00 00 00 00 00 ff 00 00 00 00 00 00 00 00 00 ff 00 00 00 00 00 00 00 00 02 00 00
 11335 ms  64 B  05 07 00 5b 17 09 15 40 00 71 00 07 01 48 15 b6 15 06 00 0a 00 00 ff 00 00 00 00 00 00 00 00 00 ff 00 00 00 00 00 00 00 00 00 ff 00 00 00 00 00 00 00 00 00 ff 00 00 00 00 00 00 00 00 02 00 00
 11336 ms  64 B  05 07 00 65 17 15 15 40 00 71 00 07 01 43 15 ac 15 06 00 0a 00 00 ff 00 00 00 00 00 00 00 00 00 ff 00 00 00 00 00 00 00 00 00 ff 00 00 00 00 00 00 00 00 00 ff 00 00 00 00 00 00 00 00 02 00 00
 11342 ms  64 B  05 07 00 6f 17 20 15 40 00 71 00 07 01 51 15 c0 15 06 00 0a 00 00 ff 00 00 00 00 00 00 00 00 00 ff 00 00 00 00 00 00 00 00 00 ff 00 00 00 00 00 00 00 00 00 ff 00 00 00 00 00 00 00 00 02 00 00
 11343 ms  64 B  05 07 00 7a 17 2d 15 40 00 71 00 07 01 66 15 dd 15 06 00 0a 00 00 ff 00 00 00 00 00 00 00 00 00 ff 00 00 00 00 00 00 00 00 00 ff 00 00 00 00 00 00 00 00 00 ff 00 00 00 00 00 00 00 00 02 00 00
 11344 ms  64 B  05 07 00 88 17 3b 15 40 00 71 00 07 01 81 15 04 16 06 00 0a 00 00 ff 00 00 00 00 00 00 00 00 00 ff 00 00 00 00 00 00 00 00 00 ff 00 00 00 00 00 00 00 00 00 ff 00 00 00 00 00 00 00 00 02 00 00
 11354 ms  64 B  05 07 00 92 17 47 15 40 00 71 00 07 01 88 15 0e 16 06 00 0a 00 00 ff 00 00 00 00 00 00 00 00 00 ff 00 00 00 00 00 00 00 00 00 ff 00 00 00 00 00 00 00 00 00 ff 00 00 00 00 00 00 00 00 02 00 00
 11355 ms  64 B  05 07 00 9c 17 54 15 40 00 71 00 07 01 88 15 0e 16 06 00 0a 00 00 ff 00 00 00 00 00 00 00 00 00 ff 00 00 00 00 00 00 00 00 00 ff 00 00 00 00 00 00 00 00 00 ff 00 00 00 00 00 00 00 00 02 00 00
 11356 ms  64 B  05 07 00 a5 17 61 15 40 00 71 00 07 01 81 15 04 16 06 00 0a 00 00 ff 00 00 00 00 00 00 00 00 00 ff 00 00 00 00 00 00 00 00 00 ff 00 00 00 00 00 00 00 00 00 ff 00 00 00 00 00 00 00 00 02 00 00
 11363 ms  64 B  05 07 00 af 17 72 15 40 00 71 00 07 01 8f 15 1d 16 06 00 0a 00 00 ff 00 00 00 00 00 00 00 00 00 ff 00 00 00 00 00 00 00 00 00 ff 00 00 00 00 00 00 00 00 00 ff 00 00 00 00 00 00 00 00 02 00 00
 11364 ms  64 B  05 07 00 bb 17 87 15 40 00 71 00 07 01 a4 15 42 16 06 00 0a 00 00 ff 00 00 00 00 00 00 00 00 00 ff 00 00 00 00 00 00 00 00 00 ff 00 00 00 00 00 00 00 00 00 ff 00 00 00 00 00 00 00 00 02 00 00
 11365 ms  64 B  05 07 00 c8 17 9f 15 40 00 71 00 07 01 c0 15 75 16 06 00 0a 00 00 ff 00 00 00 00 00 00 00 00 00 ff 00 00 00 00 00 00 00 00 00 ff 00 00 00 00 00 00 00 00 00 ff 00 00 00 00 00 00 00 00 02 00 00
 11375 ms  64 B  05 07 00 d5 17 b2 15 40 00 71 00 07 01 c7 15 82 16 06 00 0a 00 00 ff 00 00 00 00 00 00 00 00 00 ff 00 00 00 00 00 00 00 00 00 ff 00 00 00 00 00 00 00 00 00 ff 00 00 00 00 00 00 00 00 02 00 00
 11375 ms  64 B  05 07 00 e2 17 c2 15 40 00 71 00 07 01 c7 15 82 16 06 00 0a 00 00 ff 00 00 00 00 00 00 00 00 00 ff 00 00 00 00 00 00 00 00 00 ff 00 00 00 00 00 00 00 00 00 ff 00 00 00 00 00 00 00 00 02 00 00
 11376 ms  64 B  05 07 00 f2 17 d2 15 40 00 71 00 07 01 c0 15 75 16 06 00 0a 00 00 ff 00 00 00 00 00 00 00 00 00 ff 00 00 00 00 00 00 00 00 00 ff 00 00 00 00 00 00 00 00 00 ff 00 00 00 00 00 00 00 00 02 00 00
 11384 ms  64 B  05 07 00 00 18 ea 15 40 00 71 00 07 01 cc 15 85 16 06 00 0a 00 00 ff 00 00 00 00 00 00 00 00 00 ff 00 00 00 00 00 00 00 00 00 ff 00 00 00 00 00 00 00 00 00 ff 00 00 00 00 00 00 00 00 02 00 00
 11384 ms  64 B  05 07 00 0e 18 08 16 40 00 71 00 07 01 e0 15 9f 16 06 00 0a 00 00 ff 00 00 00 00 00 00 00 00 00 ff 00 00 00 00 00 00 00 00 00 ff 00 00 00 00 00 00 00 00 00 ff 00 00 00 00 00 00 00 00 02 00 00
 11385 ms  64 B  05 07 00 1c 18 2a 16 40 00 71 00 07 01 f9 15 c0 16 06 00 0a 00 00 ff 00 00 00 00 00 00 00 00 00 ff 00 00 00 00 00 00 00 00 00 ff 00 00 00 00 00 00 00 00 00 ff 00 00 00 00 00 00 00 00 02 00 00
 11392 ms  64 B  05 07 00 2b 18 49 16 40 00 71 00 07 01 12 16 e0 16 06 00 0a 00 00 ff 00 00 00 00 00 00 00 00 00 ff 00 00 00 00 00 00 00 00 00 ff 00 00 00 00 00 00 00 00 00 ff 00 00 00 00 00 00 00 00 02 00 00
 11393 ms  64 B  05 07 00 3b 18 6a 16 40 00 71 00 07 01 2d 16 06 17 06 00 0a 00 00 ff 00 00 00 00 00 00 00 00 00 ff 00 00 00 00 00 00 00 00 00 ff 00 00 00 00 00 00 00 00 00 ff 00 00 00 00 00 00 00 00 02 00 00
 11394 ms  64 B  05 07 00 4d 18 8e 16 40 00 71 00 07 01 4d 16 31 17 06 00 0a 00 00 ff 00 00 00 00 00 00 00 00 00 ff 00 00 00 00 00 00 00 00 00 ff 00 00 00 00 00 00 00 00 00 ff 00 00 00 00 00 00 00 00 02 00 00
 11400 ms  64 B  05 07 00 5e 18 af 16 40 00 71 00 07 01 67 16 58 17 06 00 0a 00 00 ff 00 00 00 00 00 00 00 00 00 ff 00 00 00 00 00 00 00 00 00 ff 00 00 00 00 00 00 00 00 00 ff 00 00 00 00 00 00 00 00 02 00 00
 11401 ms  64 B  05 07 00 70 18 d0 16 40 00 71 00 07 01 81 16 82 17 06 00 0a 00 00 ff 00 00 00 00 00 00 00 00 00 ff 00 00 00 00 00 00 00 00 00 ff 00 00 00 00 00 00 00 00 00 ff 00 00 00 00 00 00 00 00 02 00 00
 11402 ms  64 B  05 07 00 85 18 f2 16 40 00 71 00 07 01 9a 16 ae 17 06 00 0a 00 00 ff 00 00 00 00 00 00 00 00 00 ff 00 00 00 00 00 00 00 00 00 ff 00 00 00 00 00 00 00 00 00 ff 00 00 00 00 00 00 00 00 02 00 00
 11411 ms  64 B  05 07 00 96 18 11 17 40 00 71 00 07 01 b5 16 d0 17 06 00 0a 00 00 ff 00 00 00 00 00 00 00 00 00 ff 00 00 00 00 00 00 00 00 00 ff 00 00 00 00 00 00 00 00 00 ff 00 00 00 00 00 00 00 00 02 00 00
 11412 ms  64 B  05 07 00 a7 18 2e 17 40 00 71 00 07 01 d1 16 ed 17 06 00 0a 00 00 ff 00 00 00 00 00 00 00 00 00 ff 00 00 00 00 00 00 00 00 00 ff 00 00 00 00 00 00 00 00 00 ff 00 00 00 00 00 00 00 00 02 00 00
 11413 ms  64 B  05 07 00 b7 18 4b 17 40 00 71 00 07 01 ef 16 06 18 06 00 0a 00 00 ff 00 00 00 00 00 00 00 00 00 ff 00 00 00 00 00 00 00 00 00 ff 00 00 00 00 00 00 00 00 00 ff 00 00 00 00 00 00 00 00 02 00 00
 11420 ms  64 B  05 07 00 c8 18 63 17 40 00 71 00 07 01 08 17 21 18 06 00 0a 00 00 ff 00 00 00 00 00 00 00 00 00 ff 00 00 00 00 00 00 00 00 00 ff 00 00 00 00 00 00 00 00 00 ff 00 00 00 00 00 00 00 00 02 00 00
 11421 ms  64 B  05 07 00 da 18 78 17 40 00 71 00 07 01 1f 17 3a 18 06 00 0a 00 00 ff 00 00 00 00 00 00 00 00 00 ff 00 00 00 00 00 00 00 00 00 ff 00 00 00 00 00 00 00 00 00 ff 00 00 00 00 00 00 00 00 02 00 00
 11422 ms  64 B  05 07 00 ee 18 8a 17 40 00 71 00 07 01 34 17 52 18 06 00 0a 00 00 ff 00 00 00 00 00 00 00 00 00 ff 00 00 00 00 00 00 00 00 00 ff 00 00 00 00 00 00 00 00 00 ff 00 00 00 00 00 00 00 00 02 00 00
 11428 ms  64 B  05 07 00 ff 18 9f 17 40 00 71 00 07 01 4a 17 6b 18 06 00 0a 00 00 ff 00 00 00 00 00 00 00 00 00 ff 00 00 00 00 00 00 00 00 00 ff 00 00 00 00 00 00 00 00 00 ff 00 00 00 00 00 00 00 00 02 00 00
 11429 ms  64 B  05 07 00 0f 19 b3 17 40 00 71 00 07 01 5f 17 84 18 06 00 0a 00 00 ff 00 00 00 00 00 00 00 00 00 ff 00 00 00 00 00 00 00 00 00 ff 00 00 00 00 00 00 00 00 00 ff 00 00 00 00 00 00 00 00 02 00 00
 11430 ms  64 B  05 07 00 1f 19 c8 17 40 00 71 00 07 01 73 17 9e 18 06 00 0a 00 00 ff 00 00 00 00 00 00 00 00 00 ff 00 00 00 00 00 00 00 00 00 ff 00 00 00 00 00 00 00 00 00 ff 00 00 00 00 00 00 00 00 02 00 00
 11436 ms  64 B  05 07 00 2c 19 db 17 40 00 71 00 07 01 86 17 b7 18 06 00 0a 00 00 ff 00 00 00 00 00 00 00 00 00 ff 00 00 00 00 00 00 00 00 00 ff 00 00 00 00 00 00 00 00 00 ff 00 00 00 00 00 00 00 00 02 00 00
 11437 ms  64 B  05 07 00 38 19 eb 17 40 00 71 00 07 01 99 17 d0 18 06 00 0a 00 00 ff 00 00 00 00 00 00 00 00 00 ff 00 00 00 00 00 00 00 00 00 ff 00 00 00 00 00 00 00 00 00 ff 00 00 00 00 00 00 00 00 02 00 00
 11438 ms  64 B  05 07 00 42 19 fb 17 40 00 71 00 07 01 ab 17 e8 18 06 00 0a 00 00 ff 00 00 00 00 00 00 00 00 00 ff 00 00 00 00 00 00 00 00 00 ff 00 00 00 00 00 00 00 00 00 ff 00 00 00 00 00 00 00 00 02 00 00
 11443 ms  64 B  05 07 00 4c 19 06 18 40 00 71 00 07 01 bc 17 00 19 06 00 0a 00 00 ff 00 00 00 00 00 00 00 00 00 ff 00 00 00 00 00 00 00 00 00 ff 00 00 00 00 00 00 00 00 00 ff 00 00 00 00 00 00 00 00 02 00 00
 11444 ms  64 B  05 07 00 56 19 0e 18 40 00 71 00 07 01 cd 17 19 19 06 00 0a 00 00 ff 00 00 00 00 00 00 00 00 00 ff 00 00 00 00 00 00 00 00 00 ff 00 00 00 00 00 00 00 00 00 ff 00 00 00 00 00 00 00 00 02 00 00
 11445 ms  64 B  05 07 00 5e 19 14 18 40 00 71 00 07 01 dd 17 34 19 06 00 0a 00 00 ff 00 00 00 00 00 00 00 00 00 ff 00 00 00 00 00 00 00 00 00 ff 00 00 00 00 00 00 00 00 00 ff 00 00 00 00 00 00 00 00 02 00 00
 11450 ms  64 B  05 07 00 6a 19 1e 18 40 00 71 00 07 01 ea 17 42 19 06 00 0a 00 00 ff 00 00 00 00 00 00 00 00 00 ff 00 00 00 00 00 00 00 00 00 ff 00 00 00 00 00 00 00 00 00 ff 00 00 00 00 00 00 00 00 02 00 00
 11451 ms  64 B  05 07 00 78 19 2a 18 40 00 71 00 07 01 f6 17 4b 19 06 00 0a 00 00 ff 00 00 00 00 00 00 00 00 00 ff 00 00 00 00 00 00 00 00 00 ff 00 00 00 00 00 00 00 00 00 ff 00 00 00 00 00 00 00 00 02 00 00
 11453 ms  64 B  05 07 00 88 19 39 18 40 00 71 00 07 01 00 18 4d 19 06 00 0a 00 00 ff 00 00 00 00 00 00 00 00 00 ff 00 00 00 00 00 00 00 00 00 ff 00 00 00 00 00 00 00 00 00 ff 00 00 00 00 00 00 00 00 02 00 00
 11460 ms  64 B  05 07 00 95 19 45 18 40 00 71 00 07 01 0b 18 5b 19 06 00 0a 00 00 ff 00 00 00 00 00 00 00 00 00 ff 00 00 00 00 00 00 00 00 00 ff 00 00 00 00 00 00 00 00 00 ff 00 00 00 00 00 00 00 00 02 00 00
 11461 ms  64 B  05 07 00 a4 19 52 18 40 00 71 00 07 01 17 18 6c 19 06 00 0a 00 00 ff 00 00 00 00 00 00 00 00 00 ff 00 00 00 00 00 00 00 00 00 ff 00 00 00 00 00 00 00 00 00 ff 00 00 00 00 00 00 00 00 02 00 00
 11462 ms  64 B  05 07 00 b3 19 60 18 40 00 71 00 07 01 23 18 80 19 06 00 0a 00 00 ff 00 00 00 00 00 00 00 00 00 ff 00 00 00 00 00 00 00 00 00 ff 00 00 00 00 00 00 00 00 00 ff 00 00 00 00 00 00 00 00 02 00 00
 11468 ms  64 B  05 07 00 bf 19 6d 18 40 00 71 00 07 01 30 18 96 19 06 00 0a 00 00 ff 00 00 00 00 00 00 00 00 00 ff 00 00 00 00 00 00 00 00 00 ff 00 00 00 00 00 00 00 00 00 ff 00 00 00 00 00 00 00 00 02 00 00
 11469 ms  64 B  05 07 00 cb 19 79 18 40 00 71 00 07 01 3d 18 af 19 06 00 0a 00 00 ff 00 00 00 00 00 00 00 00 00 ff 00 00 00 00 00 00 00 00 00 ff 00 00 00 00 00 00 00 00 00 ff 00 00 00 00 00 00 00 00 02 00 00
 11470 ms  64 B  05 07 00 d6 19 85 18 40 00 71 00 07 01 4d 18 cb 19 06 00 0a 00 00 ff 00 00 00 00 00 00 00 00 00 ff 00 00 00 00 00 00 00 00 00 ff 00 00 00 00 00 00 00 00 00 ff 00 00 00 00 00 00 00 00 02 00 00
 11476 ms  64 B  05 07 00 e3 19 91 18 40 00 71 00 07 01 58 18 e6 19 06 00 0a 00 00 ff 00 00 00 00 00 00 00 00 00 ff 00 00 00 00 00 00 00 00 00 ff 00 00 00 00 00 00 00 00 00 ff 00 00 00 00 00 00 00 00 02 00 00
 11476 ms  64 B  05 07 00 f0 19 9d 18 40 00 71 00 07 01 61 18 04 1a 06 00 0a 00 00 ff 00 00 00 00 00 00 00 00 00 ff 00 00 00 00 00 00 00 00 00 ff 00 00 00 00 00 00 00 00 00 ff 00 00 00 00 00 00 00 00 02 00 00
 11477 ms  64 B  05 07 00 00 1a aa 18 40 00 71 00 07 01 69 18 23 1a 06 00 0a 00 00 ff 00 00 00 00 00 00 00 00 00 ff 00 00 00 00 00 00 00 00 00 ff 00 00 00 00 00 00 00 00 00 ff 00 00 00 00 00 00 00 00 02 00 00
 11483 ms  64 B  05 07 00 0c 1a b9 18 40 00 71 00 07 01 6d 18 2d 1a 06 00 0a 00 00 ff 00 00 00 00 00 00 00 00 00 ff 00 00 00 00 00 00 00 00 00 ff 00 00 00 00 00 00 00 00 00 ff 00 00 00 00 00 00 00 00 02 00 00
 11484 ms  64 B  05 07 00 18 1a ca 18 40 00 71 00 07 01 6d 18 2d 1a 06 00 0a 00 00 ff 00 00 00 00 00 00 00 00 00 ff 00 00 00 00 00 00 00 00 00 ff 00 00 00 00 00 00 00 00 00 ff 00 00 00 00 00 00 00 00 02 00 00
 11485 ms  64 B  05 07 00 23 1a dd 18 40 00 71 00 07 01 69 18 23 1a 06 00 0a 00 00 ff 00 00 00 00 00 00 00 00 00 ff 00 00 00 00 00 00 00 00 00 ff 00 00 00 00 00 00 00 00 00 ff 00 00 00 00 00 00 00 00 02 00 00
 11491 ms  64 B  05 07 00 2d 1a ee 18 40 00 71 00 07 01 72 18 37 1a 06 00 0a 00 00 ff 00 00 00 00 00 00 00 00 00 ff 00 00 00 00 00 00 00 00 00 ff 00 00 00 00 00 00 00 00 00 ff 00 00 00 00 00 00 00 00 02 00 00
 11491 ms  64 B  05 07 00 37 1a fe 18 40 00 71 00 07 01 80 18 54 1a 06 00 0a 00 00 ff 00 00 00 00 00 00 00 00 00 ff 00 00 00 00 00 00 00 00 00 ff 00 00 00 00 00 00 00 00 00 ff 00 00 00 00 00 00 00 00 02 00 00
 11492 ms  64 B  05 07 00 3f 1a 0f 19 40 00 71 00 07 01 93 18 7b 1a 06 00 0a 00 00 ff 00 00 00 00 00 00 00 00 00 ff 00 00 00 00 00 00 00 00 00 ff 00 00 00 00 00 00 00 00 00 ff 00 00 00 00 00 00 00 00 02 00 00
 11499 ms  64 B  05 07 00 49 1a 27 19 40 00 71 00 07 01 9f 18 96 1a 06 00 0a 00 00 ff 00 00 00 00 00 00 00 00 00 ff 00 00 00 00 00 00 00 00 00 ff 00 00 00 00 00 00 00 00 00 ff 00 00 00 00 00 00 00 00 02 00 00
 11500 ms  64 B  05 07 00 54 1a 44 19 40 00 71 00 07 01 ab 18 af 1a 06 00 0a 00 00 ff 00 00 00 00 00 00 00 00 00 ff 00 00 00 00 00 00 00 00 00 ff 00 00 00 00 00 00 00 00 00 ff 00 00 00 00 00 00 00 00 02 00 00
 11501 ms  64 B  05 07 00 61 1a 67 19 40 00 71 00 07 01 b6 18 c7 1a 06 00 0a 00 00 ff 00 00 00 00 00 00 00 00 00 ff 00 00 00 00 00 00 00 00 00 ff 00 00 00 00 00 00 00 00 00 ff 00 00 00 00 00 00 00 00 02 00 00
 11508 ms  64 B  05 07 00 6b 1a 86 19 40 00 71 00 07 01 c1 18 da 1a 06 00 0a 00 00 ff 00 00 00 00 00 00 00 00 00 ff 00 00 00 00 00 00 00 00 00 ff 00 00 00 00 00 00 00 00 00 ff 00 00 00 00 00 00 00 00 02 00 00
 11508 ms  64 B  05 07 00 77 1a a8 19 40 00 71 00 07 01 cd 18 eb 1a 06 00 0a 00 00 ff 00 00 00 00 00 00 00 00 00 ff 00 00 00 00 00 00 00 00 00 ff 00 00 00 00 00 00 00 00 00 ff 00 00 00 00 00 00 00 00 02 00 00
 11509 ms  64 B  05 07 00 84 1a cc 19 40 00 71 00 07 01 d9 18 f8 1a 06 00 0a 00 00 ff 00 00 00 00 00 00 00 00 00 ff 00 00 00 00 00 00 00 00 00 ff 00 00 00 00 00 00 00 00 00 ff 00 00 00 00 00 00 00 00 02 00 00
 11515 ms  64 B  05 07 00 8d 1a cc 19 40 00 71 00 07 01 e6 18 0b 1b 06 00 0a 00 00 ff 00 00 00 00 00 00 00 00 00 ff 00 00 00 00 00 00 00 00 00 ff 00 00 00 00 00 00 00 00 00 ff 00 00 00 00 00 00 00 00 02 00 00
 11516 ms  64 B  05 07 00 94 1a bc 19 40 00 71 00 07 01 f3 18 20 1b 06 00 0a 00 00 ff 00 00 00 00 00 00 00 00 00 ff 00 00 00 00 00 00 00 00 00 ff 00 00 00 00 00 00 00 00 00 ff 00 00 00 00 00 00 00 00 02 00 00
 11517 ms  64 B  05 07 00 9a 1a 9a 19 40 00 71 00 07 01 03 19 38 1b 06 00 0a 00 00 ff 00 00 00 00 00 00 00 00 00 ff 00 00 00 00 00 00 00 00 00 ff 00 00 00 00 00 00 00 00 00 ff 00 00 00 00 00 00 00 00 02 00 00
 11531 ms  64 B  05 07 00 a5 1a 9f 19 40 00 71 00 07 01 0f 19 47 1b 06 00 0a 00 00 ff 00 00 00 00 00 00 00 00 00 ff 00 00 00 00 00 00 00 00 00 ff 00 00 00 00 00 00 00 00 00 ff 00 00 00 00 00 00 00 00 02 00 00
 11532 ms  64 B  05 07 00 b3 1a b0 19 40 00 71 00 07 01 1b 19 54 1b 06 00 0a 00 00 ff 00 00 00 00 00 00 00 00 00 ff 00 00 00 00 00 00 00 00 00 ff 00 00 00 00 00 00 00 00 00 ff 00 00 00 00 00 00 00 00 02 00 00
 11533 ms  64 B  05 07 00 c4 1a cc 19 40 00 71 00 07 01 26 19 5d 1b 06 00 0a 00 00 ff 00 00 00 00 00 00 00 00 00 ff 00 00 00 00 00 00 00 00 00 ff 00 00 00 00 00 00 00 00 00 ff 00 00 00 00 00 00 00 00 02 00 00
 11544 ms  64 B  05 07 00 cf 1a e4 19 40 00 71 00 07 01 2a 19 62 1b 06 00 0a 00 00 ff 00 00 00 00 00 00 00 00 00 ff 00 00 00 00 00 00 00 00 00 ff 00 00 00 00 00 00 00 00 00 ff 00 00 00 00 00 00 00 00 02 00 00
 11544 ms  64 B  05 07 00 d8 1a 01 1a 40 00 71 00 07 01 2a 19 61 1b 06 00 0a 00 00 ff 00 00 00 00 00 00 00 00 00 ff 00 00 00 00 00 00 00 00 00 ff 00 00 00 00 00 00 00 00 00 ff 00 00 00 00 00 00 00 00 02 00 00
 11545 ms  64 B  05 07 00 e0 1a 24 1a 40 00 71 00 07 01 26 19 5d 1b 06 00 0a 00 00 ff 00 00 00 00 00 00 00 00 00 ff 00 00 00 00 00 00 00 00 00 ff 00 00 00 00 00 00 00 00 00 ff 00 00 00 00 00 00 00 00 02 00 00
 11554 ms  64 B  05 07 00 ed 1a 46 1a 40 00 71 00 07 01 36 19 71 1b 06 00 0a 00 00 ff 00 00 00 00 00 00 00 00 00 ff 00 00 00 00 00 00 00 00 00 ff 00 00 00 00 00 00 00 00 00 ff 00 00 00 00 00 00 00 00 02 00 00
 11554 ms  64 B  05 07 00 fe 1a 6b 1a 40 00 71 00 07 01 4d 19 8e 1b 06 00 0a 00 00 ff 00 00 00 00 00 00 00 00 00 ff 00 00 00 00 00 00 00 00 00 ff 00 00 00 00 00 00 00 00 00 ff 00 00 00 00 00 00 00 00 02 00 00
 11555 ms  64 B  05 07 00 11 1b 95 1a 40 00 71 00 07 01 6c 19 b5 1b 06 00 0a 00 00 ff 00 00 00 00 00 00 00 00 00 ff 00 00 00 00 00 00 00 00 00 ff 00 00 00 00 00 00 00 00 00 ff 00 00 00 00 00 00 00 00 02 00 00
 11560 ms  64 B  05 07 00 24 1b b5 1a 40 00 71 00 07 01 83 19 d7 1b 06 00 0a 00 00 ff 00 00 00 00 00 00 00 00 00 ff 00 00 00 00 00 00 00 00 00 ff 00 00 00 00 00 00 00 00 00 ff 00 00 00 00 00 00 00 00 02 00 00
 11561 ms  64 B  05 07 00 39 1b d3 1a 40 00 71 00 07 01 9a 19 fc 1b 06 00 0a 00 00 ff 00 00 00 00 00 00 00 00 00 ff 00 00 00 00 00 00 00 00 00 ff 00 00 00 00 00 00 00 00 00 ff 00 00 00 00 00 00 00 00 02 00 00
 11562 ms  64 B  05 07 00 50 1b ed 1a 40 00 71 00 07 01 b2 19 26 1c 06 00 0a 00 00 ff 00 00 00 00 00 00 00 00 00 ff 00 00 00 00 00 00 00 00 00 ff 00 00 00 00 00 00 00 00 00 ff 00 00 00 00 00 00 00 00 02 00 00
 11569 ms  64 B  05 07 00 62 1b 0b 1b 40 00 71 00 07 01 c7 19 49 1c 06 00 0a 00 00 ff 00 00 00 00 00 00 00 00 00 ff 00 00 00 00 00 00 00 00 00 ff 00 00 00 00 00 00 00 00 00 ff 00 00 00 00 00 00 00 00 02 00 00
 11570 ms  64 B  05 07 00 72 1b 27 1b 40 00 71 00 07 01 d9 19 6b 1c 06 00 0a 00 00 ff 00 00 00 00 00 00 00 00 00 ff 00 00 00 00 00 00 00 00 00 ff 00 00 00 00 00 00 00 00 00 ff 00 00 00 00 00 00 00 00 02 00 00
 11571 ms  64 B  05 07 00 81 1b 44 1b 40 00 71 00 07 01 eb 19 8b 1c 06 00 0a 00 00 ff 00 00 00 00 00 00 00 00 00 ff 00 00 00 00 00 00 00 00 00 ff 00 00 00 00 00 00 00 00 00 ff 00 00 00 00 00 00 00 00 02 00 00
 11577 ms  64 B  05 07 00 90 1b 5c 1b 40 00 71 00 07 01 fc 19 a7 1c 06 00 0a 00 00 ff 00 00 00 00 00 00 00 00 00 ff 00 00 00 00 00 00 00 00 00 ff 00 00 00 00 00 00 00 00 00 ff 00 00 00 00 00 00 00 00 02 00 00
 11578 ms  64 B  05 07 00 a1 1b 71 1b 40 00 71 00 07 01 0c 1a c0 1c 06 00 0a 00 00 ff 00 00 00 00 00 00 00 00 00 ff 00 00 00 00 00 00 00 00 00 ff 00 00 00 00 00 00 00 00 00 ff 00 00 00 00 00 00 00 00 02 00 00
 11579 ms  64 B  05 07 00 b3 1b 83 1b 40 00 71 00 07 01 1c 1a d6 1c 06 00 0a 00 00 ff 00 00 00 00 00 00 00 00 00 ff 00 00 00 00 00 00 00 00 00 ff 00 00 00 00 00 00 00 00 00 ff 00 00 00 00 00 00 00 00 02 00 00
 11585 ms  64 B  05 07 00 c2 1b 97 1b 40 00 71 00 07 01 2d 1a e7 1c 06 00 0a 00 00 ff 00 00 00 00 00 00 00 00 00 ff 00 00 00 00 00 00 00 00 00 ff 00 00 00 00 00 00 00 00 00 ff 00 00 00 00 00 00 00 00 02 00 00
 11585 ms  64 B  05 07 00 d0 1b ad 1b 40 00 71 00 07 01 3f 1a f3 1c 06 00 0a 00 00 ff 00 00 00 00 00 00 00 00 00 ff 00 00 00 00 00 00 00 00 00 ff 00 00 00 00 00 00 00 00 00 ff 00 00 00 00 00 00 00 00 02 00 00
 11586 ms  64 B  05 07 00 dd 1b c3 1b 40 00 71 00 07 01 54 1a fc 1c 06 00 0a 00 00 ff 00 00 00 00 00 00 00 00 00 ff 00 00 00 00 00 00 00 00 00 ff 00 00 00 00 00 00 00 00 00 ff 00 00 00 00 00 00 00 00 02 00 00
 11592 ms  64 B  05 07 00 e9 1b d8 1b 40 00 71 00 07 01 65 1a 0a 1d 06 00 0a 00 00 ff 00 00 00 00 00 00 00 00 00 ff 00 00 00 00 00 00 00 00 00 ff 00 00 00 00 00 00 00 00 00 ff 00 00 00 00 00 00 00 00 02 00 00
 11593 ms  64 B  05 07 00 f5 1b ed 1b 40 00 71 00 07 01 75 1a 1b 1d 06 00 0a 00 00 ff 00 00 00 00 00 00 00 00 00 ff 00 00 00 00 00 00 00 00 00 ff 00 00 00 00 00 00 00 00 00 ff 00 00 00 00 00 00 00 00 02 00 00
 11594 ms  64 B  05 07 00 00 1c 01 1c 40 00 71 00 07 01 84 1a 2e 1d 06 00 0a 00 00 ff 00 00 00 00 00 00 00 00 00 ff 00 00 00 00 00 00 00 00 00 ff 00 00 00 00 00 00 00 00 00 ff 00 00 00 00 00 00 00 00 02 00 00
 11600 ms  64 B  05 07 00 0c 1c 15 1c 40 00 71 00 07 01 91 1a 41 1d 06 00 0a 00 00 ff 00 00 00 00 00 00 00 00 00 ff 00 00 00 00 00 00 00 00 00 ff 00 00 00 00 00 00 00 00 00 ff 00 00 00 00 00 00 00 00 02 00 00
 11600 ms  64 B  05 07 00 1a 1c 2a 1c 40 00 71 00 07 01 9c 1a 56 1d 06 00 0a 00 00 ff 00 00 00 00 00 00 00 00 00 ff 00 00 00 00 00 00 00 00 00 ff 00 00 00 00 00 00 00 00 00 ff 00 00 00 00 00 00 00 00 02 00 00
 11601 ms  64 B  05 07 00 29 1c 40 1c 40 00 71 00 07 01 a7 1a 6d 1d 06 00 0a 00 00 ff 00 00 00 00 00 00 00 00 00 ff 00 00 00 00 00 00 00 00 00 ff 00 00 00 00 00 00 00 00 00 ff 00 00 00 00 00 00 00 00 02 00 00
 11606 ms  64 B  05 07 00 36 1c 52 1c 40 00 71 00 07 01 b2 1a 82 1d 06 00 0a 00 00 ff 00 00 00 00 00 00 00 00 00 ff 00 00 00 00 00 00 00 00 00 ff 00 00 00 00 00 00 00 00 00 ff 00 00 00 00 00 00 00 00 02 00 00
 11607 ms  64 B  05 07 00 44 1c 62 1c 40 00 71 00 07 01 be 1a 97 1d 06 00 0a 00 00 ff 00 00 00 00 00 00 00 00 00 ff 00 00 00 00 00 00 00 00 00 ff 00 00 00 00 00 00 00 00 00 ff 00 00 00 00 00 00 00 00 02 00 00
 11608 ms  64 B  05 07 00 53 1c 72 1c 40 00 71 00 07 01 cb 1a ac 1d 06 00 0a 00 00 ff 00 00 00 00 00 00 00 00 00 ff 00 00 00 00 00 00 00 00 00 ff 00 00 00 00 00 00 00 00 00 ff 00 00 00 00 00 00 00 00 02 00 00
 11616 ms  64 B  05 07 00 5d 1c 6f 1c 40 00 71 00 07 01 d7 1a c3 1d 06 00 0a 00 00 ff 00 00 00 00 00 00 00 00 00 ff 00 00 00 00 00 00 00 00 00 ff 00 00 00 00 00 00 00 00 00 ff 00 00 00 00 00 00 00 00 02 00 00
 11617 ms  64 B  05 07 00 63 1c 62 1c 40 00 71 00 07 01 e2 1a dc 1d 06 00 0a 00 00 ff 00 00 00 00 00 00 00 00 00 ff 00 00 00 00 00 00 00 00 00 ff 00 00 00 00 00 00 00 00 00 ff 00 00 00 00 00 00 00 00 02 00 00
 11618 ms  64 B  05 07 00 68 1c 4c 1c 40 00 71 00 07 01 ee 1a f7 1d 06 00 0a 00 00 ff 00 00 00 00 00 00 00 00 00 ff 00 00 00 00 00 00 00 00 00 ff 00 00 00 00 00 00 00 00 00 ff 00 00 00 00 00 00 00 00 02 00 00
 11625 ms  64 B  05 07 00 70 1c 55 1c 40 00 71 00 07 01 f8 1a 10 1e 06 00 0a 00 00 ff 00 00 00 00 00 00 00 00 00 ff 00 00 00 00 00 00 00 00 00 ff 00 00 00 00 00 00 00 00 00 ff 00 00 00 00 00 00 00 00 02 00 00
 11626 ms  64 B  05 07 00 7a 1c 6b 1c 40 00 71 00 07 01 02 1b 29 1e 06 00 0a 00 00 ff 00 00 00 00 00 00 00 00 00 ff 00 00 00 00 00 00 00 00 00 ff 00 00 00 00 00 00 00 00 00 ff 00 00 00 00 00 00 00 00 02 00 00
 11627 ms  64 B  05 07 00 85 1c 8b 1c 40 00 71 00 07 01 0a 1b 42 1e 06 00 0a 00 00 ff 00 00 00 00 00 00 00 00 00 ff 00 00 00 00 00 00 00 00 00 ff 00 00 00 00 00 00 00 00 00 ff 00 00 00 00 00 00 00 00 02 00 00
 11636 ms  64 B  05 07 00 8d 1c aa 1c 40 00 71 00 07 01 0e 1b 4b 1e 06 00 0a 00 00 ff 00 00 00 00 00 00 00 00 00 ff 00 00 00 00 00 00 00 00 00 ff 00 00 00 00 00 00 00 00 00 ff 00 00 00 00 00 00 00 00 02 00 00
 11636 ms  64 B  05 07 00 94 1c d0 1c 40 00 71 00 07 01 0e 1b 4a 1e 06 00 0a 00 00 ff 00 00 00 00 00 00 00 00 00 ff 00 00 00 00 00 00 00 00 00 ff 00 00 00 00 00 00 00 00 00 ff 00 00 00 00 00 00 00 00 02 00 00
 11637 ms  64 B  05 07 00 9a 1c fc 1c 40 00 71 00 07 01 0a 1b 42 1e 06 00 0a 00 00 ff 00 00 00 00 00 00 00 00 00 ff 00 00 00 00 00 00 00 00 00 ff 00 00 00 00 00 00 00 00 00 ff 00 00 00 00 00 00 00 00 02 00 00
 11653 ms  64 B  05 07 00 a3 1c 21 1d 40 00 71 00 07 01 0a 1b 42 1e 06 00 0a 00 00 ff 00 00 00 00 00 00 00 00 00 ff 00 00 00 00 00 00 00 00 00 ff 00 00 00 00 00 00 00 00 00 ff 00 00 00 00 00 00 00 00 02 00 00
 11654 ms  64 B  05 07 00 af 1c 47 1d 40 00 71 00 07 01 0a 1b 42 1e 06 00 0a 00 00 ff 00 00 00 00 00 00 00 00 00 ff 00 00 00 00 00 00 00 00 00 ff 00 00 00 00 00 00 00 00 00 ff 00 00 00 00 00 00 00 00 02 00 00
 11654 ms  64 B  05 07 00 bd 1c 6d 1d 40 00 71 00 07 01 0a 1b 42 1e 06 00 0a 00 00 ff 00 00 00 00 00 00 00 00 00 ff 00 00 00 00 00 00 00 00 00 ff 00 00 00 00 00 00 00 00 00 ff 00 00 00 00 00 00 00 00 02 00 00
 11664 ms  64 B  05 07 00 cb 1c 95 1d 40 00 71 00 04 01 0a 1b 42 1e 06 00 0a 00 00 ff 00 00 00 00 00 00 00 00 00 ff 00 00 00 00 00 00 00 00 00 ff 00 00 00 00 00 00 00 00 00 ff 00 00 00 00 00 00 00 00 02 00 00
 11665 ms  64 B  05 07 00 db 1c bf 1d 40 00 71 00 00 ff 00 00 00 00 00 00 00 00 00 ff 00 00 00 00 00 00 00 00 00 ff 00 00 00 00 00 00 00 00 00 ff 00 00 00 00 00 00 00 00 00 ff 00 00 00 00 00 00 00 00 01 00 00
 11666 ms  64 B  05 07 00 ee 1c eb 1d 40 00 71 00 00 ff 00 00 00 00 00 00 00 00 00 ff 00 00 00 00 00 00 00 00 00 ff 00 00 00 00 00 00 00 00 00 ff 00 00 00 00 00 00 00 00 00 ff 00 00 00 00 00 00 00 00 01 00 00
 11672 ms  64 B  05 07 00 01 1d 0f 1e 40 00 71 00 00 ff 00 00 00 00 00 00 00 00 00 ff 00 00 00 00 00 00 00 00 00 ff 00 00 00 00 00 00 00 00 00 ff 00 00 00 00 00 00 00 00 00 ff 00 00 00 00 00 00 00 00 01 00 00
 11673 ms  64 B  05 07 00 16 1d 31 1e 40 00 71 00 00 ff 00 00 00 00 00 00 00 00 00 ff 00 00 00 00 00 00 00 00 00 ff 00 00 00 00 00 00 00 00 00 ff 00 00 00 00 00 00 00 00 00 ff 00 00 00 00 00 00 00 00 01 00 00
 11673 ms  64 B  05 07 00 2d 1d 50 1e 40 00 71 00 00 ff 00 00 00 00 00 00 00 00 00 ff 00 00 00 00 00 00 00 00 00 ff 00 00 00 00 00 00 00 00 00 ff 00 00 00 00 00 00 00 00 00 ff 00 00 00 00 00 00 00 00 01 00 00
 11679 ms  64 B  05 07 00 40 1d 6f 1e 40 00 71 00 00 ff 00 00 00 00 00 00 00 00 00 ff 00 00 00 00 00 00 00 00 00 ff 00 00 00 00 00 00 00 00 00 ff 00 00 00 00 00 00 00 00 00 ff 00 00 00 00 00 00 00 00 01 00 00
 11679 ms  64 B  05 07 00 53 1d 8c 1e 40 00 71 00 00 ff 00 00 00 00 00 00 00 00 00 ff 00 00 00 00 00 00 00 00 00 ff 00 00 00 00 00 00 00 00 00 ff 00 00 00 00 00 00 00 00 00 ff 00 00 00 00 00 00 00 00 01 00 00
 11680 ms  64 B  05 07 00 65 1d a7 1e 40 00 71 00 00 ff 00 00 00 00 00 00 00 00 00 ff 00 00 00 00 00 00 00 00 00 ff 00 00 00 00 00 00 00 00 00 ff 00 00 00 00 00 00 00 00 00 ff 00 00 00 00 00 00 00 00 01 00 00
 11687 ms  64 B  05 07 00 77 1d c2 1e 40 00 71 00 04 03 14 1c 5f 20 40 00 71 00 00 ff 00 00 00 00 00 00 00 00 00 ff 00 00 00 00 00 00 00 00 00 ff 00 00 00 00 00 00 00 00 00 ff 00 00 00 00 00 00 00 00 02 00 00
 11688 ms  64 B  05 07 00 8a 1d db 1e 40 00 71 00 07 03 14 1c 5f 20 40 00 71 00 00 ff 00 00 00 00 00 00 00 00 00 ff 00 00 00 00 00 00 00 00 00 ff 00 00 00 00 00 00 00 00 00 ff 00 00 00 00 00 00 00 00 02 00 00
 11689 ms  64 B  05 07 00 9e 1d f3 1e 40 00 71 00 07 03 14 1c 5f 20 40 00 71 00 00 ff 00 00 00 00 00 00 00 00 00 ff 00 00 00 00 00 00 00 00 00 ff 00 00 00 00 00 00 00 00 00 ff 00 00 00 00 00 00 00 00 02 00 00
 11696 ms  64 B  05 07 00 ac 1d 0a 1f 40 00 71 00 07 03 14 1c 5f 20 40 00 71 00 00 ff 00 00 00 00 00 00 00 00 00 ff 00 00 00 00 00 00 00 00 00 ff 00 00 00 00 00 00 00 00 00 ff 00 00 00 00 00 00 00 00 02 00 00
 11696 ms  64 B  05 07 00 b8 1d 1e 1f 40 00 71 00 07 03 14 1c 5f 20 40 00 71 00 00 ff 00 00 00 00 00 00 00 00 00 ff 00 00 00 00 00 00 00 00 00 ff 00 00 00 00 00 00 00 00 00 ff 00 00 00 00 00 00 00 00 02 00 00
 11697 ms  64 B  05 07 00 c0 1d 32 1f 40 00 71 00 07 03 14 1c 5f 20 40 00 71 00 00 ff 00 00 00 00 00 00 00 00 00 ff 00 00 00 00 00 00 00 00 00 ff 00 00 00 00 00 00 00 00 00 ff 00 00 00 00 00 00 00 00 02 00 00
 11704 ms  64 B  05 07 00 c9 1d 49 1f 40 00 71 00 07 03 14 1c 5f 20 40 00 71 00 00 ff 00 00 00 00 00 00 00 00 00 ff 00 00 00 00 00 00 00 00 00 ff 00 00 00 00 00 00 00 00 00 ff 00 00 00 00 00 00 00 00 02 00 00
 11705 ms  64 B  05 07 00 cf 1d 62 1f 40 00 71 00 07 03 14 1c 5f 20 40 00 71 00 00 ff 00 00 00 00 00 00 00 00 00 ff 00 00 00 00 00 00 00 00 00 ff 00 00 00 00 00 00 00 00 00 ff 00 00 00 00 00 00 00 00 02 00 00
 11706 ms  64 B  05 07 00 d5 1d 7d 1f 40 00 71 00 07 03 14 1c 5f 20 40 00 71 00 00 ff 00 00 00 00 00 00 00 00 00 ff 00 00 00 00 00 00 00 00 00 ff 00 00 00 00 00 00 00 00 00 ff 00 00 00 00 00 00 00 00 02 00 00
 11716 ms  64 B  05 07 00 e0 1d 90 1f 40 00 71 00 04 03 14 1c 5f 20 40 00 71 00 00 ff 00 00 00 00 00 00 00 00 00 ff 00 00 00 00 00 00 00 00 00 ff 00 00 00 00 00 00 00 00 00 ff 00 00 00 00 00 00 00 00 02 00 00
 11716 ms  64 B  05 07 00 ee 1d a1 1f 40 00 71 00 00 ff 00 00 00 00 00 00 00 00 00 ff 00 00 00 00 00 00 00 00 00 ff 00 00 00 00 00 00 00 00 00 ff 00 00 00 00 00 00 00 00 00 ff 00 00 00 00 00 00 00 00 01 00 00
 11717 ms  64 B  05 07 00 ff 1d af 1f 40 00 71 00 00 ff 00 00 00 00 00 00 00 00 00 ff 00 00 00 00 00 00 00 00 00 ff 00 00 00 00 00 00 00 00 00 ff 00 00 00 00 00 00 00 00 00 ff 00 00 00 00 00 00 00 00 01 00 00
 11726 ms  64 B  05 07 00 0a 1e aa 1f 40 00 71 00 00 ff 00 00 00 00 00 00 00 00 00 ff 00 00 00 00 00 00 00 00 00 ff 00 00 00 00 00 00 00 00 00 ff 00 00 00 00 00 00 00 00 00 ff 00 00 00 00 00 00 00 00 01 00 00
 11727 ms  64 B  05 07 00 13 1e 99 1f 40 00 71 00 00 ff 00 00 00 00 00 00 00 00 00 ff 00 00 00 00 00 00 00 00 00 ff 00 00 00 00 00 00 00 00 00 ff 00 00 00 00 00 00 00 00 00 ff 00 00 00 00 00 00 00 00 01 00 00
 11728 ms  64 B  05 07 00 1b 1e 7d 1f 40 00 71 00 00 ff 00 00 00 00 00 00 00 00 00 ff 00 00 00 00 00 00 00 00 00 ff 00 00 00 00 00 00 00 00 00 ff 00 00 00 00 00 00 00 00 00 ff 00 00 00 00 00 00 00 00 01 00 00
 11742 ms  64 B  05 07 00 25 1e 4e 1f 40 00 71 00 00 ff 00 00 00 00 00 00 00 00 00 ff 00 00 00 00 00 00 00 00 00 ff 00 00 00 00 00 00 00 00 00 ff 00 00 00 00 00 00 00 00 00 ff 00 00 00 00 00 00 00 00 01 00 00
 11743 ms  64 B  05 07 00 30 1e 0f 1f 40 00 71 00 00 ff 00 00 00 00 00 00 00 00 00 ff 00 00 00 00 00 00 00 00 00 ff 00 00 00 00 00 00 00 00 00 ff 00 00 00 00 00 00 00 00 00 ff 00 00 00 00 00 00 00 00 01 00 00
 11743 ms  64 B  05 07 00 3e 1e c1 1e 40 00 71 00 00 ff 00 00 00 00 00 00 00 00 00 ff 00 00 00 00 00 00 00 00 00 ff 00 00 00 00 00 00 00 00 00 ff 00 00 00 00 00 00 00 00 00 ff 00 00 00 00 00 00 00 00 01 00 00
 11751 ms  64 B  05 07 00 4b 1e 8d 1e 40 00 71 00 04 01 30 1e dc 20 40 00 71 00 00 ff 00 00 00 00 00 00 00 00 00 ff 00 00 00 00 00 00 00 00 00 ff 00 00 00 00 00 00 00 00 00 ff 00 00 00 00 00 00 00 00 02 00 00
 11752 ms  64 B  05 07 00 59 1e 5f 1e 40 00 71 00 07 01 30 1e dc 20 40 00 71 00 00 ff 00 00 00 00 00 00 00 00 00 ff 00 00 00 00 00 00 00 00 00 ff 00 00 00 00 00 00 00 00 00 ff 00 00 00 00 00 00 00 00 02 00 00
 11753 ms  64 B  05 07 00 69 1e 37 1e 40 00 71 00 07 01 30 1e dc 20 40 00 71 00 00 ff 00 00 00 00 00 00 00 00 00 ff 00 00 00 00 00 00 00 00 00 ff 00 00 00 00 00 00 00 00 00 ff 00 00 00 00 00 00 00 00 02 00 00
 11761 ms  64 B  05 07 00 75 1e 11 1e 40 00 71 00 07 01 30 1e dc 20 40 00 71 00 00 ff 00 00 00 00 00 00 00 00 00 ff 00 00 00 00 00 00 00 00 00 ff 00 00 00 00 00 00 00 00 00 ff 00 00 00 00 00 00 00 00 02 00 00
 11762 ms  64 B  05 07 00 81 1e f0 1d 40 00 71 00 07 01 30 1e dc 20 40 00 71 00 00 ff 00 00 00 00 00 00 00 00 00 ff 00 00 00 00 00 00 00 00 00 ff 00 00 00 00 00 00 00 00 00 ff 00 00 00 00 00 00 00 00 02 00 00
 11763 ms  64 B  05 07 00 8c 1e d2 1d 40 00 71 00 07 01 30 1e dc 20 40 00 71 00 00 ff 00 00 00 00 00 00 00 00 00 ff 00 00 00 00 00 00 00 00 00 ff 00 00 00 00 00 00 00 00 00 ff 00 00 00 00 00 00 00 00 02 00 00
 11775 ms  64 B  05 07 00 96 1e ee 1d 40 00 71 00 07 01 30 1e dc 20 40 00 71 00 00 ff 00 00 00 00 00 00 00 00 00 ff 00 00 00 00 00 00 00 00 00 ff 00 00 00 00 00 00 00 00 00 ff 00 00 00 00 00 00 00 00 02 00 00
 11776 ms  64 B  05 07 00 a0 1e 28 1e 40 00 71 00 07 01 30 1e dc 20 40 00 71 00 00 ff 00 00 00 00 00 00 00 00 00 ff 00 00 00 00 00 00 00 00 00 ff 00 00 00 00 00 00 00 00 00 ff 00 00 00 00 00 00 00 00 02 00 00
 11776 ms  64 B  05 07 00 a8 1e 82 1e 40 00 71 00 07 01 30 1e dc 20 40 00 71 00 00 ff 00 00 00 00 00 00 00 00 00 ff 00 00 00 00 00 00 00 00 00 ff 00 00 00 00 00 00 00 00 00 ff 00 00 00 00 00 00 00 00 02 00 00
 11785 ms  64 B  05 07 00 b1 1e cd 1e 40 00 71 00 07 01 30 1e dc 20 40 00 71 00 00 ff 00 00 00 00 00 00 00 00 00 ff 00 00 00 00 00 00 00 00 00 ff 00 00 00 00 00 00 00 00 00 ff 00 00 00 00 00 00 00 00 02 00 00
 11785 ms  64 B  05 07 00 ba 1e 21 1f 40 00 71 00 07 01 30 1e dc 20 40 00 71 00 00 ff 00 00 00 00 00 00 00 00 00 ff 00 00 00 00 00 00 00 00 00 ff 00 00 00 00 00 00 00 00 00 ff 00 00 00 00 00 00 00 00 02 00 00
 11786 ms  64 B  05 07 00 c4 1e 7e 1f 40 00 71 00 07 01 30 1e dc 20 40 00 71 00 00 ff 00 00 00 00 00 00 00 00 00 ff 00 00 00 00 00 00 00 00 00 ff 00 00 00 00 00 00 00 00 00 ff 00 00 00 00 00 00 00 00 02 00 00
 11795 ms  64 B  05 07 00 d6 1e fb 1f 40 00 71 00 04 01 30 1e dc 20 40 00 71 00 00 ff 00 00 00 00 00 00 00 00 00 ff 00 00 00 00 00 00 00 00 00 ff 00 00 00 00 00 00 00 00 00 ff 00 00 00 00 00 00 00 00 02 00 00
 11796 ms  64 B  05 07 00 ee 1e 79 20 40 00 71 00 00 ff 00 00 00 00 00 00 00 00 00 ff 00 00 00 00 00 00 00 00 00 ff 00 00 00 00 00 00 00 00 00 ff 00 00 00 00 00 00 00 00 00 ff 00 00 00 00 00 00 00 00 01 00 00
 11805 ms  64 B  05 07 00 fa 1e c5 20 40 00 71 00 00 ff 00 00 00 00 00 00 00 00 00 ff 00 00 00 00 00 00 00 00 00 ff 00 00 00 00 00 00 00 00 00 ff 00 00 00 00 00 00 00 00 00 ff 00 00 00 00 00 00 00 00 01 00 00
 11805 ms  64 B  05 07 00 06 1f 0c 21 40 00 71 00 00 ff 00 00 00 00 00 00 00 00 00 ff 00 00 00 00 00 00 00 00 00 ff 00 00 00 00 00 00 00 00 00 ff 00 00 00 00 00 00 00 00 00 ff 00 00 00 00 00 00 00 00 01 00 00
 11807 ms  64 B  05 07 00 11 1f 4e 21 40 00 71 00 00 ff 00 00 00 00 00 00 00 00 00 ff 00 00 00 00 00 00 00 00 00 ff 00 00 00 00 00 00 00 00 00 ff 00 00 00 00 00 00 00 00 00 ff 00 00 00 00 00 00 00 00 01 00 00
 11817 ms  64 B  05 07 00 1b 1f 97 21 40 00 71 00 04 03 bd 1e 48 1d 06 00 0a 00 00 ff 00 00 00 00 00 00 00 00 00 ff 00 00 00 00 00 00 00 00 00 ff 00 00 00 00 00 00 00 00 00 ff 00 00 00 00 00 00 00 00 02 00 00
 11817 ms  64 B  05 07 00 25 1f e3 21 40 00 71 00 07 03 bd 1e 48 1d 06 00 0a 00 00 ff 00 00 00 00 00 00 00 00 00 ff 00 00 00 00 00 00 00 00 00 ff 00 00 00 00 00 00 00 00 00 ff 00 00 00 00 00 00 00 00 02 00 00
 11819 ms  64 B  05 07 00 2d 1f 30 22 40 00 71 00 07 03 bd 1e 48 1d 06 00 0a 00 00 ff 00 00 00 00 00 00 00 00 00 ff 00 00 00 00 00 00 00 00 00 ff 00 00 00 00 00 00 00 00 00 ff 00 00 00 00 00 00 00 00 02 00 00
 11832 ms  64 B  05 07 00 27 1f 7d 22 40 00 71 00 07 03 c6 1e 72 1d 06 00 0a 00 00 ff 00 00 00 00 00 00 00 00 00 ff 00 00 00 00 00 00 00 00 00 ff 00 00 00 00 00 00 00 00 00 ff 00 00 00 00 00 00 00 00 02 00 00
 11832 ms  64 B  05 07 00 19 1f cd 22 40 00 71 00 07 03 d4 1e b1 1d 06 00 0a 00 00 ff 00 00 00 00 00 00 00 00 00 ff 00 00 00 00 00 00 00 00 00 ff 00 00 00 00 00 00 00 00 00 ff 00 00 00 00 00 00 00 00 02 00 00
 11833 ms  64 B  05 07 00 03 1f 1f 23 40 00 71 00 07 03 e7 1e 04 1e 06 00 0a 00 00 ff 00 00 00 00 00 00 00 00 00 ff 00 00 00 00 00 00 00 00 00 ff 00 00 00 00 00 00 00 00 00 ff 00 00 00 00 00 00 00 00 02 00 00
 11851 ms  64 B  05 07 00 f4 1e 6c 23 40 00 71 00 07 03 f9 1e 6c 1e 06 00 0a 00 00 ff 00 00 00 00 00 00 00 00 00 ff 00 00 00 00 00 00 00 00 00 ff 00 00 00 00 00 00 00 00 00 ff 00 00 00 00 00 00 00 00 02 00 00
 11852 ms  64 B  05 07 00 e4 1e b7 23 40 00 71 00 07 03 0e 1f ea 1e 06 00 0a 00 00 ff 00 00 00 00 00 00 00 00 00 ff 00 00 00 00 00 00 00 00 00 ff 00 00 00 00 00 00 00 00 00 ff 00 00 00 00 00 00 00 00 02 00 00
 11852 ms  64 B  05 07 00 d2 1e 01 24 40 00 71 00 07 03 26 1f 7e 1f 06 00 0a 00 00 ff 00 00 00 00 00 00 00 00 00 ff 00 00 00 00 00 00 00 00 00 ff 00 00 00 00 00 00 00 00 00 ff 00 00 00 00 00 00 00 00 02 00 00
 11868 ms  64 B  05 07 00 d5 1e 41 24 40 00 71 00 07 03 2d 1f a8 1f 06 00 0a 00 00 ff 00 00 00 00 00 00 00 00 00 ff 00 00 00 00 00 00 00 00 00 ff 00 00 00 00 00 00 00 00 00 ff 00 00 00 00 00 00 00 00 02 00 00
 11868 ms  64 B  05 07 00 e4 1e 7c 24 40 00 71 00 07 03 2d 1f a8 1f 06 00 0a 00 00 ff 00 00 00 00 00 00 00 00 00 ff 00 00 00 00 00 00 00 00 00 ff 00 00 00 00 00 00 00 00 00 ff 00 00 00 00 00 00 00 00 02 00 00
 11870 ms  64 B  05 07 00 fc 1e b0 24 40 00 71 00 07 03 26 1f 7e 1f 06 00 0a 00 00 ff 00 00 00 00 00 00 00 00 00 ff 00 00 00 00 00 00 00 00 00 ff 00 00 00 00 00 00 00 00 00 ff 00 00 00 00 00 00 00 00 02 00 00
 11886 ms  64 B  05 07 00 11 1f e0 24 40 00 71 00 07 03 26 1f 7e 1f 06 00 0a 00 00 ff 00 00 00 00 00 00 00 00 00 ff 00 00 00 00 00 00 00 00 00 ff 00 00 00 00 00 00 00 00 00 ff 00 00 00 00 00 00 00 00 02 00 00
 11886 ms  64 B  05 07 00 2a 1f 09 25 40 00 71 00 07 03 26 1f 7e 1f 06 00 0a 00 00 ff 00 00 00 00 00 00 00 00 00 ff 00 00 00 00 00 00 00 00 00 ff 00 00 00 00 00 00 00 00 00 ff 00 00 00 00 00 00 00 00 02 00 00
 11888 ms  64 B  05 07 00 49 1f 2e 25 40 00 71 00 07 03 26 1f 7e 1f 06 00 0a 00 00 ff 00 00 00 00 00 00 00 00 00 ff 00 00 00 00 00 00 00 00 00 ff 00 00 00 00 00 00 00 00 00 ff 00 00 00 00 00 00 00 00 02 00 00
 11903 ms  64 B  05 07 00 66 1f 52 25 40 00 71 00 04 03 26 1f 7e 1f 06 00 0a 00 00 ff 00 00 00 00 00 00 00 00 00 ff 00 00 00 00 00 00 00 00 00 ff 00 00 00 00 00 00 00 00 00 ff 00 00 00 00 00 00 00 00 02 00 00
 11903 ms  64 B  05 07 00 87 1f 73 25 40 00 71 00 00 ff 00 00 00 00 00 00 00 00 00 ff 00 00 00 00 00 00 00 00 00 ff 00 00 00 00 00 00 00 00 00 ff 00 00 00 00 00 00 00 00 00 ff 00 00 00 00 00 00 00 00 01 00 00
 11904 ms  64 B  05 07 00 ab 1f 92 25 40 00 71 00 00 ff 00 00 00 00 00 00 00 00 00 ff 00 00 00 00 00 00 00 00 00 ff 00 00 00 00 00 00 00 00 00 ff 00 00 00 00 00 00 00 00 00 ff 00 00 00 00 00 00 00 00 01 00 00
 11915 ms  64 B  05 07 00 cb 1f ae 25 40 00 71 00 00 ff 00 00 00 00 00 00 00 00 00 ff 00 00 00 00 00 00 00 00 00 ff 00 00 00 00 00 00 00 00 00 ff 00 00 00 00 00 00 00 00 00 ff 00 00 00 00 00 00 00 00 01 00 00
 11915 ms  64 B  05 07 00 ec 1f c7 25 40 00 71 00 00 ff 00 00 00 00 00 00 00 00 00 ff 00 00 00 00 00 00 00 00 00 ff 00 00 00 00 00 00 00 00 00 ff 00 00 00 00 00 00 00 00 00 ff 00 00 00 00 00 00 00 00 01 00 00
 11916 ms  64 B  05 07 00 0d 20 de 25 40 00 71 00 00 ff 00 00 00 00 00 00 00 00 00 ff 00 00 00 00 00 00 00 00 00 ff 00 00 00 00 00 00 00 00 00 ff 00 00 00 00 00 00 00 00 00 ff 00 00 00 00 00 00 00 00 01 00 00
 11924 ms  64 B  05 07 00 2a 20 f5 25 40 00 71 00 00 ff 00 00 00 00 00 00 00 00 00 ff 00 00 00 00 00 00 00 00 00 ff 00 00 00 00 00 00 00 00 00 ff 00 00 00 00 00 00 00 00 00 ff 00 00 00 00 00 00 00 00 01 00 00
 11925 ms  64 B  05 07 00 44 20 09 26 40 00 71 00 00 ff 00 00 00 00 00 00 00 00 00 ff 00 00 00 00 00 00 00 00 00 ff 00 00 00 00 00 00 00 00 00 ff 00 00 00 00 00 00 00 00 00 ff 00 00 00 00 00 00 00 00 01 00 00
 11926 ms  64 B  05 07 00 5b 20 1d 26 40 00 71 00 00 ff 00 00 00 00 00 00 00 00 00 ff 00 00 00 00 00 00 00 00 00 ff 00 00 00 00 00 00 00 00 00 ff 00 00 00 00 00 00 00 00 00 ff 00 00 00 00 00 00 00 00 01 00 00
 11934 ms  64 B  05 07 00 70 20 2f 26 40 00 71 00 00 ff 00 00 00 00 00 00 00 00 00 ff 00 00 00 00 00 00 00 00 00 ff 00 00 00 00 00 00 00 00 00 ff 00 00 00 00 00 00 00 00 00 ff 00 00 00 00 00 00 00 00 01 00 00
 11935 ms  64 B  05 07 00 83 20 3f 26 40 00 71 00 00 ff 00 00 00 00 00 00 00 00 00 ff 00 00 00 00 00 00 00 00 00 ff 00 00 00 00 00 00 00 00 00 ff 00 00 00 00 00 00 00 00 00 ff 00 00 00 00 00 00 00 00 01 00 00
 11936 ms  64 B  05 07 00 93 20 4f 26 40 00 71 00 00 ff 00 00 00 00 00 00 00 00 00 ff 00 00 00 00 00 00 00 00 00 ff 00 00 00 00 00 00 00 00 00 ff 00 00 00 00 00 00 00 00 00 ff 00 00 00 00 00 00 00 00 01 00 00
 11945 ms  64 B  05 07 00 a3 20 5e 26 40 00 71 00 00 ff 00 00 00 00 00 00 00 00 00 ff 00 00 00 00 00 00 00 00 00 ff 00 00 00 00 00 00 00 00 00 ff 00 00 00 00 00 00 00 00 00 ff 00 00 00 00 00 00 00 00 01 00 00
 11945 ms  64 B  05 07 00 b1 20 6a 26 40 00 71 00 00 ff 00 00 00 00 00 00 00 00 00 ff 00 00 00 00 00 00 00 00 00 ff 00 00 00 00 00 00 00 00 00 ff 00 00 00 00 00 00 00 00 00 ff 00 00 00 00 00 00 00 00 01 00 00
 11946 ms  64 B  05 07 00 bd 20 76 26 40 00 71 00 00 ff 00 00 00 00 00 00 00 00 00 ff 00 00 00 00 00 00 00 00 00 ff 00 00 00 00 00 00 00 00 00 ff 00 00 00 00 00 00 00 00 00 ff 00 00 00 00 00 00 00 00 01 00 00
 11956 ms  64 B  05 07 00 cc 20 84 26 40 00 71 00 00 ff 00 00 00 00 00 00 00 00 00 ff 00 00 00 00 00 00 00 00 00 ff 00 00 00 00 00 00 00 00 00 ff 00 00 00 00 00 00 00 00 00 ff 00 00 00 00 00 00 00 00 01 00 00
 11956 ms  64 B  05 07 00 dc 20 94 26 40 00 71 00 00 ff 00 00 00 00 00 00 00 00 00 ff 00 00 00 00 00 00 00 00 00 ff 00 00 00 00 00 00 00 00 00 ff 00 00 00 00 00 00 00 00 00 ff 00 00 00 00 00 00 00 00 01 00 00
 11957 ms  64 B  05 07 00 ee 20 a7 26 40 00 71 00 00 ff 00 00 00 00 00 00 00 00 00 ff 00 00 00 00 00 00 00 00 00 ff 00 00 00 00 00 00 00 00 00 ff 00 00 00 00 00 00 00 00 00 ff 00 00 00 00 00 00 00 00 01 00 00
 11967 ms  64 B  05 07 00 fb 20 b6 26 40 00 71 00 00 ff 00 00 00 00 00 00 00 00 00 ff 00 00 00 00 00 00 00 00 00 ff 00 00 00 00 00 00 00 00 00 ff 00 00 00 00 00 00 00 00 00 ff 00 00 00 00 00 00 00 00 01 00 00
 11967 ms  64 B  05 07 00 07 21 c3 26 40 00 71 00 00 ff 00 00 00 00 00 00 00 00 00 ff 00 00 00 00 00 00 00 00 00 ff 00 00 00 00 00 00 00 00 00 ff 00 00 00 00 00 00 00 00 00 ff 00 00 00 00 00 00 00 00 01 00 00
 11968 ms  64 B  05 07 00 10 21 ce 26 40 00 71 00 00 ff 00 00 00 00 00 00 00 00 00 ff 00 00 00 00 00 00 00 00 00 ff 00 00 00 00 00 00 00 00 00 ff 00 00 00 00 00 00 00 00 00 ff 00 00 00 00 00 00 00 00 01 00 00
 11977 ms  64 B  05 07 00 17 21 db 26 40 00 71 00 00 ff 00 00 00 00 00 00 00 00 00 ff 00 00 00 00 00 00 00 00 00 ff 00 00 00 00 00 00 00 00 00 ff 00 00 00 00 00 00 00 00 00 ff 00 00 00 00 00 00 00 00 01 00 00
 11978 ms  64 B  05 07 00 1c 21 e7 26 40 00 71 00 00 ff 00 00 00 00 00 00 00 00 00 ff 00 00 00 00 00 00 00 00 00 ff 00 00 00 00 00 00 00 00 00 ff 00 00 00 00 00 00 00 00 00 ff 00 00 00 00 00 00 00 00 01 00 00
 11978 ms  64 B  05 07 00 1e 21 f3 26 40 00 71 00 00 ff 00 00 00 00 00 00 00 00 00 ff 00 00 00 00 00 00 00 00 00 ff 00 00 00 00 00 00 00 00 00 ff 00 00 00 00 00 00 00 00 00 ff 00 00 00 00 00 00 00 00 01 00 00
 11987 ms  64 B  05 07 00 24 21 ff 26 40 00 71 00 00 ff 00 00 00 00 00 00 00 00 00 ff 00 00 00 00 00 00 00 00 00 ff 00 00 00 00 00 00 00 00 00 ff 00 00 00 00 00 00 00 00 00 ff 00 00 00 00 00 00 00 00 01 00 00
 11988 ms  64 B  05 07 00 2b 21 0b 27 40 00 71 00 00 ff 00 00 00 00 00 00 00 00 00 ff 00 00 00 00 00 00 00 00 00 ff 00 00 00 00 00 00 00 00 00 ff 00 00 00 00 00 00 00 00 00 ff 00 00 00 00 00 00 00 00 01 00 00
 11989 ms  64 B  05 07 00 34 21 18 27 40 00 71 00 00 ff 00 00 00 00 00 00 00 00 00 ff 00 00 00 00 00 00 00 00 00 ff 00 00 00 00 00 00 00 00 00 ff 00 00 00 00 00 00 00 00 00 ff 00 00 00 00 00 00 00 00 01 00 00
 11997 ms  64 B  05 07 00 39 21 22 27 40 00 71 00 00 ff 00 00 00 00 00 00 00 00 00 ff 00 00 00 00 00 00 00 00 00 ff 00 00 00 00 00 00 00 00 00 ff 00 00 00 00 00 00 00 00 00 ff 00 00 00 00 00 00 00 00 01 00 00
 11997 ms  64 B  05 07 00 3e 21 2a 27 40 00 71 00 00 ff 00 00 00 00 00 00 00 00 00 ff 00 00 00 00 00 00 00 00 00 ff 00 00 00 00 00 00 00 00 00 ff 00 00 00 00 00 00 00 00 00 ff 00 00 00 00 00 00 00 00 01 00 00
 11998 ms  64 B  05 07 00 42 21 32 27 40 00 71 00 00 ff 00 00 00 00 00 00 00 00 00 ff 00 00 00 00 00 00 00 00 00 ff 00 00 00 00 00 00 00 00 00 ff 00 00 00 00 00 00 00 00 00 ff 00 00 00 00 00 00 00 00 01 00 00
 12007 ms  64 B  05 07 00 46 21 3f 27 40 00 71 00 00 ff 00 00 00 00 00 00 00 00 00 ff 00 00 00 00 00 00 00 00 00 ff 00 00 00 00 00 00 00 00 00 ff 00 00 00 00 00 00 00 00 00 ff 00 00 00 00 00 00 00 00 01 00 00
 12007 ms  64 B  05 07 00 4b 21 50 27 40 00 71 00 00 ff 00 00 00 00 00 00 00 00 00 ff 00 00 00 00 00 00 00 00 00 ff 00 00 00 00 00 00 00 00 00 ff 00 00 00 00 00 00 00 00 00 ff 00 00 00 00 00 00 00 00 01 00 00
 12008 ms  64 B  05 07 00 50 21 64 27 40 00 71 00 00 ff 00 00 00 00 00 00 00 00 00 ff 00 00 00 00 00 00 00 00 00 ff 00 00 00 00 00 00 00 00 00 ff 00 00 00 00 00 00 00 00 00 ff 00 00 00 00 00 00 00 00 01 00 00
 12017 ms  64 B  05 07 00 56 21 74 27 40 00 71 00 00 ff 00 00 00 00 00 00 00 00 00 ff 00 00 00 00 00 00 00 00 00 ff 00 00 00 00 00 00 00 00 00 ff 00 00 00 00 00 00 00 00 00 ff 00 00 00 00 00 00 00 00 01 00 00
 12018 ms  64 B  05 07 00 5c 21 85 27 40 00 71 00 00 ff 00 00 00 00 00 00 00 00 00 ff 00 00 00 00 00 00 00 00 00 ff 00 00 00 00 00 00 00 00 00 ff 00 00 00 00 00 00 00 00 00 ff 00 00 00 00 00 00 00 00 01 00 00
 12019 ms  64 B  05 07 00 65 21 97 27 40 00 71 00 00 ff 00 00 00 00 00 00 00 00 00 ff 00 00 00 00 00 00 00 00 00 ff 00 00 00 00 00 00 00 00 00 ff 00 00 00 00 00 00 00 00 00 ff 00 00 00 00 00 00 00 00 01 00 00
 12028 ms  64 B  05 07 00 6c 21 a8 27 40 00 71 00 00 ff 00 00 00 00 00 00 00 00 00 ff 00 00 00 00 00 00 00 00 00 ff 00 00 00 00 00 00 00 00 00 ff 00 00 00 00 00 00 00 00 00 ff 00 00 00 00 00 00 00 00 01 00 00
 12029 ms  64 B  05 07 00 73 21 b8 27 40 00 71 00 00 ff 00 00 00 00 00 00 00 00 00 ff 00 00 00 00 00 00 00 00 00 ff 00 00 00 00 00 00 00 00 00 ff 00 00 00 00 00 00 00 00 00 ff 00 00 00 00 00 00 00 00 01 00 00
 12030 ms  64 B  05 07 00 7a 21 c9 27 40 00 71 00 00 ff 00 00 00 00 00 00 00 00 00 ff 00 00 00 00 00 00 00 00 00 ff 00 00 00 00 00 00 00 00 00 ff 00 00 00 00 00 00 00 00 00 ff 00 00 00 00 00 00 00 00 01 00 00
 12043 ms  64 B  05 07 00 81 21 da 27 40 00 71 00 00 ff 00 00 00 00 00 00 00 00 00 ff 00 00 00 00 00 00 00 00 00 ff 00 00 00 00 00 00 00 00 00 ff 00 00 00 00 00 00 00 00 00 ff 00 00 00 00 00 00 00 00 01 00 00
 12045 ms  64 B  05 07 00 88 21 ea 27 40 00 71 00 00 ff 00 00 00 00 00 00 00 00 00 ff 00 00 00 00 00 00 00 00 00 ff 00 00 00 00 00 00 00 00 00 ff 00 00 00 00 00 00 00 00 00 ff 00 00 00 00 00 00 00 00 01 00 00
 12045 ms  64 B  05 07 00 8f 21 fa 27 40 00 71 00 00 ff 00 00 00 00 00 00 00 00 00 ff 00 00 00 00 00 00 00 00 00 ff 00 00 00 00 00 00 00 00 00 ff 00 00 00 00 00 00 00 00 00 ff 00 00 00 00 00 00 00 00 01 00 00
 12055 ms  64 B  05 07 00 97 21 09 28 40 00 71 00 00 ff 00 00 00 00 00 00 00 00 00 ff 00 00 00 00 00 00 00 00 00 ff 00 00 00 00 00 00 00 00 00 ff 00 00 00 00 00 00 00 00 00 ff 00 00 00 00 00 00 00 00 01 00 00
 12055 ms  64 B  05 07 00 a0 21 16 28 40 00 71 00 00 ff 00 00 00 00 00 00 00 00 00 ff 00 00 00 00 00 00 00 00 00 ff 00 00 00 00 00 00 00 00 00 ff 00 00 00 00 00 00 00 00 00 ff 00 00 00 00 00 00 00 00 01 00 00
 12056 ms  64 B  05 07 00 ab 21 21 28 40 00 71 00 00 ff 00 00 00 00 00 00 00 00 00 ff 00 00 00 00 00 00 00 00 00 ff 00 00 00 00 00 00 00 00 00 ff 00 00 00 00 00 00 00 00 00 ff 00 00 00 00 00 00 00 00 01 00 00
 12068 ms  64 B  05 07 00 b5 21 2e 28 40 00 71 00 00 ff 00 00 00 00 00 00 00 00 00 ff 00 00 00 00 00 00 00 00 00 ff 00 00 00 00 00 00 00 00 00 ff 00 00 00 00 00 00 00 00 00 ff 00 00 00 00 00 00 00 00 01 00 00
 12069 ms  64 B  05 07 00 c0 21 3a 28 40 00 71 00 00 ff 00 00 00 00 00 00 00 00 00 ff 00 00 00 00 00 00 00 00 00 ff 00 00 00 00 00 00 00 00 00 ff 00 00 00 00 00 00 00 00 00 ff 00 00 00 00 00 00 00 00 01 00 00
 12069 ms  64 B  05 07 00 ce 21 46 28 40 00 71 00 00 ff 00 00 00 00 00 00 00 00 00 ff 00 00 00 00 00 00 00 00 00 ff 00 00 00 00 00 00 00 00 00 ff 00 00 00 00 00 00 00 00 00 ff 00 00 00 00 00 00 00 00 01 00 00
 12079 ms  64 B  05 07 00 d9 21 50 28 40 00 71 00 00 ff 00 00 00 00 00 00 00 00 00 ff 00 00 00 00 00 00 00 00 00 ff 00 00 00 00 00 00 00 00 00 ff 00 00 00 00 00 00 00 00 00 ff 00 00 00 00 00 00 00 00 01 00 00
 12080 ms  64 B  05 07 00 e5 21 58 28 40 00 71 00 00 ff 00 00 00 00 00 00 00 00 00 ff 00 00 00 00 00 00 00 00 00 ff 00 00 00 00 00 00 00 00 00 ff 00 00 00 00 00 00 00 00 00 ff 00 00 00 00 00 00 00 00 01 00 00
 12080 ms  64 B  05 07 00 f1 21 5f 28 40 00 71 00 00 ff 00 00 00 00 00 00 00 00 00 ff 00 00 00 00 00 00 00 00 00 ff 00 00 00 00 00 00 00 00 00 ff 00 00 00 00 00 00 00 00 00 ff 00 00 00 00 00 00 00 00 01 00 00
 12091 ms  64 B  05 07 00 fb 21 66 28 40 00 71 00 00 ff 00 00 00 00 00 00 00 00 00 ff 00 00 00 00 00 00 00 00 00 ff 00 00 00 00 00 00 00 00 00 ff 00 00 00 00 00 00 00 00 00 ff 00 00 00 00 00 00 00 00 01 00 00
 12091 ms  64 B  05 07 00 05 22 6f 28 40 00 71 00 00 ff 00 00 00 00 00 00 00 00 00 ff 00 00 00 00 00 00 00 00 00 ff 00 00 00 00 00 00 00 00 00 ff 00 00 00 00 00 00 00 00 00 ff 00 00 00 00 00 00 00 00 01 00 00
 12092 ms  64 B  05 07 00 0e 22 79 28 40 00 71 00 00 ff 00 00 00 00 00 00 00 00 00 ff 00 00 00 00 00 00 00 00 00 ff 00 00 00 00 00 00 00 00 00 ff 00 00 00 00 00 00 00 00 00 ff 00 00 00 00 00 00 00 00 01 00 00
 12100 ms  64 B  05 07 00 18 22 82 28 40 00 71 00 00 ff 00 00 00 00 00 00 00 00 00 ff 00 00 00 00 00 00 00 00 00 ff 00 00 00 00 00 00 00 00 00 ff 00 00 00 00 00 00 00 00 00 ff 00 00 00 00 00 00 00 00 01 00 00
 12101 ms  64 B  05 07 00 21 22 8a 28 40 00 71 00 00 ff 00 00 00 00 00 00 00 00 00 ff 00 00 00 00 00 00 00 00 00 ff 00 00 00 00 00 00 00 00 00 ff 00 00 00 00 00 00 00 00 00 ff 00 00 00 00 00 00 00 00 01 00 00
 12102 ms  64 B  05 07 00 2a 22 92 28 40 00 71 00 00 ff 00 00 00 00 00 00 00 00 00 ff 00 00 00 00 00 00 00 00 00 ff 00 00 00 00 00 00 00 00 00 ff 00 00 00 00 00 00 00 00 00 ff 00 00 00 00 00 00 00 00 01 00 00
 12110 ms  64 B  05 07 00 30 22 98 28 40 00 71 00 00 ff 00 00 00 00 00 00 00 00 00 ff 00 00 00 00 00 00 00 00 00 ff 00 00 00 00 00 00 00 00 00 ff 00 00 00 00 00 00 00 00 00 ff 00 00 00 00 00 00 00 00 01 00 00
 12111 ms  64 B  05 07 00 35 22 9b 28 40 00 71 00 00 ff 00 00 00 00 00 00 00 00 00 ff 00 00 00 00 00 00 00 00 00 ff 00 00 00 00 00 00 00 00 00 ff 00 00 00 00 00 00 00 00 00 ff 00 00 00 00 00 00 00 00 01 00 00
 12112 ms  64 B  05 07 00 38 22 9e 28 40 00 71 00 00 ff 00 00 00 00 00 00 00 00 00 ff 00 00 00 00 00 00 00 00 00 ff 00 00 00 00 00 00 00 00 00 ff 00 00 00 00 00 00 00 00 00 ff 00 00 00 00 00 00 00 00 01 00 00
 12120 ms  64 B  05 07 00 3c 22 a1 28 40 00 71 00 00 ff 00 00 00 00 00 00 00 00 00 ff 00 00 00 00 00 00 00 00 00 ff 00 00 00 00 00 00 00 00 00 ff 00 00 00 00 00 00 00 00 00 ff 00 00 00 00 00 00 00 00 01 00 00
 12121 ms  64 B  05 07 00 41 22 a6 28 40 00 71 00 00 ff 00 00 00 00 00 00 00 00 00 ff 00 00 00 00 00 00 00 00 00 ff 00 00 00 00 00 00 00 00 00 ff 00 00 00 00 00 00 00 00 00 ff 00 00 00 00 00 00 00 00 01 00 00
 12122 ms  64 B  05 07 00 46 22 ab 28 40 00 71 00 00 ff 00 00 00 00 00 00 00 00 00 ff 00 00 00 00 00 00 00 00 00 ff 00 00 00 00 00 00 00 00 00 ff 00 00 00 00 00 00 00 00 00 ff 00 00 00 00 00 00 00 00 01 00 00
 12130 ms  64 B  05 07 00 49 22 b0 28 40 00 71 00 00 ff 00 00 00 00 00 00 00 00 00 ff 00 00 00 00 00 00 00 00 00 ff 00 00 00 00 00 00 00 00 00 ff 00 00 00 00 00 00 00 00 00 ff 00 00 00 00 00 00 00 00 01 00 00
 12131 ms  64 B  05 07 00 4c 22 b3 28 40 00 71 00 00 ff 00 00 00 00 00 00 00 00 00 ff 00 00 00 00 00 00 00 00 00 ff 00 00 00 00 00 00 00 00 00 ff 00 00 00 00 00 00 00 00 00 ff 00 00 00 00 00 00 00 00 01 00 00
 12131 ms  64 B  05 07 00 4d 22 b7 28 40 00 71 00 00 ff 00 00 00 00 00 00 00 00 00 ff 00 00 00 00 00 00 00 00 00 ff 00 00 00 00 00 00 00 00 00 ff 00 00 00 00 00 00 00 00 00 ff 00 00 00 00 00 00 00 00 01 00 00
 12140 ms  64 B  05 07 00 4f 22 b9 28 40 00 71 00 00 ff 00 00 00 00 00 00 00 00 00 ff 00 00 00 00 00 00 00 00 00 ff 00 00 00 00 00 00 00 00 00 ff 00 00 00 00 00 00 00 00 00 ff 00 00 00 00 00 00 00 00 01 00 00
 12140 ms  64 B  05 07 00 51 22 b9 28 40 00 71 00 00 ff 00 00 00 00 00 00 00 00 00 ff 00 00 00 00 00 00 00 00 00 ff 00 00 00 00 00 00 00 00 00 ff 00 00 00 00 00 00 00 00 00 ff 00 00 00 00 00 00 00 00 01 00 00
 12142 ms  64 B  05 07 00 54 22 b7 28 40 00 71 00 00 ff 00 00 00 00 00 00 00 00 00 ff 00 00 00 00 00 00 00 00 00 ff 00 00 00 00 00 00 00 00 00 ff 00 00 00 00 00 00 00 00 00 ff 00 00 00 00 00 00 00 00 01 00 00
 12149 ms  64 B  05 07 00 55 22 b5 28 40 00 71 00 00 ff 00 00 00 00 00 00 00 00 00 ff 00 00 00 00 00 00 00 00 00 ff 00 00 00 00 00 00 00 00 00 ff 00 00 00 00 00 00 00 00 00 ff 00 00 00 00 00 00 00 00 01 00 00
 12150 ms  64 B  05 07 00 55 22 b1 28 40 00 71 00 00 ff 00 00 00 00 00 00 00 00 00 ff 00 00 00 00 00 00 00 00 00 ff 00 00 00 00 00 00 00 00 00 ff 00 00 00 00 00 00 00 00 00 ff 00 00 00 00 00 00 00 00 01 00 00
 12150 ms  64 B  05 07 00 54 22 ab 28 40 00 71 00 00 ff 00 00 00 00 00 00 00 00 00 ff 00 00 00 00 00 00 00 00 00 ff 00 00 00 00 00 00 00 00 00 ff 00 00 00 00 00 00 00 00 00 ff 00 00 00 00 00 00 00 00 01 00 00
 12159 ms  64 B  05 07 00 54 22 a9 28 40 00 71 00 00 ff 00 00 00 00 00 00 00 00 00 ff 00 00 00 00 00 00 00 00 00 ff 00 00 00 00 00 00 00 00 00 ff 00 00 00 00 00 00 00 00 00 ff 00 00 00 00 00 00 00 00 01 00 00
           … repeated 1×
 12161 ms  64 B  05 07 00 54 22 ab 28 40 00 71 00 00 ff 00 00 00 00 00 00 00 00 00 ff 00 00 00 00 00 00 00 00 00 ff 00 00 00 00 00 00 00 00 00 ff 00 00 00 00 00 00 00 00 00 ff 00 00 00 00 00 00 00 00 01 00 00
           … repeated 3×
 12181 ms  64 B  05 07 00 52 22 ad 28 40 00 71 00 00 ff 00 00 00 00 00 00 00 00 00 ff 00 00 00 00 00 00 00 00 00 ff 00 00 00 00 00 00 00 00 00 ff 00 00 00 00 00 00 00 00 00 ff 00 00 00 00 00 00 00 00 01 00 00
 12182 ms  64 B  05 07 00 50 22 b1 28 40 00 71 00 00 ff 00 00 00 00 00 00 00 00 00 ff 00 00 00 00 00 00 00 00 00 ff 00 00 00 00 00 00 00 00 00 ff 00 00 00 00 00 00 00 00 00 ff 00 00 00 00 00 00 00 00 01 00 00
 12183 ms  64 B  05 07 00 4d 22 b7 28 40 00 71 00 00 ff 00 00 00 00 00 00 00 00 00 ff 00 00 00 00 00 00 00 00 00 ff 00 00 00 00 00 00 00 00 00 ff 00 00 00 00 00 00 00 00 00 ff 00 00 00 00 00 00 00 00 01 00 00
 12193 ms  64 B  05 07 00 4b 22 ba 28 40 00 71 00 04 02 03 23 8f 26 40 00 71 00 00 ff 00 00 00 00 00 00 00 00 00 ff 00 00 00 00 00 00 00 00 00 ff 00 00 00 00 00 00 00 00 00 ff 00 00 00 00 00 00 00 00 02 00 00
 12194 ms  64 B  05 07 00 49 22 bf 28 40 00 71 00 07 02 03 23 8f 26 40 00 71 00 00 ff 00 00 00 00 00 00 00 00 00 ff 00 00 00 00 00 00 00 00 00 ff 00 00 00 00 00 00 00 00 00 ff 00 00 00 00 00 00 00 00 02 00 00
 12195 ms  64 B  05 07 00 46 22 c4 28 40 00 71 00 07 02 03 23 8f 26 40 00 71 00 00 ff 00 00 00 00 00 00 00 00 00 ff 00 00 00 00 00 00 00 00 00 ff 00 00 00 00 00 00 00 00 00 ff 00 00 00 00 00 00 00 00 02 00 00
 12205 ms  64 B  05 07 00 41 22 ca 28 40 00 71 00 07 02 03 23 8f 26 40 00 71 00 00 ff 00 00 00 00 00 00 00 00 00 ff 00 00 00 00 00 00 00 00 00 ff 00 00 00 00 00 00 00 00 00 ff 00 00 00 00 00 00 00 00 02 00 00
 12206 ms  64 B  05 07 00 38 22 d1 28 40 00 71 00 07 02 03 23 8f 26 40 00 71 00 00 ff 00 00 00 00 00 00 00 00 00 ff 00 00 00 00 00 00 00 00 00 ff 00 00 00 00 00 00 00 00 00 ff 00 00 00 00 00 00 00 00 02 00 00
 12217 ms  64 B  05 07 00 31 22 d7 28 40 00 71 00 07 02 03 23 8f 26 40 00 71 00 00 ff 00 00 00 00 00 00 00 00 00 ff 00 00 00 00 00 00 00 00 00 ff 00 00 00 00 00 00 00 00 00 ff 00 00 00 00 00 00 00 00 02 00 00
 12217 ms  64 B  05 07 00 2a 22 de 28 40 00 71 00 07 02 03 23 8f 26 40 00 71 00 00 ff 00 00 00 00 00 00 00 00 00 ff 00 00 00 00 00 00 00 00 00 ff 00 00 00 00 00 00 00 00 00 ff 00 00 00 00 00 00 00 00 02 00 00
 12228 ms  64 B  05 07 00 25 22 e4 28 40 00 71 00 07 02 03 23 8f 26 40 00 71 00 00 ff 00 00 00 00 00 00 00 00 00 ff 00 00 00 00 00 00 00 00 00 ff 00 00 00 00 00 00 00 00 00 ff 00 00 00 00 00 00 00 00 02 00 00
 12228 ms  64 B  05 07 00 23 22 ea 28 40 00 71 00 07 02 03 23 8f 26 40 00 71 00 00 ff 00 00 00 00 00 00 00 00 00 ff 00 00 00 00 00 00 00 00 00 ff 00 00 00 00 00 00 00 00 00 ff 00 00 00 00 00 00 00 00 02 00 00
 12240 ms  64 B  05 07 00 20 22 f0 28 40 00 71 00 07 02 03 23 8f 26 40 00 71 00 04 04 39 24 b9 20 06 00 0a 00 04 06 9d 21 7e 1f 06 00 0a 00 00 ff 00 00 00 00 00 00 00 00 00 ff 00 00 00 00 00 00 00 00 04 00 00
 12240 ms  64 B  05 07 00 1c 22 f6 28 40 00 71 00 07 02 03 23 8f 26 40 00 71 00 07 04 39 24 b9 20 06 00 0a 00 07 06 9d 21 7e 1f 06 00 0a 00 00 ff 00 00 00 00 00 00 00 00 00 ff 00 00 00 00 00 00 00 00 04 00 00
 12252 ms  64 B  05 07 00 1b 22 fc 28 40 00 71 00 07 02 03 23 8f 26 40 00 71 00 07 04 39 24 b9 20 06 00 0a 00 07 06 9d 21 7e 1f 06 00 0a 00 00 ff 00 00 00 00 00 00 00 00 00 ff 00 00 00 00 00 00 00 00 04 00 00
 12253 ms  64 B  05 07 00 1c 22 03 29 40 00 71 00 07 02 03 23 8f 26 40 00 71 00 07 04 39 24 b9 20 06 00 0a 00 07 06 9d 21 7e 1f 06 00 0a 00 00 ff 00 00 00 00 00 00 00 00 00 ff 00 00 00 00 00 00 00 00 04 00 00
 12264 ms  64 B  05 07 00 1a 22 05 29 40 00 71 00 04 01 8c 1e c6 1d 06 00 0a 00 07 02 03 23 8f 26 40 00 71 00 07 04 39 24 b9 20 06 00 0a 00 07 06 9d 21 7e 1f 06 00 0a 00 00 ff 00 00 00 00 00 00 00 00 05 00 00
 12265 ms  64 B  05 07 00 15 22 03 29 40 00 71 00 07 01 8c 1e c6 1d 06 00 0a 00 07 02 03 23 8f 26 40 00 71 00 07 04 39 24 b9 20 06 00 0a 00 07 06 9d 21 7e 1f 06 00 0a 00 00 ff 00 00 00 00 00 00 00 00 05 00 00
 12276 ms  64 B  05 07 00 16 22 fe 28 40 00 71 00 07 01 8c 1e c6 1d 06 00 0a 00 07 02 03 23 8f 26 40 00 71 00 07 04 39 24 b9 20 06 00 0a 00 07 06 9d 21 7e 1f 06 00 0a 00 00 ff 00 00 00 00 00 00 00 00 05 00 00
 12276 ms  64 B  05 07 00 1c 22 f6 28 40 00 71 00 07 01 8c 1e c6 1d 06 00 0a 00 07 02 03 23 8f 26 40 00 71 00 07 04 39 24 b9 20 06 00 0a 00 07 06 9d 21 7e 1f 06 00 0a 00 00 ff 00 00 00 00 00 00 00 00 05 00 00
 12288 ms  64 B  05 07 00 1d 22 f4 28 40 00 71 00 07 01 8c 1e c6 1d 06 00 0a 00 07 02 03 23 8f 26 40 00 71 00 07 04 39 24 b9 20 06 00 0a 00 07 06 9d 21 7e 1f 06 00 0a 00 00 ff 00 00 00 00 00 00 00 00 05 00 00
 12288 ms  64 B  05 07 00 1c 22 f6 28 40 00 71 00 07 01 8c 1e c6 1d 06 00 0a 00 07 02 03 23 8f 26 40 00 71 00 07 04 39 24 b9 20 06 00 0a 00 07 06 9d 21 7e 1f 06 00 0a 00 00 ff 00 00 00 00 00 00 00 00 05 00 00
 12299 ms  64 B  05 07 00 1e 22 ed 28 40 00 71 00 07 01 8c 1e c6 1d 06 00 0a 00 04 02 03 23 8f 26 40 00 71 00 07 04 39 24 b9 20 06 00 0a 00 07 06 9d 21 7e 1f 06 00 0a 00 00 ff 00 00 00 00 00 00 00 00 05 00 00
 12299 ms  64 B  05 07 00 23 22 de 28 40 00 71 00 07 01 8c 1e c6 1d 06 00 0a 00 07 04 39 24 b9 20 06 00 0a 00 07 06 9d 21 7e 1f 06 00 0a 00 00 ff 00 00 00 00 00 00 00 00 00 ff 00 00 00 00 00 00 00 00 04 00 00
 12310 ms  64 B  05 07 00 26 22 d6 28 40 00 71 00 04 01 8c 1e c6 1d 06 00 0a 00 07 04 39 24 b9 20 06 00 0a 00 07 06 9d 21 7e 1f 06 00 0a 00 00 ff 00 00 00 00 00 00 00 00 00 ff 00 00 00 00 00 00 00 00 04 00 00
 12311 ms  64 B  05 07 00 2a 22 d1 28 40 00 71 00 07 04 39 24 b9 20 06 00 0a 00 07 06 9d 21 7e 1f 06 00 0a 00 00 ff 00 00 00 00 00 00 00 00 00 ff 00 00 00 00 00 00 00 00 00 ff 00 00 00 00 00 00 00 00 03 00 00
 12321 ms  64 B  05 07 00 2c 22 cd 28 40 00 71 00 07 04 39 24 b9 20 06 00 0a 00 07 06 9d 21 7e 1f 06 00 0a 00 00 ff 00 00 00 00 00 00 00 00 00 ff 00 00 00 00 00 00 00 00 00 ff 00 00 00 00 00 00 00 00 03 00 00
 12322 ms  64 B  05 07 00 2e 22 c9 28 40 00 71 00 07 04 39 24 b9 20 06 00 0a 00 07 06 9d 21 7e 1f 06 00 0a 00 00 ff 00 00 00 00 00 00 00 00 00 ff 00 00 00 00 00 00 00 00 00 ff 00 00 00 00 00 00 00 00 03 00 00
 12323 ms  64 B  05 07 00 31 22 c4 28 40 00 71 00 07 04 39 24 b9 20 06 00 0a 00 07 06 9d 21 7e 1f 06 00 0a 00 00 ff 00 00 00 00 00 00 00 00 00 ff 00 00 00 00 00 00 00 00 00 ff 00 00 00 00 00 00 00 00 03 00 00
 12332 ms  64 B  05 07 00 32 22 c2 28 40 00 71 00 07 04 39 24 b9 20 06 00 0a 00 07 06 9d 21 7e 1f 06 00 0a 00 00 ff 00 00 00 00 00 00 00 00 00 ff 00 00 00 00 00 00 00 00 00 ff 00 00 00 00 00 00 00 00 03 00 00
 12333 ms  64 B  05 07 00 32 22 c3 28 40 00 71 00 07 04 39 24 b9 20 06 00 0a 00 07 06 9d 21 7e 1f 06 00 0a 00 00 ff 00 00 00 00 00 00 00 00 00 ff 00 00 00 00 00 00 00 00 00 ff 00 00 00 00 00 00 00 00 03 00 00
 12333 ms  64 B  05 07 00 31 22 c4 28 40 00 71 00 07 04 39 24 b9 20 06 00 0a 00 07 06 9d 21 7e 1f 06 00 0a 00 00 ff 00 00 00 00 00 00 00 00 00 ff 00 00 00 00 00 00 00 00 00 ff 00 00 00 00 00 00 00 00 03 00 00
 12342 ms  64 B  05 07 00 33 22 c1 28 40 00 71 00 07 04 39 24 b9 20 06 00 0a 00 07 06 9d 21 7e 1f 06 00 0a 00 00 ff 00 00 00 00 00 00 00 00 00 ff 00 00 00 00 00 00 00 00 00 ff 00 00 00 00 00 00 00 00 03 00 00
 12343 ms  64 B  05 07 00 35 22 bc 28 40 00 71 00 07 04 39 24 b9 20 06 00 0a 00 07 06 9d 21 7e 1f 06 00 0a 00 00 ff 00 00 00 00 00 00 00 00 00 ff 00 00 00 00 00 00 00 00 00 ff 00 00 00 00 00 00 00 00 03 00 00
 12344 ms  64 B  05 07 00 38 22 b7 28 40 00 71 00 07 04 39 24 b9 20 06 00 0a 00 07 06 9d 21 7e 1f 06 00 0a 00 00 ff 00 00 00 00 00 00 00 00 00 ff 00 00 00 00 00 00 00 00 00 ff 00 00 00 00 00 00 00 00 03 00 00
 12354 ms  64 B  05 07 00 39 22 b5 28 40 00 71 00 04 02 8c 1e c6 1d 06 00 0a 00 07 04 39 24 b9 20 06 00 0a 00 07 06 9d 21 7e 1f 06 00 0a 00 00 ff 00 00 00 00 00 00 00 00 00 ff 00 00 00 00 00 00 00 00 04 00 00
 12354 ms  64 B  05 07 00 39 22 b6 28 40 00 71 00 07 02 8c 1e c6 1d 06 00 0a 00 07 04 39 24 b9 20 06 00 0a 00 07 06 9d 21 7e 1f 06 00 0a 00 00 ff 00 00 00 00 00 00 00 00 00 ff 00 00 00 00 00 00 00 00 04 00 00
 12355 ms  64 B  05 07 00 38 22 b7 28 40 00 71 00 07 02 8c 1e c6 1d 06 00 0a 00 07 04 39 24 b9 20 06 00 0a 00 07 06 9d 21 7e 1f 06 00 0a 00 00 ff 00 00 00 00 00 00 00 00 00 ff 00 00 00 00 00 00 00 00 04 00 00
           … repeated 3×
 12377 ms  64 B  05 07 00 38 22 b5 28 40 00 71 00 07 02 8c 1e c6 1d 06 00 0a 00 07 04 39 24 b9 20 06 00 0a 00 07 06 9d 21 7e 1f 06 00 0a 00 00 ff 00 00 00 00 00 00 00 00 00 ff 00 00 00 00 00 00 00 00 04 00 00
 12377 ms  64 B  05 07 00 38 22 b1 28 40 00 71 00 07 02 8c 1e c6 1d 06 00 0a 00 07 04 39 24 b9 20 06 00 0a 00 07 06 9d 21 7e 1f 06 00 0a 00 00 ff 00 00 00 00 00 00 00 00 00 ff 00 00 00 00 00 00 00 00 04 00 00
 12378 ms  64 B  05 07 00 38 22 ab 28 40 00 71 00 07 02 8c 1e c6 1d 06 00 0a 00 07 04 39 24 b9 20 06 00 0a 00 07 06 9d 21 7e 1f 06 00 0a 00 00 ff 00 00 00 00 00 00 00 00 00 ff 00 00 00 00 00 00 00 00 04 00 00
 12388 ms  64 B  05 07 00 38 22 a9 28 40 00 71 00 07 02 8c 1e c6 1d 06 00 0a 00 07 04 39 24 b9 20 06 00 0a 00 07 06 9d 21 7e 1f 06 00 0a 00 00 ff 00 00 00 00 00 00 00 00 00 ff 00 00 00 00 00 00 00 00 04 00 00
           … repeated 1×
 12389 ms  64 B  05 07 00 38 22 ab 28 40 00 71 00 07 02 8c 1e c6 1d 06 00 0a 00 07 04 39 24 b9 20 06 00 0a 00 07 06 9d 21 7e 1f 06 00 0a 00 00 ff 00 00 00 00 00 00 00 00 00 ff 00 00 00 00 00 00 00 00 04 00 00
           … repeated 33×
 12523 ms  64 B  05 07 00 36 22 ab 28 40 00 71 00 07 02 8c 1e c6 1d 06 00 0a 00 07 04 39 24 b9 20 06 00 0a 00 07 06 9d 21 7e 1f 06 00 0a 00 00 ff 00 00 00 00 00 00 00 00 00 ff 00 00 00 00 00 00 00 00 04 00 00
 12524 ms  64 B  05 07 00 34 22 ab 28 40 00 71 00 07 02 8c 1e c6 1d 06 00 0a 00 07 04 39 24 b9 20 06 00 0a 00 07 06 9d 21 7e 1f 06 00 0a 00 00 ff 00 00 00 00 00 00 00 00 00 ff 00 00 00 00 00 00 00 00 04 00 00
 12525 ms  64 B  05 07 00 31 22 ab 28 40 00 71 00 07 02 8c 1e c6 1d 06 00 0a 00 07 04 39 24 b9 20 06 00 0a 00 07 06 9d 21 7e 1f 06 00 0a 00 00 ff 00 00 00 00 00 00 00 00 00 ff 00 00 00 00 00 00 00 00 04 00 00
 12534 ms  64 B  05 07 00 30 22 ab 28 40 00 71 00 07 02 9a 1e d1 1d 06 00 0a 00 07 04 39 24 b9 20 06 00 0a 00 07 06 9d 21 7e 1f 06 00 0a 00 00 ff 00 00 00 00 00 00 00 00 00 ff 00 00 00 00 00 00 00 00 04 00 00
 12536 ms  64 B  05 07 00 30 22 ab 28 40 00 71 00 07 02 af 1e e2 1d 06 00 0a 00 07 04 39 24 b9 20 06 00 0a 00 07 06 9d 21 7e 1f 06 00 0a 00 00 ff 00 00 00 00 00 00 00 00 00 ff 00 00 00 00 00 00 00 00 04 00 00
 12537 ms  64 B  05 07 00 31 22 ab 28 40 00 71 00 07 02 cb 1e f8 1d 06 00 0a 00 07 04 39 24 b9 20 06 00 0a 00 07 06 9d 21 7e 1f 06 00 0a 00 00 ff 00 00 00 00 00 00 00 00 00 ff 00 00 00 00 00 00 00 00 04 00 00
 12546 ms  64 B  05 07 00 31 22 ab 28 40 00 71 00 07 02 d3 1e fe 1d 06 00 0a 00 07 04 39 24 b9 20 06 00 0a 00 07 06 9d 21 7e 1f 06 00 0a 00 00 ff 00 00 00 00 00 00 00 00 00 ff 00 00 00 00 00 00 00 00 04 00 00
 12546 ms  64 B  05 07 00 31 22 ab 28 40 00 71 00 07 02 cb 1e f8 1d 06 00 0a 00 07 04 39 24 b9 20 06 00 0a 00 07 06 9d 21 7e 1f 06 00 0a 00 00 ff 00 00 00 00 00 00 00 00 00 ff 00 00 00 00 00 00 00 00 04 00 00
 12557 ms  64 B  05 07 00 31 22 ab 28 40 00 71 00 07 02 cb 1e f8 1d 06 00 0a 00 07 04 36 24 bd 20 06 00 0a 00 07 06 9f 21 82 1f 06 00 0a 00 00 ff 00 00 00 00 00 00 00 00 00 ff 00 00 00 00 00 00 00 00 04 00 00
 12558 ms  64 B  05 07 00 31 22 ab 28 40 00 71 00 07 02 cb 1e f8 1d 06 00 0a 00 07 04 31 24 c5 20 06 00 0a 00 07 06 a4 21 8a 1f 06 00 0a 00 00 ff 00 00 00 00 00 00 00 00 00 ff 00 00 00 00 00 00 00 00 04 00 00
 12569 ms  64 B  05 07 00 31 22 ab 28 40 00 71 00 04 02 cb 1e f8 1d 06 00 0a 00 07 04 30 24 c7 20 06 00 0a 00 07 06 a5 21 8c 1f 06 00 0a 00 00 ff 00 00 00 00 00 00 00 00 00 ff 00 00 00 00 00 00 00 00 04 00 00
 12570 ms  64 B  05 07 00 31 22 ab 28 40 00 71 00 07 04 31 24 c5 20 06 00 0a 00 07 06 a4 21 8a 1f 06 00 0a 00 00 ff 00 00 00 00 00 00 00 00 00 ff 00 00 00 00 00 00 00 00 00 ff 00 00 00 00 00 00 00 00 03 00 00
 12580 ms  64 B  05 07 00 31 22 ab 28 40 00 71 00 04 01 8c 1e c6 1d 06 00 0a 00 07 04 31 24 c5 20 06 00 0a 00 07 06 a4 21 8a 1f 06 00 0a 00 00 ff 00 00 00 00 00 00 00 00 00 ff 00 00 00 00 00 00 00 00 04 00 00
 12581 ms  64 B  05 07 00 31 22 ab 28 40 00 71 00 07 01 8c 1e c6 1d 06 00 0a 00 07 04 31 24 c5 20 06 00 0a 00 07 06 a4 21 8a 1f 06 00 0a 00 00 ff 00 00 00 00 00 00 00 00 00 ff 00 00 00 00 00 00 00 00 04 00 00
           … repeated 13×
 12635 ms  64 B  05 07 00 31 22 ab 28 40 00 71 00 07 01 8c 1e c6 1d 06 00 0a 00 07 04 31 24 c5 20 06 00 0a 00 07 06 a6 21 88 1f 06 00 0a 00 00 ff 00 00 00 00 00 00 00 00 00 ff 00 00 00 00 00 00 00 00 04 00 00
 12636 ms  64 B  05 07 00 31 22 ab 28 40 00 71 00 07 01 8c 1e c6 1d 06 00 0a 00 07 04 31 24 c5 20 06 00 0a 00 07 06 a8 21 84 1f 06 00 0a 00 00 ff 00 00 00 00 00 00 00 00 00 ff 00 00 00 00 00 00 00 00 04 00 00
 12637 ms  64 B  05 07 00 31 22 ab 28 40 00 71 00 07 01 8c 1e c6 1d 06 00 0a 00 07 04 31 24 c5 20 06 00 0a 00 07 06 ab 21 7e 1f 06 00 0a 00 00 ff 00 00 00 00 00 00 00 00 00 ff 00 00 00 00 00 00 00 00 04 00 00
 12646 ms  64 B  05 07 00 31 22 ab 28 40 00 71 00 07 01 8c 1e c6 1d 06 00 0a 00 07 04 31 24 c5 20 06 00 0a 00 07 06 ac 21 7c 1f 06 00 0a 00 00 ff 00 00 00 00 00 00 00 00 00 ff 00 00 00 00 00 00 00 00 04 00 00
           … repeated 1×
 12648 ms  64 B  05 07 00 31 22 ab 28 40 00 71 00 07 01 8c 1e c6 1d 06 00 0a 00 07 04 31 24 c5 20 06 00 0a 00 07 06 ab 21 7e 1f 06 00 0a 00 00 ff 00 00 00 00 00 00 00 00 00 ff 00 00 00 00 00 00 00 00 04 00 00
 12658 ms  64 B  05 07 00 31 22 ab 28 40 00 71 00 07 01 8c 1e c6 1d 06 00 0a 00 07 04 2f 24 c5 20 06 00 0a 00 07 06 ab 21 7e 1f 06 00 0a 00 00 ff 00 00 00 00 00 00 00 00 00 ff 00 00 00 00 00 00 00 00 04 00 00
 12659 ms  64 B  05 07 00 31 22 ab 28 40 00 71 00 07 01 8c 1e c6 1d 06 00 0a 00 07 04 2d 24 c5 20 06 00 0a 00 07 06 ab 21 7e 1f 06 00 0a 00 00 ff 00 00 00 00 00 00 00 00 00 ff 00 00 00 00 00 00 00 00 04 00 00
 12659 ms  64 B  05 07 00 31 22 ab 28 40 00 71 00 07 01 8c 1e c6 1d 06 00 0a 00 07 04 2a 24 c5 20 06 00 0a 00 07 06 ab 21 7e 1f 06 00 0a 00 00 ff 00 00 00 00 00 00 00 00 00 ff 00 00 00 00 00 00 00 00 04 00 00
 12669 ms  64 B  05 07 00 31 22 ab 28 40 00 71 00 07 01 8c 1e c6 1d 06 00 0a 00 07 04 29 24 c5 20 06 00 0a 00 07 06 ab 21 7e 1f 06 00 0a 00 00 ff 00 00 00 00 00 00 00 00 00 ff 00 00 00 00 00 00 00 00 04 00 00
           … repeated 1×
 12671 ms  64 B  05 07 00 31 22 ab 28 40 00 71 00 07 01 8c 1e c6 1d 06 00 0a 00 07 04 2a 24 c5 20 06 00 0a 00 07 06 ab 21 7e 1f 06 00 0a 00 00 ff 00 00 00 00 00 00 00 00 00 ff 00 00 00 00 00 00 00 00 04 00 00
           … repeated 6×
 12702 ms  64 B  05 07 00 31 22 ab 28 40 00 71 00 07 01 8c 1e c6 1d 06 00 0a 00 07 04 2c 24 c5 20 06 00 0a 00 07 06 ab 21 7e 1f 06 00 0a 00 00 ff 00 00 00 00 00 00 00 00 00 ff 00 00 00 00 00 00 00 00 04 00 00
 12702 ms  64 B  05 07 00 31 22 ab 28 40 00 71 00 07 01 8c 1e c6 1d 06 00 0a 00 07 04 2e 24 c5 20 06 00 0a 00 07 06 ab 21 7e 1f 06 00 0a 00 00 ff 00 00 00 00 00 00 00 00 00 ff 00 00 00 00 00 00 00 00 04 00 00
 12703 ms  64 B  05 07 00 31 22 ab 28 40 00 71 00 07 01 8c 1e c6 1d 06 00 0a 00 07 04 31 24 c5 20 06 00 0a 00 07 06 ab 21 7e 1f 06 00 0a 00 00 ff 00 00 00 00 00 00 00 00 00 ff 00 00 00 00 00 00 00 00 04 00 00
 12713 ms  64 B  05 07 00 31 22 ab 28 40 00 71 00 07 01 a0 1e e2 1d 06 00 0a 00 07 04 1d 24 cd 20 06 00 0a 00 07 06 ab 21 7e 1f 06 00 0a 00 00 ff 00 00 00 00 00 00 00 00 00 ff 00 00 00 00 00 00 00 00 04 00 00
 12713 ms  64 B  05 07 00 31 22 ab 28 40 00 71 00 07 01 bf 1e 0b 1e 06 00 0a 00 07 04 ff 23 da 20 06 00 0a 00 07 06 ab 21 7e 1f 06 00 0a 00 00 ff 00 00 00 00 00 00 00 00 00 ff 00 00 00 00 00 00 00 00 04 00 00
 12714 ms  64 B  05 07 00 31 22 ab 28 40 00 71 00 07 01 e7 1e 43 1e 06 00 0a 00 07 04 d6 23 eb 20 06 00 0a 00 07 06 ab 21 7e 1f 06 00 0a 00 00 ff 00 00 00 00 00 00 00 00 00 ff 00 00 00 00 00 00 00 00 04 00 00
 12726 ms  64 B  05 07 00 31 22 ab 28 40 00 71 00 07 01 f2 1e 53 1e 06 00 0a 00 07 04 cb 23 f0 20 06 00 0a 00 07 06 ab 21 79 1f 06 00 0a 00 00 ff 00 00 00 00 00 00 00 00 00 ff 00 00 00 00 00 00 00 00 04 00 00
 12726 ms  64 B  05 07 00 31 22 ab 28 40 00 71 00 07 01 e7 1e 43 1e 06 00 0a 00 07 04 d6 23 eb 20 06 00 0a 00 07 06 ab 21 71 1f 06 00 0a 00 00 ff 00 00 00 00 00 00 00 00 00 ff 00 00 00 00 00 00 00 00 04 00 00
 12736 ms  64 B  05 07 00 31 22 ab 28 40 00 71 00 07 01 6d 1f 8f 1e 06 00 0a 00 07 04 50 23 ae 20 06 00 0a 00 07 06 ab 21 6f 1f 06 00 0a 00 00 ff 00 00 00 00 00 00 00 00 00 ff 00 00 00 00 00 00 00 00 04 00 00
 12737 ms  64 B  05 07 00 31 22 ab 28 40 00 71 00 07 01 4d 20 0d 1f 06 00 0a 00 07 04 70 22 47 20 06 00 0a 00 07 06 ab 21 71 1f 06 00 0a 00 00 ff 00 00 00 00 00 00 00 00 00 ff 00 00 00 00 00 00 00 00 04 00 00
 12747 ms  64 B  05 07 00 31 22 ab 28 40 00 71 00 07 01 7a 20 26 1f 06 00 0a 00 07 04 43 22 32 20 06 00 0a 00 07 06 ab 21 71 1f 06 00 0a 00 00 ff 00 00 00 00 00 00 00 00 00 ff 00 00 00 00 00 00 00 00 04 00 00
 12747 ms  64 B  05 07 00 31 22 ab 28 40 00 71 00 07 01 4d 20 0d 1f 06 00 0a 00 07 04 70 22 47 20 06 00 0a 00 07 06 ab 21 71 1f 06 00 0a 00 00 ff 00 00 00 00 00 00 00 00 00 ff 00 00 00 00 00 00 00 00 04 00 00
 12759 ms  64 B  05 07 00 31 22 ab 28 40 00 71 00 07 01 e1 20 53 1f 06 00 0a 00 07 04 db 21 f2 1f 06 00 0a 00 07 06 ab 21 76 1f 06 00 0a 00 00 ff 00 00 00 00 00 00 00 00 00 ff 00 00 00 00 00 00 00 00 04 00 00
 12759 ms  64 B  05 07 00 31 22 ab 28 40 00 71 00 07 01 d6 21 c9 1f 06 00 0a 00 07 04 e1 20 65 1f 06 00 0a 00 07 06 ab 21 7e 1f 06 00 0a 00 00 ff 00 00 00 00 00 00 00 00 00 ff 00 00 00 00 00 00 00 00 04 00 00
 12770 ms  64 B  05 07 00 31 22 ab 28 40 00 71 00 07 01 45 22 fd 1f 06 00 0a 00 07 04 70 20 25 1f 06 00 0a 00 07 06 ab 21 80 1f 06 00 0a 00 00 ff 00 00 00 00 00 00 00 00 00 ff 00 00 00 00 00 00 00 00 04 00 00
 12771 ms  64 B  05 07 00 31 22 ab 28 40 00 71 00 07 01 a9 22 2b 20 06 00 0a 00 07 04 08 20 ea 1e 06 00 0a 00 07 06 ab 21 7f 1f 06 00 0a 00 00 ff 00 00 00 00 00 00 00 00 00 ff 00 00 00 00 00 00 00 00 04 00 00
 12772 ms  64 B  05 07 00 31 22 ab 28 40 00 71 00 07 01 03 23 54 20 06 00 0a 00 07 04 ab 1f b5 1e 06 00 0a 00 07 06 ab 21 7e 1f 06 00 0a 00 00 ff 00 00 00 00 00 00 00 00 00 ff 00 00 00 00 00 00 00 00 04 00 00
 12781 ms  64 B  05 07 00 31 22 ab 28 40 00 71 00 07 01 53 23 7a 20 06 00 0a 00 07 04 5c 1f 82 1e 06 00 0a 00 07 06 ab 21 7e 1f 06 00 0a 00 00 ff 00 00 00 00 00 00 00 00 00 ff 00 00 00 00 00 00 00 00 04 00 00
 12782 ms  64 B  05 07 00 31 22 ab 28 40 00 71 00 07 01 99 23 9c 20 06 00 0a 00 07 04 18 1f 54 1e 06 00 0a 00 07 06 ab 21 7e 1f 06 00 0a 00 00 ff 00 00 00 00 00 00 00 00 00 ff 00 00 00 00 00 00 00 00 04 00 00
 12782 ms  64 B  05 07 00 31 22 ab 28 40 00 71 00 07 01 d6 23 b9 20 06 00 0a 00 07 04 e0 1e 2b 1e 06 00 0a 00 07 06 ab 21 7e 1f 06 00 0a 00 00 ff 00 00 00 00 00 00 00 00 00 ff 00 00 00 00 00 00 00 00 04 00 00
 12792 ms  64 B  05 07 00 31 22 ab 28 40 00 71 00 07 01 0f 24 d2 20 06 00 0a 00 07 04 a8 1e 08 1e 06 00 0a 00 07 06 a9 21 7e 1f 06 00 0a 00 00 ff 00 00 00 00 00 00 00 00 00 ff 00 00 00 00 00 00 00 00 04 00 00
 12792 ms  64 B  05 07 00 31 22 ab 28 40 00 71 00 07 01 40 24 e6 20 06 00 0a 00 07 04 77 1e eb 1d 06 00 0a 00 07 06 a7 21 7e 1f 06 00 0a 00 00 ff 00 00 00 00 00 00 00 00 00 ff 00 00 00 00 00 00 00 00 04 00 00
 12794 ms  64 B  05 07 00 31 22 ab 28 40 00 71 00 07 01 69 24 f7 20 06 00 0a 00 07 04 4d 1e d2 1d 06 00 0a 00 07 06 a4 21 7e 1f 06 00 0a 00 00 ff 00 00 00 00 00 00 00 00 00 ff 00 00 00 00 00 00 00 00 04 00 00
 12803 ms  64 B  05 07 00 31 22 ab 28 40 00 71 00 07 01 7a 24 fe 20 06 00 0a 00 07 04 3c 1e c8 1d 06 00 0a 00 07 06 a3 21 7e 1f 06 00 0a 00 00 ff 00 00 00 00 00 00 00 00 00 ff 00 00 00 00 00 00 00 00 04 00 00
 12804 ms  64 B  05 07 00 31 22 ab 28 40 00 71 00 07 01 79 24 fe 20 06 00 0a 00 07 04 3d 1e c8 1d 06 00 0a 00 07 06 a3 21 7e 1f 06 00 0a 00 00 ff 00 00 00 00 00 00 00 00 00 ff 00 00 00 00 00 00 00 00 04 00 00
 12804 ms  64 B  05 07 00 31 22 ab 28 40 00 71 00 07 01 69 24 f7 20 06 00 0a 00 07 04 4d 1e d2 1d 06 00 0a 00 07 06 a4 21 7e 1f 06 00 0a 00 00 ff 00 00 00 00 00 00 00 00 00 ff 00 00 00 00 00 00 00 00 04 00 00
           … repeated 3×
 12825 ms  64 B  05 07 00 31 22 ab 28 40 00 71 00 04 01 69 24 f7 20 06 00 0a 00 04 04 4d 1e d2 1d 06 00 0a 00 04 06 a4 21 7e 1f 06 00 0a 00 00 ff 00 00 00 00 00 00 00 00 00 ff 00 00 00 00 00 00 00 00 04 00 00
 12826 ms  64 B  05 07 00 31 22 ab 28 40 00 71 00 00 ff 00 00 00 00 00 00 00 00 00 ff 00 00 00 00 00 00 00 00 00 ff 00 00 00 00 00 00 00 00 00 ff 00 00 00 00 00 00 00 00 00 ff 00 00 00 00 00 00 00 00 01 00 00
           … repeated 6×
 12855 ms  64 B  05 07 00 33 22 ab 28 40 00 71 00 00 ff 00 00 00 00 00 00 00 00 00 ff 00 00 00 00 00 00 00 00 00 ff 00 00 00 00 00 00 00 00 00 ff 00 00 00 00 00 00 00 00 00 ff 00 00 00 00 00 00 00 00 01 00 00
 12855 ms  64 B  05 07 00 35 22 ab 28 40 00 71 00 00 ff 00 00 00 00 00 00 00 00 00 ff 00 00 00 00 00 00 00 00 00 ff 00 00 00 00 00 00 00 00 00 ff 00 00 00 00 00 00 00 00 00 ff 00 00 00 00 00 00 00 00 01 00 00
 12856 ms  64 B  05 07 00 38 22 ab 28 40 00 71 00 00 ff 00 00 00 00 00 00 00 00 00 ff 00 00 00 00 00 00 00 00 00 ff 00 00 00 00 00 00 00 00 00 ff 00 00 00 00 00 00 00 00 00 ff 00 00 00 00 00 00 00 00 01 00 00
 12866 ms  64 B  05 07 00 39 22 a8 28 40 00 71 00 00 ff 00 00 00 00 00 00 00 00 00 ff 00 00 00 00 00 00 00 00 00 ff 00 00 00 00 00 00 00 00 00 ff 00 00 00 00 00 00 00 00 00 ff 00 00 00 00 00 00 00 00 01 00 00
 12867 ms  64 B  05 07 00 39 22 a3 28 40 00 71 00 00 ff 00 00 00 00 00 00 00 00 00 ff 00 00 00 00 00 00 00 00 00 ff 00 00 00 00 00 00 00 00 00 ff 00 00 00 00 00 00 00 00 00 ff 00 00 00 00 00 00 00 00 01 00 00
 12868 ms  64 B  05 07 00 38 22 9e 28 40 00 71 00 00 ff 00 00 00 00 00 00 00 00 00 ff 00 00 00 00 00 00 00 00 00 ff 00 00 00 00 00 00 00 00 00 ff 00 00 00 00 00 00 00 00 00 ff 00 00 00 00 00 00 00 00 01 00 00
 12876 ms  64 B  05 07 00 38 22 9c 28 40 00 71 00 00 ff 00 00 00 00 00 00 00 00 00 ff 00 00 00 00 00 00 00 00 00 ff 00 00 00 00 00 00 00 00 00 ff 00 00 00 00 00 00 00 00 00 ff 00 00 00 00 00 00 00 00 01 00 00
 12877 ms  64 B  05 07 00 38 22 9d 28 40 00 71 00 00 ff 00 00 00 00 00 00 00 00 00 ff 00 00 00 00 00 00 00 00 00 ff 00 00 00 00 00 00 00 00 00 ff 00 00 00 00 00 00 00 00 00 ff 00 00 00 00 00 00 00 00 01 00 00
 12878 ms  64 B  05 07 00 38 22 9e 28 40 00 71 00 00 ff 00 00 00 00 00 00 00 00 00 ff 00 00 00 00 00 00 00 00 00 ff 00 00 00 00 00 00 00 00 00 ff 00 00 00 00 00 00 00 00 00 ff 00 00 00 00 00 00 00 00 01 00 00
           … repeated 12×
 12922 ms  64 B  05 07 00 38 22 a1 28 40 00 71 00 00 ff 00 00 00 00 00 00 00 00 00 ff 00 00 00 00 00 00 00 00 00 ff 00 00 00 00 00 00 00 00 00 ff 00 00 00 00 00 00 00 00 00 ff 00 00 00 00 00 00 00 00 01 00 00
 12923 ms  64 B  05 07 00 38 22 a6 28 40 00 71 00 00 ff 00 00 00 00 00 00 00 00 00 ff 00 00 00 00 00 00 00 00 00 ff 00 00 00 00 00 00 00 00 00 ff 00 00 00 00 00 00 00 00 00 ff 00 00 00 00 00 00 00 00 01 00 00
 12923 ms  64 B  05 07 00 38 22 ab 28 40 00 71 00 00 ff 00 00 00 00 00 00 00 00 00 ff 00 00 00 00 00 00 00 00 00 ff 00 00 00 00 00 00 00 00 00 ff 00 00 00 00 00 00 00 00 00 ff 00 00 00 00 00 00 00 00 01 00 00
 12929 ms  64 B  05 07 00 38 22 ad 28 40 00 71 00 00 ff 00 00 00 00 00 00 00 00 00 ff 00 00 00 00 00 00 00 00 00 ff 00 00 00 00 00 00 00 00 00 ff 00 00 00 00 00 00 00 00 00 ff 00 00 00 00 00 00 00 00 01 00 00
 12930 ms  64 B  05 07 00 38 22 ac 28 40 00 71 00 00 ff 00 00 00 00 00 00 00 00 00 ff 00 00 00 00 00 00 00 00 00 ff 00 00 00 00 00 00 00 00 00 ff 00 00 00 00 00 00 00 00 00 ff 00 00 00 00 00 00 00 00 01 00 00
 12930 ms  64 B  05 07 00 38 22 ab 28 40 00 71 00 00 ff 00 00 00 00 00 00 00 00 00 ff 00 00 00 00 00 00 00 00 00 ff 00 00 00 00 00 00 00 00 00 ff 00 00 00 00 00 00 00 00 00 ff 00 00 00 00 00 00 00 00 01 00 00
           … repeated 6×
 12950 ms  64 B  05 07 00 38 22 a8 28 40 00 71 00 00 ff 00 00 00 00 00 00 00 00 00 ff 00 00 00 00 00 00 00 00 00 ff 00 00 00 00 00 00 00 00 00 ff 00 00 00 00 00 00 00 00 00 ff 00 00 00 00 00 00 00 00 01 00 00
 12951 ms  64 B  05 07 00 38 22 a3 28 40 00 71 00 00 ff 00 00 00 00 00 00 00 00 00 ff 00 00 00 00 00 00 00 00 00 ff 00 00 00 00 00 00 00 00 00 ff 00 00 00 00 00 00 00 00 00 ff 00 00 00 00 00 00 00 00 01 00 00
 12951 ms  64 B  05 07 00 38 22 9e 28 40 00 71 00 00 ff 00 00 00 00 00 00 00 00 00 ff 00 00 00 00 00 00 00 00 00 ff 00 00 00 00 00 00 00 00 00 ff 00 00 00 00 00 00 00 00 00 ff 00 00 00 00 00 00 00 00 01 00 00
 12957 ms  64 B  05 07 00 3a 22 9c 28 40 00 71 00 00 ff 00 00 00 00 00 00 00 00 00 ff 00 00 00 00 00 00 00 00 00 ff 00 00 00 00 00 00 00 00 00 ff 00 00 00 00 00 00 00 00 00 ff 00 00 00 00 00 00 00 00 01 00 00
 12957 ms  64 B  05 07 00 3c 22 9d 28 40 00 71 00 00 ff 00 00 00 00 00 00 00 00 00 ff 00 00 00 00 00 00 00 00 00 ff 00 00 00 00 00 00 00 00 00 ff 00 00 00 00 00 00 00 00 00 ff 00 00 00 00 00 00 00 00 01 00 00
 12958 ms  64 B  05 07 00 3f 22 9e 28 40 00 71 00 00 ff 00 00 00 00 00 00 00 00 00 ff 00 00 00 00 00 00 00 00 00 ff 00 00 00 00 00 00 00 00 00 ff 00 00 00 00 00 00 00 00 00 ff 00 00 00 00 00 00 00 00 01 00 00
 12964 ms  64 B  05 07 00 40 22 9e 28 40 00 71 00 00 ff 00 00 00 00 00 00 00 00 00 ff 00 00 00 00 00 00 00 00 00 ff 00 00 00 00 00 00 00 00 00 ff 00 00 00 00 00 00 00 00 00 ff 00 00 00 00 00 00 00 00 01 00 00
           … repeated 1×
 12965 ms  64 B  05 07 00 3f 22 9e 28 40 00 71 00 00 ff 00 00 00 00 00 00 00 00 00 ff 00 00 00 00 00 00 00 00 00 ff 00 00 00 00 00 00 00 00 00 ff 00 00 00 00 00 00 00 00 00 ff 00 00 00 00 00 00 00 00 01 00 00
 12971 ms  64 B  05 07 00 3f 22 a1 28 40 00 71 00 00 ff 00 00 00 00 00 00 00 00 00 ff 00 00 00 00 00 00 00 00 00 ff 00 00 00 00 00 00 00 00 00 ff 00 00 00 00 00 00 00 00 00 ff 00 00 00 00 00 00 00 00 01 00 00
 12971 ms  64 B  05 07 00 3f 22 a6 28 40 00 71 00 00 ff 00 00 00 00 00 00 00 00 00 ff 00 00 00 00 00 00 00 00 00 ff 00 00 00 00 00 00 00 00 00 ff 00 00 00 00 00 00 00 00 00 ff 00 00 00 00 00 00 00 00 01 00 00
 12972 ms  64 B  05 07 00 3f 22 ab 28 40 00 71 00 00 ff 00 00 00 00 00 00 00 00 00 ff 00 00 00 00 00 00 00 00 00 ff 00 00 00 00 00 00 00 00 00 ff 00 00 00 00 00 00 00 00 00 ff 00 00 00 00 00 00 00 00 01 00 00
 12981 ms  64 B  05 07 00 33 22 b4 28 40 00 71 00 00 ff 00 00 00 00 00 00 00 00 00 ff 00 00 00 00 00 00 00 00 00 ff 00 00 00 00 00 00 00 00 00 ff 00 00 00 00 00 00 00 00 00 ff 00 00 00 00 00 00 00 00 01 00 00
 12982 ms  64 B  05 07 00 20 22 c0 28 40 00 71 00 00 ff 00 00 00 00 00 00 00 00 00 ff 00 00 00 00 00 00 00 00 00 ff 00 00 00 00 00 00 00 00 00 ff 00 00 00 00 00 00 00 00 00 ff 00 00 00 00 00 00 00 00 01 00 00
 12982 ms  64 B  05 07 00 07 22 d1 28 40 00 71 00 00 ff 00 00 00 00 00 00 00 00 00 ff 00 00 00 00 00 00 00 00 00 ff 00 00 00 00 00 00 00 00 00 ff 00 00 00 00 00 00 00 00 00 ff 00 00 00 00 00 00 00 00 01 00 00
 12989 ms  64 B  05 07 00 f7 21 d0 28 40 00 71 00 00 ff 00 00 00 00 00 00 00 00 00 ff 00 00 00 00 00 00 00 00 00 ff 00 00 00 00 00 00 00 00 00 ff 00 00 00 00 00 00 00 00 00 ff 00 00 00 00 00 00 00 00 01 00 00
 12989 ms  64 B  05 07 00 e9 21 c7 28 40 00 71 00 00 ff 00 00 00 00 00 00 00 00 00 ff 00 00 00 00 00 00 00 00 00 ff 00 00 00 00 00 00 00 00 00 ff 00 00 00 00 00 00 00 00 00 ff 00 00 00 00 00 00 00 00 01 00 00
 12990 ms  64 B  05 07 00 dc 21 b7 28 40 00 71 00 00 ff 00 00 00 00 00 00 00 00 00 ff 00 00 00 00 00 00 00 00 00 ff 00 00 00 00 00 00 00 00 00 ff 00 00 00 00 00 00 00 00 00 ff 00 00 00 00 00 00 00 00 01 00 00
 13008 ms  64 B  05 07 00 d0 21 a7 28 40 00 71 00 00 ff 00 00 00 00 00 00 00 00 00 ff 00 00 00 00 00 00 00 00 00 ff 00 00 00 00 00 00 00 00 00 ff 00 00 00 00 00 00 00 00 00 ff 00 00 00 00 00 00 00 00 01 00 00
 13009 ms  64 B  05 07 00 c4 21 92 28 40 00 71 00 00 ff 00 00 00 00 00 00 00 00 00 ff 00 00 00 00 00 00 00 00 00 ff 00 00 00 00 00 00 00 00 00 ff 00 00 00 00 00 00 00 00 00 ff 00 00 00 00 00 00 00 00 01 00 00
 13009 ms  64 B  05 07 00 b9 21 79 28 40 00 71 00 00 ff 00 00 00 00 00 00 00 00 00 ff 00 00 00 00 00 00 00 00 00 ff 00 00 00 00 00 00 00 00 00 ff 00 00 00 00 00 00 00 00 00 ff 00 00 00 00 00 00 00 00 01 00 00
 13014 ms  64 B  05 07 00 b5 21 72 28 40 00 71 00 00 ff 00 00 00 00 00 00 00 00 00 ff 00 00 00 00 00 00 00 00 00 ff 00 00 00 00 00 00 00 00 00 ff 00 00 00 00 00 00 00 00 00 ff 00 00 00 00 00 00 00 00 01 00 00
           … repeated 1×
 13016 ms  64 B  05 07 00 b9 21 79 28 40 00 71 00 00 ff 00 00 00 00 00 00 00 00 00 ff 00 00 00 00 00 00 00 00 00 ff 00 00 00 00 00 00 00 00 00 ff 00 00 00 00 00 00 00 00 00 ff 00 00 00 00 00 00 00 00 01 00 00
           … repeated 3×
 13028 ms  64 B  05 04 00 b9 21 79 28 40 00 71 00 00 ff 00 00 00 00 00 00 00 00 00 ff 00 00 00 00 00 00 00 00 00 ff 00 00 00 00 00 00 00 00 00 ff 00 00 00 00 00 00 00 00 00 ff 00 00 00 00 00 00 00 00 01 00 00
switched back to normal mode (time is up)
2233 packets in 15.4 s; by report id: 5 → 2233
